mutation_id	TCGA-44-6146	TCGA-44-6146_std	cluster_id
TCGA-44-6146:10:11504482:C	0.970928201613	0.0321574544425	2
TCGA-44-6146:10:28900789:C	0.975006544944	0.0217718786614	2
TCGA-44-6146:10:73047492:C	0.973112154866	0.0266985891483	2
TCGA-44-6146:11:132016192:C	0.957500740017	0.0718173514147	2
TCGA-44-6146:12:21926414:G	0.968827791138	0.0392127392254	2
TCGA-44-6146:12:53564229:G	0.969420808029	0.0368724674248	2
TCGA-44-6146:12:56822747:G	0.962464352184	0.0534217470445	2
TCGA-44-6146:13:46357677:C	0.972258843019	0.0293358306783	2
TCGA-44-6146:13:95131260:C	0.952452160648	0.0795496442741	2
TCGA-44-6146:14:19857036:A	0.187430929523	0.0425727297856	1
TCGA-44-6146:15:27772631:C	0.970719667401	0.0319777730242	2
TCGA-44-6146:17:20224794:A	0.19538542163	0.0461539803954	1
TCGA-44-6146:17:72846417:G	0.971711779488	0.0293777327347	2
TCGA-44-6146:18:6958505:G	0.196365603897	0.0466705436554	1
TCGA-44-6146:19:5661591:G	0.965362258411	0.0492147687331	2
TCGA-44-6146:1:176998839:T	0.971068045509	0.0330457832419	2
TCGA-44-6146:1:231885726:A	0.971060698471	0.0313783185448	2
TCGA-44-6146:1:237754106:C	0.97097032347	0.0311976758783	2
TCGA-44-6146:1:36212562:A	0.965876821597	0.0433763220405	2
TCGA-44-6146:20:3278717:G	0.972534237987	0.0271808805285	2
TCGA-44-6146:2:100079005:G	0.971924598093	0.0285847708343	2
TCGA-44-6146:2:130738393:C	0.20166791172	0.0499836650489	1
TCGA-44-6146:2:232390132:G	0.969625566963	0.0366495453935	2
TCGA-44-6146:2:8926114:G	0.972511822864	0.0275904391947	2
TCGA-44-6146:3:188477903:C	0.940269188558	0.112210424902	2
TCGA-44-6146:5:26903857:G	0.957904053097	0.0558718931284	2
TCGA-44-6146:5:94991871:G	0.976061255	0.0199184805101	2
TCGA-44-6146:6:43266308:G	0.954953682453	0.0799844684883	2
TCGA-44-6146:6:91260267:T	0.961809231066	0.0539163891105	2
TCGA-44-6146:8:110588223:G	0.930839708997	0.122516185034	2
TCGA-44-6146:9:5765734:G	0.204367180446	0.0477604304288	1
TCGA-44-6146:9:66499793:G	0.20659179027	0.0567687135072	1
