mutation_id	ref_counts	var_counts	normal_cn	minor_cn	major_cn	variant_case	variant_freq
TCGA-A8-A09V:1:207793390:C	322	108	2	1	3	TCGA-A8-A09V	0.251162790697674
TCGA-A8-A09V:2:223436667:G	82	64	2	1	1	TCGA-A8-A09V	0.438356164383562
TCGA-A8-A09V:1:240370946:C	55	19	2	1	3	TCGA-A8-A09V	0.256756756756757
TCGA-A8-A09V:19:9018133:C	291	238	2	1	1	TCGA-A8-A09V	0.449905482041588
TCGA-A8-A09V:19:47543707:G	22	11	2	1	1	TCGA-A8-A09V	0.333333333333333
TCGA-A8-A09V:1:159410003:G	221	74	2	1	3	TCGA-A8-A09V	0.250847457627119
TCGA-A8-A09V:1:17575713:G	107	82	2	1	1	TCGA-A8-A09V	0.433862433862434
TCGA-A8-A09V:6:33258127:A	179	152	2	1	1	TCGA-A8-A09V	0.459214501510574
TCGA-A8-A09V:1:3347638:G	23	14	2	1	1	TCGA-A8-A09V	0.378378378378378
TCGA-A8-A09V:10:104489151:G	30	24	2	1	1	TCGA-A8-A09V	0.444444444444444
TCGA-A8-A09V:13:61013901:C	100	61	2	1	1	TCGA-A8-A09V	0.37888198757764
TCGA-A8-A09V:20:2730518:T	30	5	2	1	1	TCGA-A8-A09V	0.142857142857143
TCGA-A8-A09V:3:195452668:C	88	13	2	1	1	TCGA-A8-A09V	0.128712871287129
TCGA-A8-A09V:3:195515141:A	330	47	2	1	1	TCGA-A8-A09V	0.124668435013263
TCGA-A8-A09V:12:123950441:C	182	31	2	1	1	TCGA-A8-A09V	0.145539906103286
