mutation_id	ref_counts	var_counts	normal_cn	minor_cn	major_cn	variant_case	variant_freq
TCGA-BH-A18K:17:42255078:A	133	33	2	1	2	TCGA-BH-A18K	0.198795180722892
TCGA-BH-A18K:3:62535703:A	69	22	2	1	2	TCGA-BH-A18K	0.241758241758242
TCGA-BH-A18K:8:87568396:A	181	134	2	1	2	TCGA-BH-A18K	0.425396825396825
TCGA-BH-A18K:12:39087515:G	331	64	2	2	2	TCGA-BH-A18K	0.162025316455696
TCGA-BH-A18K:3:56716828:G	44	13	2	1	2	TCGA-BH-A18K	0.228070175438596
TCGA-BH-A18K:17:34937779:C	182	56	2	1	2	TCGA-BH-A18K	0.235294117647059
TCGA-BH-A18K:6:26092916:C	177	106	2	2	2	TCGA-BH-A18K	0.374558303886926
TCGA-BH-A18K:1:21097424:T	260	118	2	0	2	TCGA-BH-A18K	0.312169312169312
TCGA-BH-A18K:1:145539030:C	190	77	2	2	4	TCGA-BH-A18K	0.288389513108614
TCGA-BH-A18K:11:46896381:T	62	55	2	1	2	TCGA-BH-A18K	0.47008547008547
TCGA-BH-A18K:17:18065989:T	34	13	2	1	2	TCGA-BH-A18K	0.276595744680851
TCGA-BH-A18K:5:140176351:C	121	19	2	2	2	TCGA-BH-A18K	0.135714285714286
TCGA-BH-A18K:2:219492900:C	152	67	2	1	1	TCGA-BH-A18K	0.305936073059361
TCGA-BH-A18K:3:73096423:G	190	54	2	1	2	TCGA-BH-A18K	0.221311475409836
TCGA-BH-A18K:1:21928254:G	57	21	2	0	2	TCGA-BH-A18K	0.269230769230769
TCGA-BH-A18K:16:30977152:T	96	32	2	2	2	TCGA-BH-A18K	0.25
TCGA-BH-A18K:11:62996780:G	134	124	2	1	2	TCGA-BH-A18K	0.48062015503876
TCGA-BH-A18K:1:158644209:G	270	46	2	2	4	TCGA-BH-A18K	0.145569620253165
TCGA-BH-A18K:20:43992225:G	24	7	2	2	2	TCGA-BH-A18K	0.225806451612903
TCGA-BH-A18K:1:201924671:G	377	144	2	2	5	TCGA-BH-A18K	0.276391554702495
TCGA-BH-A18K:3:133337228:C	130	34	2	1	2	TCGA-BH-A18K	0.207317073170732
TCGA-BH-A18K:7:12401033:C	140	75	2	2	2	TCGA-BH-A18K	0.348837209302326
TCGA-BH-A18K:19:53611669:T	295	702	2	2	9	TCGA-BH-A18K	0.704112337011033
TCGA-BH-A18K:19:20229605:A	107	47	2	1	2	TCGA-BH-A18K	0.305194805194805
TCGA-BH-A18K:4:53610409:C	320	53	2	1	2	TCGA-BH-A18K	0.142091152815013
TCGA-BH-A18K:3:37356982:G	295	59	2	1	2	TCGA-BH-A18K	0.166666666666667
TCGA-BH-A18K:6:117710620:G	133	19	2	0	3	TCGA-BH-A18K	0.125
TCGA-BH-A18K:1:84408343:C	40	6	2	0	2	TCGA-BH-A18K	0.130434782608696
TCGA-BH-A18K:11:88911241:C	95	15	2	1	2	TCGA-BH-A18K	0.136363636363636
TCGA-BH-A18K:19:37904255:C	328	70	2	1	1	TCGA-BH-A18K	0.175879396984925
