mutation_id	ref_counts	var_counts	normal_cn	minor_cn	major_cn	variant_case	variant_freq
TCGA-BH-A0DG:1:222843570:G	353	59	2	1	3	TCGA-BH-A0DG	0.143203883495146
TCGA-BH-A0DG:19:6697369:A	50	13	2	1	1	TCGA-BH-A0DG	0.206349206349206
TCGA-BH-A0DG:1:152382164:G	261	46	2	1	3	TCGA-BH-A0DG	0.149837133550489
TCGA-BH-A0DG:5:156760407:G	226	69	2	1	1	TCGA-BH-A0DG	0.233898305084746
TCGA-BH-A0DG:1:172277938:G	111	62	2	1	3	TCGA-BH-A0DG	0.358381502890173
TCGA-BH-A0DG:9:131038206:G	37	17	2	1	1	TCGA-BH-A0DG	0.314814814814815
TCGA-BH-A0DG:1:44126037:A	242	61	2	1	1	TCGA-BH-A0DG	0.201320132013201
TCGA-BH-A0DG:11:86382866:C	40	13	2	1	4	TCGA-BH-A0DG	0.245283018867925
TCGA-BH-A0DG:6:51512917:C	116	33	2	1	1	TCGA-BH-A0DG	0.221476510067114
TCGA-BH-A0DG:12:133249314:C	249	64	2	1	1	TCGA-BH-A0DG	0.204472843450479
TCGA-BH-A0DG:1:6272428:C	22	8	2	0	1	TCGA-BH-A0DG	0.266666666666667
TCGA-BH-A0DG:19:7704692:A	162	39	2	1	1	TCGA-BH-A0DG	0.194029850746269
TCGA-BH-A0DG:11:1954967:G	53	13	2	1	1	TCGA-BH-A0DG	0.196969696969697
TCGA-BH-A0DG:18:743380:C	84	46	2	0	1	TCGA-BH-A0DG	0.353846153846154
TCGA-BH-A0DG:12:105521054:C	177	30	2	1	1	TCGA-BH-A0DG	0.144927536231884
TCGA-BH-A0DG:21:31655201:G	50	8	2	1	1	TCGA-BH-A0DG	0.137931034482759
TCGA-BH-A0DG:10:102108102:G	182	30	2	1	1	TCGA-BH-A0DG	0.141509433962264
TCGA-BH-A0DG:19:51207386:G	207	49	2	1	1	TCGA-BH-A0DG	0.19140625
TCGA-BH-A0DG:5:6663054:T	377	88	2	1	1	TCGA-BH-A0DG	0.189247311827957
TCGA-BH-A0DG:2:207175935:C	96	17	2	1	1	TCGA-BH-A0DG	0.150442477876106
