mutation_id	ref_counts	var_counts	normal_cn	minor_cn	major_cn	variant_case	variant_freq
TCGA-A8-A08G:12:9251298:G	32	12	2	2	2	TCGA-A8-A08G	0.272727272727273
TCGA-A8-A08G:1:240071679:C	50	74	2	2	5	TCGA-A8-A08G	0.596774193548387
TCGA-A8-A08G:17:36091721:T	58	38	2	2	2	TCGA-A8-A08G	0.395833333333333
TCGA-A8-A08G:7:23212573:T	153	113	2	2	3	TCGA-A8-A08G	0.424812030075188
TCGA-A8-A08G:11:66204842:C	46	95	2	0	2	TCGA-A8-A08G	0.673758865248227
TCGA-A8-A08G:1:158449837:T	904	137	2	2	4	TCGA-A8-A08G	0.131604226705091
TCGA-A8-A08G:10:96014009:G	129	138	2	1	2	TCGA-A8-A08G	0.51685393258427
TCGA-A8-A08G:20:43837007:C	392	66	2	1	5	TCGA-A8-A08G	0.14410480349345
TCGA-A8-A08G:17:20156817:G	61	16	2	1	2	TCGA-A8-A08G	0.207792207792208
TCGA-A8-A08G:13:41656885:A	142	100	2	2	2	TCGA-A8-A08G	0.413223140495868
TCGA-A8-A08G:12:77199202:C	33	7	2	2	2	TCGA-A8-A08G	0.175
TCGA-A8-A08G:5:178392799:A	385	90	2	2	2	TCGA-A8-A08G	0.189473684210526
TCGA-A8-A08G:20:52645062:A	586	68	2	1	5	TCGA-A8-A08G	0.103975535168196
TCGA-A8-A08G:1:43108213:G	442	118	2	1	2	TCGA-A8-A08G	0.210714285714286
TCGA-A8-A08G:2:169938396:G	175	27	2	1	2	TCGA-A8-A08G	0.133663366336634
TCGA-A8-A08G:6:38840839:C	245	49	2	1	1	TCGA-A8-A08G	0.166666666666667
TCGA-A8-A08G:15:44166630:G	112	15	2	1	2	TCGA-A8-A08G	0.118110236220472
TCGA-A8-A08G:6:102337592:G	245	56	2	1	2	TCGA-A8-A08G	0.186046511627907
TCGA-A8-A08G:14:107131232:C	416	141	2	1	1	TCGA-A8-A08G	0.253141831238779
TCGA-A8-A08G:8:73848282:G	230	131	2	2	2	TCGA-A8-A08G	0.362880886426593
TCGA-A8-A08G:19:56549506:G	164	53	2	1	1	TCGA-A8-A08G	0.244239631336406
TCGA-A8-A08G:2:50149131:T	204	27	2	1	2	TCGA-A8-A08G	0.116883116883117
TCGA-A8-A08G:6:43488439:C	101	31	2	1	1	TCGA-A8-A08G	0.234848484848485
TCGA-A8-A08G:15:55972757:T	241	102	2	1	1	TCGA-A8-A08G	0.297376093294461
TCGA-A8-A08G:6:17292294:G	52	10	2	1	1	TCGA-A8-A08G	0.161290322580645
TCGA-A8-A08G:19:39008172:C	25	6	2	1	1	TCGA-A8-A08G	0.193548387096774
TCGA-A8-A08G:19:51918504:C	49	16	2	1	1	TCGA-A8-A08G	0.246153846153846
