mutation_id	ref_counts	var_counts	normal_cn	minor_cn	major_cn	variant_case	variant_freq
TCGA-CR-6488:1:40703344:G	55	12	2	1	2	TCGA-CR-6488	0.17910447761194
TCGA-CR-6488:1:186072800:G	30	7	2	1	2	TCGA-CR-6488	0.189189189189189
TCGA-CR-6488:10:102296171:C	104	22	2	1	2	TCGA-CR-6488	0.174603174603175
TCGA-CR-6488:11:3427845:C	26	7	2	1	1	TCGA-CR-6488	0.212121212121212
TCGA-CR-6488:11:7689764:C	104	27	2	1	1	TCGA-CR-6488	0.206106870229008
TCGA-CR-6488:11:64508502:C	35	9	2	2	5	TCGA-CR-6488	0.204545454545455
TCGA-CR-6488:11:92616488:T	23	8	2	0	2	TCGA-CR-6488	0.258064516129032
TCGA-CR-6488:12:10584759:C	26	11	2	2	3	TCGA-CR-6488	0.297297297297297
TCGA-CR-6488:12:14923918:G	52	32	2	2	3	TCGA-CR-6488	0.380952380952381
TCGA-CR-6488:14:20249043:G	268	21	2	2	4	TCGA-CR-6488	0.0726643598615917
TCGA-CR-6488:16:29891363:G	29	10	2	1	2	TCGA-CR-6488	0.256410256410256
TCGA-CR-6488:17:36963178:G	57	13	2	1	2	TCGA-CR-6488	0.185714285714286
TCGA-CR-6488:17:42430078:G	62	10	2	1	2	TCGA-CR-6488	0.138888888888889
TCGA-CR-6488:18:2923796:T	81	21	2	1	2	TCGA-CR-6488	0.205882352941176
TCGA-CR-6488:19:6004277:T	101	29	2	2	2	TCGA-CR-6488	0.223076923076923
TCGA-CR-6488:2:219755048:C	31	6	2	1	2	TCGA-CR-6488	0.162162162162162
TCGA-CR-6488:20:31626754:C	136	37	2	1	2	TCGA-CR-6488	0.213872832369942
TCGA-CR-6488:20:62680604:A	30	16	2	1	2	TCGA-CR-6488	0.347826086956522
TCGA-CR-6488:22:17578691:C	38	9	2	2	2	TCGA-CR-6488	0.191489361702128
TCGA-CR-6488:22:45601760:G	49	10	2	1	1	TCGA-CR-6488	0.169491525423729
TCGA-CR-6488:3:50145726:C	49	9	2	0	2	TCGA-CR-6488	0.155172413793103
TCGA-CR-6488:4:113353310:C	22	13	2	0	1	TCGA-CR-6488	0.371428571428571
TCGA-CR-6488:4:139966007:A	51	26	2	1	1	TCGA-CR-6488	0.337662337662338
TCGA-CR-6488:5:83402601:G	105	17	2	0	1	TCGA-CR-6488	0.139344262295082
TCGA-CR-6488:5:140741082:C	67	26	2	0	2	TCGA-CR-6488	0.279569892473118
TCGA-CR-6488:5:141316762:G	86	14	2	0	2	TCGA-CR-6488	0.14
TCGA-CR-6488:7:44612540:C	82	38	2	1	2	TCGA-CR-6488	0.316666666666667
TCGA-CR-6488:7:123101543:A	40	7	2	1	1	TCGA-CR-6488	0.148936170212766
TCGA-CR-6488:17:34935802:C	120	7	2	2	2	TCGA-CR-6488	0.0551181102362205
TCGA-CR-6488:17:66883568:G	104	11	2	1	1	TCGA-CR-6488	0.0956521739130435
TCGA-CR-6488:19:19655208:G	118	7	2	2	2	TCGA-CR-6488	0.056
TCGA-CR-6488:2:234590879:C	105	6	2	1	1	TCGA-CR-6488	0.0540540540540541
TCGA-CR-6488:5:7832094:G	156	9	2	2	2	TCGA-CR-6488	0.0545454545454545
TCGA-CR-6488:6:155458480:G	91	5	2	1	1	TCGA-CR-6488	0.0520833333333333
