mutation_id	ref_counts	var_counts	normal_cn	minor_cn	major_cn	variant_case	variant_freq
TCGA-A7-A13H:2:242590740:T	58	12	2	1	1	TCGA-A7-A13H	0.171428571428571
TCGA-A7-A13H:19:5135512:G	55	11	2	1	1	TCGA-A7-A13H	0.166666666666667
TCGA-A7-A13H:9:131467742:G	35	8	2	1	1	TCGA-A7-A13H	0.186046511627907
TCGA-A7-A13H:7:94740610:A	52	14	2	1	1	TCGA-A7-A13H	0.212121212121212
TCGA-A7-A13H:2:44540999:T	49	11	2	1	1	TCGA-A7-A13H	0.183333333333333
TCGA-A7-A13H:17:45822177:G	67	13	2	1	1	TCGA-A7-A13H	0.1625
TCGA-A7-A13H:6:30122026:T	30	13	2	1	1	TCGA-A7-A13H	0.302325581395349
TCGA-A7-A13H:19:41596102:G	65	11	2	1	1	TCGA-A7-A13H	0.144736842105263
