mutation_id	ref_counts	var_counts	normal_cn	minor_cn	major_cn	variant_case	variant_freq
TCGA-A2-A04V:5:56777892:C	44	20	2	1	1	TCGA-A2-A04V	0.3125
TCGA-A2-A04V:16:53190227:T	16	47	2	0	1	TCGA-A2-A04V	0.746031746031746
TCGA-A2-A04V:19:17131150:G	56	27	2	1	1	TCGA-A2-A04V	0.325301204819277
TCGA-A2-A04V:9:98011555:C	29	21	2	1	1	TCGA-A2-A04V	0.42
TCGA-A2-A04V:19:42566998:A	38	30	2	1	1	TCGA-A2-A04V	0.441176470588235
TCGA-A2-A04V:5:41058282:G	68	47	2	1	1	TCGA-A2-A04V	0.408695652173913
TCGA-A2-A04V:11:18158850:C	59	38	2	1	1	TCGA-A2-A04V	0.391752577319588
TCGA-A2-A04V:11:55579499:G	60	35	2	1	1	TCGA-A2-A04V	0.368421052631579
TCGA-A2-A04V:3:178917478:G	43	32	2	1	1	TCGA-A2-A04V	0.426666666666667
TCGA-A2-A04V:14:65266520:C	34	20	2	1	1	TCGA-A2-A04V	0.37037037037037
TCGA-A2-A04V:1:149879682:C	107	77	2	1	1	TCGA-A2-A04V	0.418478260869565
TCGA-A2-A04V:4:16193020:G	43	22	2	1	1	TCGA-A2-A04V	0.338461538461538
TCGA-A2-A04V:9:104238634:G	43	27	2	1	1	TCGA-A2-A04V	0.385714285714286
TCGA-A2-A04V:19:4294613:C	24	9	2	1	1	TCGA-A2-A04V	0.272727272727273
TCGA-A2-A04V:1:154227320:C	132	89	2	1	1	TCGA-A2-A04V	0.402714932126697
TCGA-A2-A04V:6:27805932:C	127	31	2	1	1	TCGA-A2-A04V	0.19620253164557
TCGA-A2-A04V:1:35936468:G	121	17	2	1	1	TCGA-A2-A04V	0.123188405797101
TCGA-A2-A04V:8:41166156:T	34	6	2	1	1	TCGA-A2-A04V	0.15
TCGA-A2-A04V:8:125463552:T	69	13	2	1	2	TCGA-A2-A04V	0.158536585365854
