mutation_id	ref_counts	var_counts	normal_cn	minor_cn	major_cn	variant_case	variant_freq
TCGA-B6-A0WY:14:70714300:A	160	31	2	0	2	TCGA-B6-A0WY	0.162303664921466
TCGA-B6-A0WY:12:48110712:G	288	36	2	2	2	TCGA-B6-A0WY	0.111111111111111
TCGA-B6-A0WY:15:48766481:C	162	29	2	0	2	TCGA-B6-A0WY	0.151832460732984
TCGA-B6-A0WY:15:28389261:G	60	15	2	0	1	TCGA-B6-A0WY	0.2
TCGA-B6-A0WY:9:5922013:G	152	53	2	0	2	TCGA-B6-A0WY	0.258536585365854
TCGA-B6-A0WY:19:36220093:G	98	28	2	0	3	TCGA-B6-A0WY	0.222222222222222
TCGA-B6-A0WY:3:49726070:G	45	14	2	0	2	TCGA-B6-A0WY	0.23728813559322
TCGA-B6-A0WY:17:16049835:G	179	71	2	0	2	TCGA-B6-A0WY	0.284
TCGA-B6-A0WY:10:115370292:G	192	24	2	1	2	TCGA-B6-A0WY	0.111111111111111
TCGA-B6-A0WY:1:248436504:G	128	19	2	1	2	TCGA-B6-A0WY	0.129251700680272
TCGA-B6-A0WY:16:32893876:T	40	26	2	1	2	TCGA-B6-A0WY	0.393939393939394
TCGA-B6-A0WY:16:75690148:G	89	24	2	1	2	TCGA-B6-A0WY	0.212389380530973
TCGA-B6-A0WY:13:96555290:C	82	31	2	0	3	TCGA-B6-A0WY	0.274336283185841
TCGA-B6-A0WY:12:15068440:G	171	34	2	2	2	TCGA-B6-A0WY	0.165853658536585
