mutation_id	ref_counts	var_counts	normal_cn	minor_cn	major_cn	variant_case	variant_freq
TCGA-E9-A229:20:55021046:G	42	82	2	1	3	TCGA-E9-A229	0.661290322580645
TCGA-E9-A229:5:98240749:G	52	28	2	1	1	TCGA-E9-A229	0.35
TCGA-E9-A229:11:61120579:G	23	10	2	1	1	TCGA-E9-A229	0.303030303030303
TCGA-E9-A229:17:7496417:C	22	10	2	0	1	TCGA-E9-A229	0.3125
TCGA-E9-A229:14:39584053:C	114	52	2	1	1	TCGA-E9-A229	0.313253012048193
TCGA-E9-A229:2:37306265:T	54	20	2	1	1	TCGA-E9-A229	0.27027027027027
TCGA-E9-A229:11:124794753:G	21	11	2	0	1	TCGA-E9-A229	0.34375
TCGA-E9-A229:1:45974548:G	60	20	2	1	1	TCGA-E9-A229	0.25
TCGA-E9-A229:11:3803284:T	57	24	2	1	1	TCGA-E9-A229	0.296296296296296
TCGA-E9-A229:4:128804491:G	41	22	2	1	1	TCGA-E9-A229	0.349206349206349
TCGA-E9-A229:9:136531950:G	29	11	2	1	1	TCGA-E9-A229	0.275
TCGA-E9-A229:1:158583566:C	45	18	2	1	2	TCGA-E9-A229	0.285714285714286
TCGA-E9-A229:16:11362818:C	149	64	2	1	1	TCGA-E9-A229	0.300469483568075
TCGA-E9-A229:16:19556523:C	63	18	2	1	1	TCGA-E9-A229	0.222222222222222
TCGA-E9-A229:2:179213982:G	108	32	2	1	1	TCGA-E9-A229	0.228571428571429
TCGA-E9-A229:3:178952085:A	46	9	2	1	1	TCGA-E9-A229	0.163636363636364
TCGA-E9-A229:18:43579418:G	111	35	2	1	1	TCGA-E9-A229	0.23972602739726
TCGA-E9-A229:11:63525654:C	51	11	2	1	1	TCGA-E9-A229	0.17741935483871
