mutation_id	ref_counts	var_counts	normal_cn	minor_cn	major_cn	variant_case	variant_freq
TCGA-05-5429:1:36932904:T	67	54	2	1	1	TCGA-05-5429	0.446280991735537
TCGA-05-5429:1:196706690:G	18	14	2	1	1	TCGA-05-5429	0.4375
TCGA-05-5429:1:248039632:C	122	87	2	1	1	TCGA-05-5429	0.416267942583732
TCGA-05-5429:11:44297153:C	52	34	2	1	1	TCGA-05-5429	0.395348837209302
TCGA-05-5429:12:102569349:G	37	23	2	1	1	TCGA-05-5429	0.383333333333333
TCGA-05-5429:12:124840077:G	19	12	2	1	1	TCGA-05-5429	0.387096774193548
TCGA-05-5429:14:95932465:G	41	32	2	0	1	TCGA-05-5429	0.438356164383562
TCGA-05-5429:16:47549445:C	26	9	2	1	1	TCGA-05-5429	0.257142857142857
TCGA-05-5429:17:79687107:A	27	7	2	1	1	TCGA-05-5429	0.205882352941176
TCGA-05-5429:18:48604655:G	19	11	2	0	1	TCGA-05-5429	0.366666666666667
TCGA-05-5429:19:38951104:G	69	22	2	1	1	TCGA-05-5429	0.241758241758242
TCGA-05-5429:19:52249869:C	35	15	2	1	1	TCGA-05-5429	0.3
TCGA-05-5429:2:69173459:T	63	27	2	1	1	TCGA-05-5429	0.3
TCGA-05-5429:2:119752091:G	44	13	2	1	1	TCGA-05-5429	0.228070175438596
TCGA-05-5429:7:121651781:G	30	16	2	1	1	TCGA-05-5429	0.347826086956522
TCGA-05-5429:10:37430990:G	33	14	2	0	1	TCGA-05-5429	0.297872340425532
TCGA-05-5429:10:87487669:G	53	23	2	0	1	TCGA-05-5429	0.302631578947368
TCGA-05-5429:10:87487760:C	100	11	2	0	1	TCGA-05-5429	0.0990990990990991
TCGA-05-5429:11:34153690:T	298	52	2	1	1	TCGA-05-5429	0.148571428571429
TCGA-05-5429:11:34668230:C	107	26	2	1	1	TCGA-05-5429	0.195488721804511
TCGA-05-5429:12:7526177:C	135	20	2	1	1	TCGA-05-5429	0.129032258064516
TCGA-05-5429:14:106320511:G	58	7	2	0	1	TCGA-05-5429	0.107692307692308
TCGA-05-5429:17:74921106:G	62	15	2	1	1	TCGA-05-5429	0.194805194805195
TCGA-05-5429:19:1270962:T	140	13	2	1	1	TCGA-05-5429	0.0849673202614379
TCGA-05-5429:20:5283319:G	76	5	2	1	1	TCGA-05-5429	0.0617283950617284
TCGA-05-5429:20:60889674:G	47	10	2	1	1	TCGA-05-5429	0.175438596491228
TCGA-05-5429:4:110914495:C	64	17	2	0	1	TCGA-05-5429	0.209876543209877
TCGA-05-5429:5:140503027:G	61	16	2	1	1	TCGA-05-5429	0.207792207792208
TCGA-05-5429:5:140723793:C	113	7	2	1	1	TCGA-05-5429	0.0583333333333333
TCGA-05-5429:7:114282647:C	74	8	2	1	1	TCGA-05-5429	0.0975609756097561
TCGA-05-5429:7:123594255:C	69	8	2	1	1	TCGA-05-5429	0.103896103896104
TCGA-05-5429:9:66499770:G	69	7	2	1	1	TCGA-05-5429	0.0921052631578947
TCGA-05-5429:9:130027251:G	122	20	2	1	1	TCGA-05-5429	0.140845070422535
