mutation_id	ref_counts	var_counts	normal_cn	minor_cn	major_cn	variant_case	variant_freq
TCGA-BH-A0B7:19:8651269:T	36	9	2	1	1	TCGA-BH-A0B7	0.2
TCGA-BH-A0B7:7:71743768:G	79	12	2	1	1	TCGA-BH-A0B7	0.131868131868132
TCGA-BH-A0B7:9:90582257:T	36	6	2	0	1	TCGA-BH-A0B7	0.142857142857143
TCGA-BH-A0B7:10:105796340:G	37	6	2	1	1	TCGA-BH-A0B7	0.13953488372093
TCGA-BH-A0B7:1:152191571:C	194	30	2	1	2	TCGA-BH-A0B7	0.133928571428571
TCGA-BH-A0B7:3:151161292:G	73	11	2	1	1	TCGA-BH-A0B7	0.130952380952381
TCGA-BH-A0B7:5:140810665:A	56	14	2	1	2	TCGA-BH-A0B7	0.2
TCGA-BH-A0B7:1:64624790:C	209	25	2	1	1	TCGA-BH-A0B7	0.106837606837607
TCGA-BH-A0B7:13:23910597:C	116	18	2	0	1	TCGA-BH-A0B7	0.134328358208955
TCGA-BH-A0B7:18:52928746:G	57	9	2	1	1	TCGA-BH-A0B7	0.136363636363636
TCGA-BH-A0B7:17:7578290:C	95	44	2	0	1	TCGA-BH-A0B7	0.316546762589928
TCGA-BH-A0B7:7:65705728:C	120	22	2	1	1	TCGA-BH-A0B7	0.154929577464789
TCGA-BH-A0B7:17:505056:C	315	43	2	0	1	TCGA-BH-A0B7	0.120111731843575
