mutation_id	ref_counts	var_counts	normal_cn	minor_cn	major_cn	variant_case	variant_freq
TCGA-AR-A1AU:1:23847527:C	47	23	2	1	1	TCGA-AR-A1AU	0.328571428571429
TCGA-AR-A1AU:17:7217447:G	112	66	2	0	1	TCGA-AR-A1AU	0.370786516853933
TCGA-AR-A1AU:17:18145296:C	28	16	2	0	1	TCGA-AR-A1AU	0.363636363636364
TCGA-AR-A1AU:6:168289974:T	112	45	2	0	1	TCGA-AR-A1AU	0.286624203821656
TCGA-AR-A1AU:1:24390618:G	86	38	2	1	1	TCGA-AR-A1AU	0.306451612903226
TCGA-AR-A1AU:10:105200238:A	179	51	2	1	1	TCGA-AR-A1AU	0.221739130434783
TCGA-AR-A1AU:16:71976599:C	81	21	2	1	1	TCGA-AR-A1AU	0.205882352941176
TCGA-AR-A1AU:10:92656100:C	135	30	2	1	1	TCGA-AR-A1AU	0.181818181818182
TCGA-AR-A1AU:11:793561:G	82	15	2	1	2	TCGA-AR-A1AU	0.154639175257732
TCGA-AR-A1AU:3:111901058:G	69	23	2	0	2	TCGA-AR-A1AU	0.25
TCGA-AR-A1AU:15:22866738:G	135	44	2	1	1	TCGA-AR-A1AU	0.245810055865922
TCGA-AR-A1AU:17:33504550:G	32	6	2	1	1	TCGA-AR-A1AU	0.157894736842105
TCGA-AR-A1AU:3:55107522:T	90	16	2	0	2	TCGA-AR-A1AU	0.150943396226415
