mutation_id	ref_counts	var_counts	normal_cn	minor_cn	major_cn	variant_case	variant_freq
TCGA-B6-A0RO:9:17486986:G	88	26	2	1	1	TCGA-B6-A0RO	0.228070175438596
TCGA-B6-A0RO:13:114138226:G	61	11	2	2	2	TCGA-B6-A0RO	0.152777777777778
TCGA-B6-A0RO:11:61093120:C	101	65	2	0	3	TCGA-B6-A0RO	0.391566265060241
TCGA-B6-A0RO:19:35999142:C	118	43	2	1	2	TCGA-B6-A0RO	0.267080745341615
TCGA-B6-A0RO:12:132498069:C	60	31	2	2	2	TCGA-B6-A0RO	0.340659340659341
TCGA-B6-A0RO:1:15708607:C	35	55	2	0	3	TCGA-B6-A0RO	0.611111111111111
TCGA-B6-A0RO:8:102570699:C	99	38	2	1	2	TCGA-B6-A0RO	0.277372262773723
TCGA-B6-A0RO:9:115167969:G	85	26	2	1	1	TCGA-B6-A0RO	0.234234234234234
TCGA-B6-A0RO:4:25005663:G	135	37	2	1	2	TCGA-B6-A0RO	0.215116279069767
TCGA-B6-A0RO:5:157178496:T	73	48	2	1	2	TCGA-B6-A0RO	0.396694214876033
TCGA-B6-A0RO:17:15983302:T	159	40	2	1	2	TCGA-B6-A0RO	0.201005025125628
TCGA-B6-A0RO:1:247695646:G	104	109	2	1	3	TCGA-B6-A0RO	0.511737089201878
TCGA-B6-A0RO:11:55136222:G	218	49	2	0	3	TCGA-B6-A0RO	0.183520599250936
TCGA-B6-A0RO:11:59245446:C	59	50	2	1	2	TCGA-B6-A0RO	0.458715596330275
TCGA-B6-A0RO:3:152554206:G	136	34	2	1	2	TCGA-B6-A0RO	0.2
TCGA-B6-A0RO:12:47629963:T	93	17	2	2	2	TCGA-B6-A0RO	0.154545454545455
TCGA-B6-A0RO:3:178936074:C	98	75	2	1	2	TCGA-B6-A0RO	0.433526011560694
TCGA-B6-A0RO:3:178952085:A	60	25	2	1	2	TCGA-B6-A0RO	0.294117647058824
TCGA-B6-A0RO:5:167927622:G	113	63	2	1	2	TCGA-B6-A0RO	0.357954545454545
TCGA-B6-A0RO:6:49580246:A	35	25	2	2	2	TCGA-B6-A0RO	0.416666666666667
TCGA-B6-A0RO:13:51922387:C	134	28	2	2	2	TCGA-B6-A0RO	0.172839506172839
TCGA-B6-A0RO:10:106974227:C	83	18	2	2	2	TCGA-B6-A0RO	0.178217821782178
TCGA-B6-A0RO:1:16257012:T	37	86	2	0	3	TCGA-B6-A0RO	0.699186991869919
TCGA-B6-A0RO:6:44241139:C	53	13	2	2	2	TCGA-B6-A0RO	0.196969696969697
TCGA-B6-A0RO:2:179585182:G	160	52	2	1	2	TCGA-B6-A0RO	0.245283018867925
TCGA-B6-A0RO:2:181925537:C	164	41	2	1	2	TCGA-B6-A0RO	0.2
TCGA-B6-A0RO:14:69520662:T	124	44	2	2	2	TCGA-B6-A0RO	0.261904761904762
TCGA-B6-A0RO:19:40368619:G	241	32	2	1	2	TCGA-B6-A0RO	0.117216117216117
TCGA-B6-A0RO:14:101532265:T	113	42	2	2	2	TCGA-B6-A0RO	0.270967741935484
