mutation_id	ref_counts	var_counts	normal_cn	minor_cn	major_cn	variant_case	variant_freq
TCGA-E9-A1NG:17:61562349:A	94	14	2	1	1	TCGA-E9-A1NG	0.12962962962963
TCGA-E9-A1NG:3:112358410:G	42	6	2	1	1	TCGA-E9-A1NG	0.125
TCGA-E9-A1NG:20:34057761:G	63	10	2	1	1	TCGA-E9-A1NG	0.136986301369863
TCGA-E9-A1NG:12:6697097:G	53	11	2	1	1	TCGA-E9-A1NG	0.171875
TCGA-E9-A1NG:1:86942163:C	108	22	2	1	1	TCGA-E9-A1NG	0.169230769230769
TCGA-E9-A1NG:2:166535936:C	41	7	2	1	1	TCGA-E9-A1NG	0.145833333333333
TCGA-E9-A1NG:17:28417634:G	98	20	2	1	1	TCGA-E9-A1NG	0.169491525423729
TCGA-E9-A1NG:16:85701854:A	82	21	2	0	1	TCGA-E9-A1NG	0.203883495145631
TCGA-E9-A1NG:8:28989832:G	83	12	2	1	1	TCGA-E9-A1NG	0.126315789473684
TCGA-E9-A1NG:12:25398284:C	139	24	2	1	1	TCGA-E9-A1NG	0.147239263803681
TCGA-E9-A1NG:3:178936091:G	88	16	2	1	1	TCGA-E9-A1NG	0.153846153846154
TCGA-E9-A1NG:12:122242717:G	22	8	2	1	1	TCGA-E9-A1NG	0.266666666666667
TCGA-E9-A1NG:1:95311008:C	98	24	2	1	1	TCGA-E9-A1NG	0.19672131147541
TCGA-E9-A1NG:1:158584095:C	46	9	2	1	1	TCGA-E9-A1NG	0.163636363636364
TCGA-E9-A1NG:1:55637338:T	61	11	2	1	1	TCGA-E9-A1NG	0.152777777777778
TCGA-E9-A1NG:7:146536957:G	70	9	2	1	1	TCGA-E9-A1NG	0.113924050632911
