mutation_id	ref_counts	var_counts	normal_cn	minor_cn	major_cn	variant_case	variant_freq
TCGA-E2-A15C:7:38431426:G	42	18	2	1	1	TCGA-E2-A15C	0.3
TCGA-E2-A15C:2:208442363:C	182	98	2	1	1	TCGA-E2-A15C	0.35
TCGA-E2-A15C:12:49228171:G	275	130	2	1	1	TCGA-E2-A15C	0.320987654320988
TCGA-E2-A15C:3:126062602:G	27	15	2	1	1	TCGA-E2-A15C	0.357142857142857
TCGA-E2-A15C:19:1585064:T	88	37	2	1	1	TCGA-E2-A15C	0.296
TCGA-E2-A15C:15:66257398:G	35	20	2	1	1	TCGA-E2-A15C	0.363636363636364
TCGA-E2-A15C:4:90833166:G	163	81	2	1	1	TCGA-E2-A15C	0.331967213114754
TCGA-E2-A15C:11:7817592:C	189	72	2	1	1	TCGA-E2-A15C	0.275862068965517
TCGA-E2-A15C:1:249210807:C	123	76	2	1	1	TCGA-E2-A15C	0.381909547738693
TCGA-E2-A15C:3:178952085:A	164	120	2	1	1	TCGA-E2-A15C	0.422535211267606
TCGA-E2-A15C:15:90213364:C	59	25	2	1	1	TCGA-E2-A15C	0.297619047619048
TCGA-E2-A15C:11:67200919:G	58	32	2	1	1	TCGA-E2-A15C	0.355555555555556
TCGA-E2-A15C:11:64981401:C	24	16	2	1	1	TCGA-E2-A15C	0.4
TCGA-E2-A15C:19:11129678:C	229	115	2	1	1	TCGA-E2-A15C	0.334302325581395
TCGA-E2-A15C:9:131860626:G	117	13	2	1	1	TCGA-E2-A15C	0.1
TCGA-E2-A15C:2:71894557:C	44	5	2	1	1	TCGA-E2-A15C	0.102040816326531
TCGA-E2-A15C:6:74190485:G	349	63	2	1	1	TCGA-E2-A15C	0.152912621359223
TCGA-E2-A15C:5:140573470:C	118	37	2	1	1	TCGA-E2-A15C	0.238709677419355
TCGA-E2-A15C:9:8341168:G	294	104	2	1	1	TCGA-E2-A15C	0.261306532663317
