mutation_id	ref_counts	var_counts	normal_cn	minor_cn	major_cn	variant_case	variant_freq
TCGA-B6-A0X0:2:47403600:T	41	28	2	1	1	TCGA-B6-A0X0	0.405797101449275
TCGA-B6-A0X0:5:31294263:C	53	41	2	1	1	TCGA-B6-A0X0	0.436170212765957
TCGA-B6-A0X0:19:8191626:C	21	15	2	1	1	TCGA-B6-A0X0	0.416666666666667
TCGA-B6-A0X0:15:30382467:A	49	23	2	1	1	TCGA-B6-A0X0	0.319444444444444
TCGA-B6-A0X0:17:45367609:A	237	135	2	1	1	TCGA-B6-A0X0	0.362903225806452
TCGA-B6-A0X0:13:46732779:T	157	76	2	1	1	TCGA-B6-A0X0	0.32618025751073
TCGA-B6-A0X0:2:170135997:C	75	37	2	1	1	TCGA-B6-A0X0	0.330357142857143
TCGA-B6-A0X0:17:27445423:T	113	42	2	1	1	TCGA-B6-A0X0	0.270967741935484
TCGA-B6-A0X0:10:69961611:G	42	23	2	1	1	TCGA-B6-A0X0	0.353846153846154
TCGA-B6-A0X0:1:120465265:C	87	51	2	1	1	TCGA-B6-A0X0	0.369565217391304
TCGA-B6-A0X0:20:34519315:A	69	29	2	1	1	TCGA-B6-A0X0	0.295918367346939
TCGA-B6-A0X0:18:12971157:G	117	70	2	1	1	TCGA-B6-A0X0	0.374331550802139
TCGA-B6-A0X0:4:152096472:G	99	55	2	1	1	TCGA-B6-A0X0	0.357142857142857
TCGA-B6-A0X0:2:191922752:G	98	37	2	1	1	TCGA-B6-A0X0	0.274074074074074
TCGA-B6-A0X0:7:88964843:T	24	7	2	1	1	TCGA-B6-A0X0	0.225806451612903
TCGA-B6-A0X0:20:29632643:T	61	10	2	1	1	TCGA-B6-A0X0	0.140845070422535
