mutation_id	ref_counts	var_counts	normal_cn	minor_cn	major_cn	variant_case	variant_freq
TCGA-EW-A1PE:13:32911964:G	25	11	2	2	2	TCGA-EW-A1PE	0.305555555555556
TCGA-EW-A1PE:13:32912065:G	25	8	2	2	2	TCGA-EW-A1PE	0.242424242424242
TCGA-EW-A1PE:20:58559737:A	29	20	2	2	2	TCGA-EW-A1PE	0.408163265306122
TCGA-EW-A1PE:9:35733103:C	48	24	2	2	2	TCGA-EW-A1PE	0.333333333333333
TCGA-EW-A1PE:4:153251936:C	67	37	2	1	2	TCGA-EW-A1PE	0.355769230769231
TCGA-EW-A1PE:5:161576176:G	78	32	2	2	2	TCGA-EW-A1PE	0.290909090909091
TCGA-EW-A1PE:3:97851916:C	15	18	2	2	2	TCGA-EW-A1PE	0.545454545454545
TCGA-EW-A1PE:12:7074852:T	24	14	2	2	2	TCGA-EW-A1PE	0.368421052631579
TCGA-EW-A1PE:3:178936094:C	25	15	2	2	2	TCGA-EW-A1PE	0.375
TCGA-EW-A1PE:3:178952018:A	26	15	2	2	2	TCGA-EW-A1PE	0.365853658536585
TCGA-EW-A1PE:9:71628862:C	36	15	2	2	2	TCGA-EW-A1PE	0.294117647058824
TCGA-EW-A1PE:5:80338748:G	39	22	2	2	2	TCGA-EW-A1PE	0.360655737704918
TCGA-EW-A1PE:1:180971828:C	56	25	2	1	4	TCGA-EW-A1PE	0.308641975308642
