mutation_id	ref_counts	var_counts	normal_cn	minor_cn	major_cn	variant_case	variant_freq
TCGA-GM-A2DM:1:152190761:T	42	18	2	1	1	TCGA-GM-A2DM	0.3
TCGA-GM-A2DM:2:136567501:C	37	21	2	1	1	TCGA-GM-A2DM	0.362068965517241
TCGA-GM-A2DM:5:138209483:T	59	29	2	1	1	TCGA-GM-A2DM	0.329545454545455
TCGA-GM-A2DM:6:37623624:C	26	18	2	1	1	TCGA-GM-A2DM	0.409090909090909
TCGA-GM-A2DM:1:892292:T	76	32	2	1	1	TCGA-GM-A2DM	0.296296296296296
TCGA-GM-A2DM:15:88420205:C	52	17	2	1	1	TCGA-GM-A2DM	0.246376811594203
TCGA-GM-A2DM:1:228494729:C	26	10	2	1	1	TCGA-GM-A2DM	0.277777777777778
TCGA-GM-A2DM:10:112544591:G	65	40	2	1	1	TCGA-GM-A2DM	0.380952380952381
TCGA-GM-A2DM:2:152276813:A	53	29	2	1	1	TCGA-GM-A2DM	0.353658536585366
TCGA-GM-A2DM:15:54847664:C	38	19	2	1	1	TCGA-GM-A2DM	0.333333333333333
TCGA-GM-A2DM:7:57187569:T	58	46	2	1	1	TCGA-GM-A2DM	0.442307692307692
TCGA-GM-A2DM:16:16139859:G	79	24	2	1	1	TCGA-GM-A2DM	0.233009708737864
TCGA-GM-A2DM:5:112179735:A	44	6	2	1	1	TCGA-GM-A2DM	0.12
TCGA-GM-A2DM:5:93217183:T	107	34	2	1	1	TCGA-GM-A2DM	0.24113475177305
