mutation_id	ref_counts	var_counts	normal_cn	minor_cn	major_cn	variant_case	variant_freq
TCGA-C8-A12Y:12:8975820:C	184	79	2	2	2	TCGA-C8-A12Y	0.300380228136882
TCGA-C8-A12Y:11:64668020:C	28	17	2	2	2	TCGA-C8-A12Y	0.377777777777778
TCGA-C8-A12Y:1:109649198:T	248	123	2	2	2	TCGA-C8-A12Y	0.331536388140162
TCGA-C8-A12Y:5:41149444:C	241	95	2	2	2	TCGA-C8-A12Y	0.282738095238095
TCGA-C8-A12Y:1:181702838:G	43	6	2	4	4	TCGA-C8-A12Y	0.122448979591837
TCGA-C8-A12Y:5:96086348:T	104	62	2	2	2	TCGA-C8-A12Y	0.373493975903614
TCGA-C8-A12Y:1:52820569:C	316	159	2	2	2	TCGA-C8-A12Y	0.334736842105263
TCGA-C8-A12Y:18:28574329:G	111	42	2	2	2	TCGA-C8-A12Y	0.274509803921569
TCGA-C8-A12Y:6:12294560:G	305	141	2	2	2	TCGA-C8-A12Y	0.316143497757848
TCGA-C8-A12Y:13:29005430:G	105	128	2	0	2	TCGA-C8-A12Y	0.549356223175966
TCGA-C8-A12Y:10:49431219:G	143	29	2	2	2	TCGA-C8-A12Y	0.168604651162791
TCGA-C8-A12Y:8:48508402:G	284	127	2	2	2	TCGA-C8-A12Y	0.309002433090024
TCGA-C8-A12Y:3:135870774:T	300	94	2	2	4	TCGA-C8-A12Y	0.238578680203046
TCGA-C8-A12Y:3:178952085:A	163	409	2	2	8	TCGA-C8-A12Y	0.715034965034965
TCGA-C8-A12Y:12:19459905:C	246	62	2	2	2	TCGA-C8-A12Y	0.201298701298701
TCGA-C8-A12Y:2:135848702:T	101	84	2	2	2	TCGA-C8-A12Y	0.454054054054054
TCGA-C8-A12Y:1:220089061:T	158	107	2	4	4	TCGA-C8-A12Y	0.40377358490566
TCGA-C8-A12Y:19:39949691:G	105	16	2	2	2	TCGA-C8-A12Y	0.132231404958678
TCGA-C8-A12Y:8:30705650:C	85	35	2	2	2	TCGA-C8-A12Y	0.291666666666667
TCGA-C8-A12Y:6:50811097:A	35	18	2	2	2	TCGA-C8-A12Y	0.339622641509434
TCGA-C8-A12Y:18:210024:T	343	170	2	2	2	TCGA-C8-A12Y	0.331384015594542
TCGA-C8-A12Y:9:2643403:G	25	10	2	2	2	TCGA-C8-A12Y	0.285714285714286
TCGA-C8-A12Y:20:61835025:G	171	162	2	2	4	TCGA-C8-A12Y	0.486486486486487
TCGA-C8-A12Y:19:57061548:C	236	60	2	2	5	TCGA-C8-A12Y	0.202702702702703
TCGA-C8-A12Y:1:45501826:G	95	56	2	2	2	TCGA-C8-A12Y	0.370860927152318
TCGA-C8-A12Y:11:111740957:G	80	10	2	0	3	TCGA-C8-A12Y	0.111111111111111
TCGA-C8-A12Y:18:33785222:A	260	86	2	2	2	TCGA-C8-A12Y	0.248554913294798
TCGA-C8-A12Y:11:47605938:G	138	47	2	2	2	TCGA-C8-A12Y	0.254054054054054
TCGA-C8-A12Y:15:33873763:G	187	28	2	1	2	TCGA-C8-A12Y	0.130232558139535
