mutation_id	ref_counts	var_counts	normal_cn	minor_cn	major_cn	variant_case	variant_freq
TCGA-BH-A0HB:4:86898785:C	97	42	2	1	1	TCGA-BH-A0HB	0.302158273381295
TCGA-BH-A0HB:5:159686723:C	77	27	2	1	1	TCGA-BH-A0HB	0.259615384615385
TCGA-BH-A0HB:4:85540676:C	111	55	2	1	1	TCGA-BH-A0HB	0.331325301204819
TCGA-BH-A0HB:22:29092948:G	22	27	2	0	1	TCGA-BH-A0HB	0.551020408163265
TCGA-BH-A0HB:1:16376146:G	33	12	2	1	1	TCGA-BH-A0HB	0.266666666666667
TCGA-BH-A0HB:17:28381157:C	63	15	2	1	2	TCGA-BH-A0HB	0.192307692307692
TCGA-BH-A0HB:10:5963220:G	48	30	2	1	1	TCGA-BH-A0HB	0.384615384615385
TCGA-BH-A0HB:15:68582349:A	113	46	2	1	1	TCGA-BH-A0HB	0.289308176100629
TCGA-BH-A0HB:9:21239924:G	116	56	2	1	1	TCGA-BH-A0HB	0.325581395348837
TCGA-BH-A0HB:20:42169439:G	54	14	2	1	2	TCGA-BH-A0HB	0.205882352941176
TCGA-BH-A0HB:4:151412073:T	105	51	2	1	1	TCGA-BH-A0HB	0.326923076923077
TCGA-BH-A0HB:18:7231362:C	255	38	2	1	12	TCGA-BH-A0HB	0.129692832764505
TCGA-BH-A0HB:11:102826428:G	54	41	2	0	1	TCGA-BH-A0HB	0.431578947368421
TCGA-BH-A0HB:1:40363231:G	50	22	2	1	1	TCGA-BH-A0HB	0.305555555555556
TCGA-BH-A0HB:13:25905699:C	29	22	2	0	1	TCGA-BH-A0HB	0.431372549019608
TCGA-BH-A0HB:16:24192242:C	55	24	2	1	1	TCGA-BH-A0HB	0.30379746835443
TCGA-BH-A0HB:2:107459975:G	22	22	2	1	1	TCGA-BH-A0HB	0.5
TCGA-BH-A0HB:9:32634836:C	118	53	2	1	1	TCGA-BH-A0HB	0.309941520467836
TCGA-BH-A0HB:17:56060288:C	26	40	2	0	2	TCGA-BH-A0HB	0.606060606060606
TCGA-BH-A0HB:2:148657378:C	447	182	2	1	1	TCGA-BH-A0HB	0.289348171701113
TCGA-BH-A0HB:4:16504398:C	200	44	2	1	1	TCGA-BH-A0HB	0.180327868852459
TCGA-BH-A0HB:12:59271349:C	67	14	2	1	1	TCGA-BH-A0HB	0.172839506172839
TCGA-BH-A0HB:4:149357669:G	207	80	2	1	1	TCGA-BH-A0HB	0.278745644599303
TCGA-BH-A0HB:1:144879284:G	244	55	2	1	1	TCGA-BH-A0HB	0.183946488294314
TCGA-BH-A0HB:2:228996728:C	79	23	2	1	1	TCGA-BH-A0HB	0.225490196078431
TCGA-BH-A0HB:11:71530725:C	266	103	2	1	1	TCGA-BH-A0HB	0.279132791327913
