mutation_id	ref_counts	var_counts	normal_cn	minor_cn	major_cn	variant_case	variant_freq
TCGA-AO-A03U:2:130897620:A	48	21	2	1	1	TCGA-AO-A03U	0.304347826086957
TCGA-AO-A03U:2:27803312:G	57	16	2	1	1	TCGA-AO-A03U	0.219178082191781
TCGA-AO-A03U:5:179071958:C	74	13	2	1	1	TCGA-AO-A03U	0.149425287356322
TCGA-AO-A03U:8:133899093:A	59	14	2	1	1	TCGA-AO-A03U	0.191780821917808
