mutation_id	ref_counts	var_counts	normal_cn	minor_cn	major_cn	variant_case	variant_freq
TCGA-AO-A12G:1:55059671:A	20	10	2	1	1	TCGA-AO-A12G	0.333333333333333
TCGA-AO-A12G:11:293153:G	14	20	2	0	1	TCGA-AO-A12G	0.588235294117647
TCGA-AO-A12G:6:90564540:C	119	44	2	1	1	TCGA-AO-A12G	0.269938650306748
TCGA-AO-A12G:17:16638032:A	20	33	2	0	1	TCGA-AO-A12G	0.622641509433962
TCGA-AO-A12G:1:214818057:T	66	21	2	1	2	TCGA-AO-A12G	0.241379310344828
TCGA-AO-A12G:1:86430711:G	155	96	2	1	1	TCGA-AO-A12G	0.382470119521912
TCGA-AO-A12G:16:20996971:C	35	23	2	1	1	TCGA-AO-A12G	0.396551724137931
TCGA-AO-A12G:2:225651833:T	80	46	2	1	1	TCGA-AO-A12G	0.365079365079365
TCGA-AO-A12G:18:28926019:G	142	89	2	1	1	TCGA-AO-A12G	0.385281385281385
TCGA-AO-A12G:7:55221773:A	42	20	2	1	1	TCGA-AO-A12G	0.32258064516129
TCGA-AO-A12G:2:212289007:C	126	63	2	1	1	TCGA-AO-A12G	0.333333333333333
TCGA-AO-A12G:16:15718667:C	70	25	2	1	1	TCGA-AO-A12G	0.263157894736842
TCGA-AO-A12G:9:34978067:C	29	21	2	1	1	TCGA-AO-A12G	0.42
TCGA-AO-A12G:9:5774097:G	39	15	2	1	1	TCGA-AO-A12G	0.277777777777778
TCGA-AO-A12G:9:21818104:G	44	29	2	1	1	TCGA-AO-A12G	0.397260273972603
TCGA-AO-A12G:1:11317205:C	31	16	2	1	1	TCGA-AO-A12G	0.340425531914894
TCGA-AO-A12G:8:91937790:G	37	63	2	1	3	TCGA-AO-A12G	0.63
TCGA-AO-A12G:7:158716295:T	69	32	2	1	1	TCGA-AO-A12G	0.316831683168317
TCGA-AO-A12G:5:43161509:T	85	43	2	1	1	TCGA-AO-A12G	0.3359375
TCGA-AO-A12G:19:58639594:G	54	68	2	1	3	TCGA-AO-A12G	0.557377049180328
TCGA-AO-A12G:8:7217220:C	178	187	2	0	1	TCGA-AO-A12G	0.512328767123288
TCGA-AO-A12G:13:103386196:C	27	11	2	0	1	TCGA-AO-A12G	0.289473684210526
TCGA-AO-A12G:3:195507020:C	93	11	2	1	1	TCGA-AO-A12G	0.105769230769231
TCGA-AO-A12G:9:125486770:T	67	43	2	1	2	TCGA-AO-A12G	0.390909090909091
