mutation_id	ref_counts	var_counts	normal_cn	minor_cn	major_cn	variant_case	variant_freq
TCGA-E2-A10F:10:51464656:G	29	12	2	1	1	TCGA-E2-A10F	0.292682926829268
TCGA-E2-A10F:19:1802626:G	87	32	2	1	1	TCGA-E2-A10F	0.26890756302521
TCGA-E2-A10F:12:67696173:G	144	48	2	1	1	TCGA-E2-A10F	0.25
TCGA-E2-A10F:9:36169514:C	57	27	2	1	1	TCGA-E2-A10F	0.321428571428571
TCGA-E2-A10F:1:158299878:G	81	23	2	1	3	TCGA-E2-A10F	0.221153846153846
TCGA-E2-A10F:3:48694417:T	23	8	2	1	1	TCGA-E2-A10F	0.258064516129032
TCGA-E2-A10F:3:39185716:C	34	18	2	1	1	TCGA-E2-A10F	0.346153846153846
TCGA-E2-A10F:2:25358396:C	142	59	2	1	1	TCGA-E2-A10F	0.293532338308458
TCGA-E2-A10F:6:36334453:A	146	48	2	1	1	TCGA-E2-A10F	0.247422680412371
TCGA-E2-A10F:11:134179638:G	119	36	2	1	1	TCGA-E2-A10F	0.232258064516129
TCGA-E2-A10F:1:6659504:C	40	8	2	1	1	TCGA-E2-A10F	0.166666666666667
TCGA-E2-A10F:5:140553401:G	56	19	2	1	1	TCGA-E2-A10F	0.253333333333333
TCGA-E2-A10F:3:178938934:G	116	30	2	1	1	TCGA-E2-A10F	0.205479452054795
TCGA-E2-A10F:3:178952085:A	104	35	2	1	1	TCGA-E2-A10F	0.251798561151079
TCGA-E2-A10F:1:40705088:C	51	23	2	1	1	TCGA-E2-A10F	0.310810810810811
TCGA-E2-A10F:3:136088052:G	88	45	2	1	1	TCGA-E2-A10F	0.338345864661654
TCGA-E2-A10F:17:27014157:C	49	25	2	1	1	TCGA-E2-A10F	0.337837837837838
TCGA-E2-A10F:19:22940742:C	56	30	2	1	1	TCGA-E2-A10F	0.348837209302326
TCGA-E2-A10F:5:68728474:A	91	18	2	1	1	TCGA-E2-A10F	0.165137614678899
TCGA-E2-A10F:10:65380602:G	155	37	2	1	1	TCGA-E2-A10F	0.192708333333333
TCGA-E2-A10F:2:198266493:A	179	43	2	1	1	TCGA-E2-A10F	0.193693693693694
