mutation_id	ref_counts	var_counts	normal_cn	minor_cn	major_cn	variant_case	variant_freq
TCGA-A8-A0A9:6:109820405:G	44	21	2	1	1	TCGA-A8-A0A9	0.323076923076923
TCGA-A8-A0A9:10:24874774:C	205	133	2	1	1	TCGA-A8-A0A9	0.393491124260355
TCGA-A8-A0A9:3:56605211:G	53	31	2	1	1	TCGA-A8-A0A9	0.369047619047619
TCGA-A8-A0A9:16:68849604:C	48	132	2	0	1	TCGA-A8-A0A9	0.733333333333333
TCGA-A8-A0A9:1:86578258:C	20	14	2	1	1	TCGA-A8-A0A9	0.411764705882353
TCGA-A8-A0A9:16:72141353:C	21	50	2	0	1	TCGA-A8-A0A9	0.704225352112676
TCGA-A8-A0A9:10:5945069:C	28	18	2	1	1	TCGA-A8-A0A9	0.391304347826087
TCGA-A8-A0A9:10:95459821:C	34	22	2	1	1	TCGA-A8-A0A9	0.392857142857143
TCGA-A8-A0A9:6:27115249:C	45	25	2	1	1	TCGA-A8-A0A9	0.357142857142857
TCGA-A8-A0A9:7:41739757:G	157	54	2	1	2	TCGA-A8-A0A9	0.255924170616114
TCGA-A8-A0A9:1:209790887:C	62	15	2	1	3	TCGA-A8-A0A9	0.194805194805195
TCGA-A8-A0A9:3:178952085:A	89	68	2	1	1	TCGA-A8-A0A9	0.43312101910828
TCGA-A8-A0A9:6:43111207:G	18	12	2	1	1	TCGA-A8-A0A9	0.4
TCGA-A8-A0A9:11:32955992:C	68	57	2	1	1	TCGA-A8-A0A9	0.456
TCGA-A8-A0A9:15:79298692:G	19	14	2	1	1	TCGA-A8-A0A9	0.424242424242424
TCGA-A8-A0A9:12:123812064:C	13	58	2	0	1	TCGA-A8-A0A9	0.816901408450704
TCGA-A8-A0A9:2:179522843:C	65	54	2	1	1	TCGA-A8-A0A9	0.453781512605042
TCGA-A8-A0A9:8:146107075:C	45	13	2	1	2	TCGA-A8-A0A9	0.224137931034483
TCGA-A8-A0A9:4:73179510:C	88	15	2	1	2	TCGA-A8-A0A9	0.145631067961165
TCGA-A8-A0A9:17:64210602:A	70	149	2	0	2	TCGA-A8-A0A9	0.680365296803653
TCGA-A8-A0A9:3:107429348:G	207	96	2	1	1	TCGA-A8-A0A9	0.316831683168317
TCGA-A8-A0A9:17:7843471:G	37	32	2	0	1	TCGA-A8-A0A9	0.463768115942029
TCGA-A8-A0A9:9:104335778:C	71	16	2	0	1	TCGA-A8-A0A9	0.183908045977011
TCGA-A8-A0A9:9:135554618:G	45	32	2	0	1	TCGA-A8-A0A9	0.415584415584416
TCGA-A8-A0A9:17:3656666:G	33	7	2	0	1	TCGA-A8-A0A9	0.175
TCGA-A8-A0A9:8:73848282:G	136	93	2	1	2	TCGA-A8-A0A9	0.406113537117904
TCGA-A8-A0A9:19:54219912:C	168	73	2	1	1	TCGA-A8-A0A9	0.302904564315353
TCGA-A8-A0A9:22:40859267:G	203	48	2	0	1	TCGA-A8-A0A9	0.191235059760956
TCGA-A8-A0A9:19:9086614:G	287	86	2	1	1	TCGA-A8-A0A9	0.230563002680965
TCGA-A8-A0A9:1:171482185:G	241	31	2	1	3	TCGA-A8-A0A9	0.113970588235294
TCGA-A8-A0A9:15:55932020:C	74	13	2	1	1	TCGA-A8-A0A9	0.149425287356322
TCGA-A8-A0A9:2:136519446:G	32	9	2	1	1	TCGA-A8-A0A9	0.219512195121951
TCGA-A8-A0A9:18:72344114:G	37	10	2	1	1	TCGA-A8-A0A9	0.212765957446809
