mutation_id	ref_counts	var_counts	normal_cn	minor_cn	major_cn	variant_case	variant_freq
TCGA-A2-A0YI:9:123210362:G	139	22	2	1	2	TCGA-A2-A0YI	0.136645962732919
TCGA-A2-A0YI:14:39788473:T	101	32	2	1	1	TCGA-A2-A0YI	0.240601503759398
TCGA-A2-A0YI:14:39788474:C	99	33	2	1	1	TCGA-A2-A0YI	0.25
TCGA-A2-A0YI:15:67873162:G	137	41	2	1	1	TCGA-A2-A0YI	0.230337078651685
TCGA-A2-A0YI:3:178921553:T	39	10	2	1	1	TCGA-A2-A0YI	0.204081632653061
TCGA-A2-A0YI:5:179564989:C	36	21	2	1	1	TCGA-A2-A0YI	0.368421052631579
TCGA-A2-A0YI:19:38655323:C	32	5	2	1	1	TCGA-A2-A0YI	0.135135135135135
TCGA-A2-A0YI:7:11509516:C	52	12	2	1	1	TCGA-A2-A0YI	0.1875
TCGA-A2-A0YI:20:47881273:G	118	27	2	1	1	TCGA-A2-A0YI	0.186206896551724
TCGA-A2-A0YI:2:167099093:C	135	27	2	1	1	TCGA-A2-A0YI	0.166666666666667
