mutation_id	ref_counts	var_counts	normal_cn	minor_cn	major_cn	variant_case	variant_freq
TCGA-A8-A08P:3:195102673:G	176	43	2	1	1	TCGA-A8-A08P	0.19634703196347
TCGA-A8-A08P:22:41921257:G	27	7	2	1	1	TCGA-A8-A08P	0.205882352941176
TCGA-A8-A08P:5:34924961:G	43	8	2	1	2	TCGA-A8-A08P	0.156862745098039
TCGA-A8-A08P:15:83710634:T	139	34	2	1	1	TCGA-A8-A08P	0.196531791907514
TCGA-A8-A08P:12:88380150:C	104	49	2	1	1	TCGA-A8-A08P	0.320261437908497
TCGA-A8-A08P:20:35748218:C	173	36	2	1	2	TCGA-A8-A08P	0.172248803827751
TCGA-A8-A08P:5:37179528:C	117	28	2	1	2	TCGA-A8-A08P	0.193103448275862
TCGA-A8-A08P:21:37605126:C	182	24	2	2	4	TCGA-A8-A08P	0.116504854368932
TCGA-A8-A08P:21:37605200:C	193	29	2	2	4	TCGA-A8-A08P	0.130630630630631
TCGA-A8-A08P:8:124798772:G	538	61	2	3	3	TCGA-A8-A08P	0.101836393989983
TCGA-A8-A08P:7:27134950:G	42	18	2	1	2	TCGA-A8-A08P	0.3
TCGA-A8-A08P:11:62562413:T	47	13	2	1	1	TCGA-A8-A08P	0.216666666666667
TCGA-A8-A08P:3:178936091:G	66	60	2	2	4	TCGA-A8-A08P	0.476190476190476
TCGA-A8-A08P:14:35577392:T	46	47	2	1	4	TCGA-A8-A08P	0.505376344086022
TCGA-A8-A08P:6:90088968:T	65	32	2	0	1	TCGA-A8-A08P	0.329896907216495
TCGA-A8-A08P:12:21030801:T	156	37	2	1	2	TCGA-A8-A08P	0.191709844559585
TCGA-A8-A08P:3:132068766:G	118	20	2	0	2	TCGA-A8-A08P	0.144927536231884
TCGA-A8-A08P:5:131325171:C	127	19	2	0	1	TCGA-A8-A08P	0.13013698630137
TCGA-A8-A08P:10:103295203:G	68	12	2	0	1	TCGA-A8-A08P	0.15
TCGA-A8-A08P:17:62517574:C	92	11	2	1	2	TCGA-A8-A08P	0.106796116504854
TCGA-A8-A08P:12:56527640:C	127	16	2	1	1	TCGA-A8-A08P	0.111888111888112
TCGA-A8-A08P:9:14859403:T	358	47	2	0	1	TCGA-A8-A08P	0.116049382716049
TCGA-A8-A08P:5:137599965:G	119	16	2	0	1	TCGA-A8-A08P	0.118518518518519
TCGA-A8-A08P:2:99272904:G	229	27	2	1	2	TCGA-A8-A08P	0.10546875
TCGA-A8-A08P:7:151891576:C	170	22	2	0	1	TCGA-A8-A08P	0.114583333333333
TCGA-A8-A08P:8:27528481:C	36	8	2	0	1	TCGA-A8-A08P	0.181818181818182
TCGA-A8-A08P:3:38760181:G	130	86	2	0	2	TCGA-A8-A08P	0.398148148148148
TCGA-A8-A08P:1:153012797:T	229	38	2	1	2	TCGA-A8-A08P	0.142322097378277
TCGA-A8-A08P:2:202272210:C	128	18	2	0	1	TCGA-A8-A08P	0.123287671232877
