mutation_id	ref_counts	var_counts	normal_cn	minor_cn	major_cn	variant_case	variant_freq
TCGA-BH-A1FM:1:94520718:C	45	20	2	1	2	TCGA-BH-A1FM	0.307692307692308
TCGA-BH-A1FM:8:39495190:C	120	30	2	2	2	TCGA-BH-A1FM	0.2
TCGA-BH-A1FM:5:94936385:G	21	10	2	1	2	TCGA-BH-A1FM	0.32258064516129
TCGA-BH-A1FM:19:13565940:G	64	19	2	1	2	TCGA-BH-A1FM	0.228915662650602
TCGA-BH-A1FM:10:70507134:C	16	38	2	0	2	TCGA-BH-A1FM	0.703703703703704
TCGA-BH-A1FM:11:85966327:G	131	35	2	1	2	TCGA-BH-A1FM	0.210843373493976
TCGA-BH-A1FM:5:76028288:C	112	33	2	1	2	TCGA-BH-A1FM	0.227586206896552
TCGA-BH-A1FM:3:71161786:T	59	31	2	0	2	TCGA-BH-A1FM	0.344444444444444
TCGA-BH-A1FM:5:41049479:C	65	24	2	2	2	TCGA-BH-A1FM	0.269662921348315
TCGA-BH-A1FM:7:43506115:C	60	74	2	1	2	TCGA-BH-A1FM	0.552238805970149
TCGA-BH-A1FM:1:236143802:C	44	20	2	2	3	TCGA-BH-A1FM	0.3125
TCGA-BH-A1FM:19:56515226:C	98	16	2	2	2	TCGA-BH-A1FM	0.140350877192982
TCGA-BH-A1FM:9:107332253:G	32	19	2	0	2	TCGA-BH-A1FM	0.372549019607843
TCGA-BH-A1FM:1:158669983:T	54	35	2	2	2	TCGA-BH-A1FM	0.393258426966292
TCGA-BH-A1FM:9:139368956:C	19	17	2	2	5	TCGA-BH-A1FM	0.472222222222222
TCGA-BH-A1FM:9:139369265:C	82	44	2	2	5	TCGA-BH-A1FM	0.349206349206349
TCGA-BH-A1FM:9:139369436:C	51	23	2	2	5	TCGA-BH-A1FM	0.310810810810811
TCGA-BH-A1FM:7:55914275:C	50	31	2	1	2	TCGA-BH-A1FM	0.382716049382716
TCGA-BH-A1FM:12:56737619:C	74	53	2	2	2	TCGA-BH-A1FM	0.417322834645669
TCGA-BH-A1FM:19:12060223:C	110	54	2	1	2	TCGA-BH-A1FM	0.329268292682927
TCGA-BH-A1FM:7:88956679:C	52	13	2	1	2	TCGA-BH-A1FM	0.2
TCGA-BH-A1FM:10:37508553:G	85	12	2	1	2	TCGA-BH-A1FM	0.123711340206186
TCGA-BH-A1FM:6:65767562:G	92	14	2	1	2	TCGA-BH-A1FM	0.132075471698113
TCGA-BH-A1FM:4:126328230:A	59	7	2	2	2	TCGA-BH-A1FM	0.106060606060606
TCGA-BH-A1FM:5:154395548:C	121	70	2	1	2	TCGA-BH-A1FM	0.366492146596859
TCGA-BH-A1FM:13:49796405:G	49	6	2	2	2	TCGA-BH-A1FM	0.109090909090909
