mutation_id	ref_counts	var_counts	normal_cn	minor_cn	major_cn	variant_case	variant_freq
TCGA-A2-A1FX:3:38519699:C	33	14	2	1	2	TCGA-A2-A1FX	0.297872340425532
TCGA-A2-A1FX:5:138264934:G	46	15	2	1	2	TCGA-A2-A1FX	0.245901639344262
TCGA-A2-A1FX:6:33631568:C	77	21	2	1	4	TCGA-A2-A1FX	0.214285714285714
TCGA-A2-A1FX:21:46020889:T	33	16	2	1	2	TCGA-A2-A1FX	0.326530612244898
TCGA-A2-A1FX:21:31859634:A	29	19	2	1	2	TCGA-A2-A1FX	0.395833333333333
TCGA-A2-A1FX:1:242451687:G	18	24	2	0	2	TCGA-A2-A1FX	0.571428571428571
TCGA-A2-A1FX:19:7712614:C	39	16	2	1	2	TCGA-A2-A1FX	0.290909090909091
TCGA-A2-A1FX:7:98527687:C	20	12	2	1	1	TCGA-A2-A1FX	0.375
TCGA-A2-A1FX:17:73836636:C	23	12	2	1	2	TCGA-A2-A1FX	0.342857142857143
TCGA-A2-A1FX:3:141164333:G	27	17	2	1	2	TCGA-A2-A1FX	0.386363636363636
TCGA-A2-A1FX:16:30793176:T	44	10	2	2	2	TCGA-A2-A1FX	0.185185185185185
TCGA-A2-A1FX:6:16306707:C	96	12	2	1	4	TCGA-A2-A1FX	0.111111111111111
TCGA-A2-A1FX:21:39755519:G	35	6	2	1	2	TCGA-A2-A1FX	0.146341463414634
