mutation_id	ref_counts	var_counts	normal_cn	minor_cn	major_cn	variant_case	variant_freq
TCGA-E2-A1L6:15:74836605:G	184	23	2	2	2	TCGA-E2-A1L6	0.111111111111111
TCGA-E2-A1L6:12:56997461:C	74	27	2	2	2	TCGA-E2-A1L6	0.267326732673267
TCGA-E2-A1L6:1:168032951:C	128	23	2	3	3	TCGA-E2-A1L6	0.152317880794702
TCGA-E2-A1L6:15:100332799:A	71	17	2	2	2	TCGA-E2-A1L6	0.193181818181818
TCGA-E2-A1L6:12:120593147:C	94	35	2	2	2	TCGA-E2-A1L6	0.271317829457364
TCGA-E2-A1L6:16:32191941:C	23	8	2	2	2	TCGA-E2-A1L6	0.258064516129032
TCGA-E2-A1L6:19:14150592:C	37	20	2	2	2	TCGA-E2-A1L6	0.350877192982456
TCGA-E2-A1L6:6:39283076:G	86	31	2	2	2	TCGA-E2-A1L6	0.264957264957265
TCGA-E2-A1L6:18:56018246:C	114	30	2	2	2	TCGA-E2-A1L6	0.208333333333333
TCGA-E2-A1L6:1:7890055:T	58	17	2	2	2	TCGA-E2-A1L6	0.226666666666667
TCGA-E2-A1L6:3:178952085:A	73	13	2	2	2	TCGA-E2-A1L6	0.151162790697674
TCGA-E2-A1L6:7:47969011:G	118	28	2	2	2	TCGA-E2-A1L6	0.191780821917808
TCGA-E2-A1L6:18:61650836:G	74	25	2	2	2	TCGA-E2-A1L6	0.252525252525253
TCGA-E2-A1L6:10:63191081:T	193	59	2	2	2	TCGA-E2-A1L6	0.234126984126984
TCGA-E2-A1L6:14:21500170:G	106	26	2	2	2	TCGA-E2-A1L6	0.196969696969697
TCGA-E2-A1L6:10:75885944:G	161	36	2	2	2	TCGA-E2-A1L6	0.182741116751269
