mutation_id	ref_counts	var_counts	normal_cn	minor_cn	major_cn	variant_case	variant_freq
TCGA-E9-A1N9:3:180379771:C	36	10	2	1	3	TCGA-E9-A1N9	0.217391304347826
TCGA-E9-A1N9:5:26881562:C	54	10	2	2	3	TCGA-E9-A1N9	0.15625
TCGA-E9-A1N9:4:155160378:T	26	11	2	2	3	TCGA-E9-A1N9	0.297297297297297
TCGA-E9-A1N9:4:155411020:G	24	8	2	2	3	TCGA-E9-A1N9	0.25
TCGA-E9-A1N9:17:41570310:C	26	5	2	1	3	TCGA-E9-A1N9	0.161290322580645
TCGA-E9-A1N9:21:47910571:C	23	14	2	3	4	TCGA-E9-A1N9	0.378378378378378
TCGA-E9-A1N9:21:34860884:C	58	24	2	3	4	TCGA-E9-A1N9	0.292682926829268
TCGA-E9-A1N9:6:32133979:G	25	13	2	2	3	TCGA-E9-A1N9	0.342105263157895
TCGA-E9-A1N9:7:14025746:G	38	7	2	1	3	TCGA-E9-A1N9	0.155555555555556
TCGA-E9-A1N9:5:180665141:G	34	7	2	1	2	TCGA-E9-A1N9	0.170731707317073
TCGA-E9-A1N9:17:61619777:C	27	5	2	1	3	TCGA-E9-A1N9	0.15625
TCGA-E9-A1N9:21:31962623:G	22	9	2	0	3	TCGA-E9-A1N9	0.290322580645161
TCGA-E9-A1N9:4:17885617:C	36	6	2	2	3	TCGA-E9-A1N9	0.142857142857143
TCGA-E9-A1N9:6:161007579:T	43	7	2	2	2	TCGA-E9-A1N9	0.14
TCGA-E9-A1N9:2:169993902:C	42	11	2	0	5	TCGA-E9-A1N9	0.207547169811321
TCGA-E9-A1N9:1:39838233:T	38	6	2	2	4	TCGA-E9-A1N9	0.136363636363636
TCGA-E9-A1N9:5:50130705:G	24	7	2	1	3	TCGA-E9-A1N9	0.225806451612903
TCGA-E9-A1N9:1:52871446:G	37	7	2	2	2	TCGA-E9-A1N9	0.159090909090909
TCGA-E9-A1N9:1:171494044:A	38	13	2	3	3	TCGA-E9-A1N9	0.254901960784314
TCGA-E9-A1N9:8:97274333:G	47	6	2	3	8	TCGA-E9-A1N9	0.113207547169811
TCGA-E9-A1N9:7:157691399:G	39	8	2	2	3	TCGA-E9-A1N9	0.170212765957447
TCGA-E9-A1N9:1:40702996:A	22	12	2	2	4	TCGA-E9-A1N9	0.352941176470588
TCGA-E9-A1N9:2:167273377:T	10	23	2	0	2	TCGA-E9-A1N9	0.696969696969697
TCGA-E9-A1N9:10:18242296:G	41	6	2	2	3	TCGA-E9-A1N9	0.127659574468085
TCGA-E9-A1N9:7:89790307:G	45	7	2	1	3	TCGA-E9-A1N9	0.134615384615385
TCGA-E9-A1N9:4:167012408:T	26	6	2	1	2	TCGA-E9-A1N9	0.1875
TCGA-E9-A1N9:5:72424228:A	66	15	2	1	3	TCGA-E9-A1N9	0.185185185185185
TCGA-E9-A1N9:17:7578263:G	16	23	2	0	2	TCGA-E9-A1N9	0.58974358974359
