mutation_id	ref_counts	var_counts	normal_cn	minor_cn	major_cn	variant_case	variant_freq
TCGA-B6-A0IM:11:47611487:G	32	14	2	1	1	TCGA-B6-A0IM	0.304347826086957
TCGA-B6-A0IM:5:37213798:C	81	37	2	1	1	TCGA-B6-A0IM	0.313559322033898
TCGA-B6-A0IM:22:46795613:C	43	22	2	1	1	TCGA-B6-A0IM	0.338461538461538
TCGA-B6-A0IM:3:19975051:C	63	45	2	1	1	TCGA-B6-A0IM	0.416666666666667
TCGA-B6-A0IM:7:42007317:C	144	160	2	1	2	TCGA-B6-A0IM	0.526315789473684
TCGA-B6-A0IM:1:210857470:C	58	27	2	1	1	TCGA-B6-A0IM	0.317647058823529
TCGA-B6-A0IM:19:56538873:G	30	13	2	1	1	TCGA-B6-A0IM	0.302325581395349
TCGA-B6-A0IM:5:43702838:G	51	26	2	1	1	TCGA-B6-A0IM	0.337662337662338
TCGA-B6-A0IM:7:143657386:G	219	233	2	1	2	TCGA-B6-A0IM	0.515486725663717
TCGA-B6-A0IM:20:4705266:G	29	13	2	1	1	TCGA-B6-A0IM	0.30952380952381
TCGA-B6-A0IM:5:131926953:T	70	37	2	1	1	TCGA-B6-A0IM	0.345794392523364
TCGA-B6-A0IM:7:92733180:G	45	24	2	1	2	TCGA-B6-A0IM	0.347826086956522
TCGA-B6-A0IM:22:42281016:G	149	97	2	1	1	TCGA-B6-A0IM	0.394308943089431
TCGA-B6-A0IM:3:32933156:G	26	8	2	1	1	TCGA-B6-A0IM	0.235294117647059
TCGA-B6-A0IM:15:64701983:G	110	40	2	1	2	TCGA-B6-A0IM	0.266666666666667
TCGA-B6-A0IM:9:35376118:C	26	9	2	1	1	TCGA-B6-A0IM	0.257142857142857
TCGA-B6-A0IM:7:111982649:C	47	42	2	1	2	TCGA-B6-A0IM	0.471910112359551
TCGA-B6-A0IM:19:58083540:G	67	30	2	1	1	TCGA-B6-A0IM	0.309278350515464
TCGA-B6-A0IM:7:156521383:T	284	81	2	1	2	TCGA-B6-A0IM	0.221917808219178
TCGA-B6-A0IM:5:56176548:C	120	51	2	1	1	TCGA-B6-A0IM	0.298245614035088
