mutation_id	ref_counts	var_counts	normal_cn	minor_cn	major_cn	variant_case	variant_freq
TCGA-AR-A2LO:3:134266281:T	46	11	2	2	2	TCGA-AR-A2LO	0.192982456140351
TCGA-AR-A2LO:20:16359706:G	101	27	2	2	2	TCGA-AR-A2LO	0.2109375
TCGA-AR-A2LO:2:242757547:C	28	8	2	2	2	TCGA-AR-A2LO	0.222222222222222
TCGA-AR-A2LO:8:53588958:G	40	6	2	2	2	TCGA-AR-A2LO	0.130434782608696
TCGA-AR-A2LO:11:124764141:C	28	9	2	1	1	TCGA-AR-A2LO	0.243243243243243
TCGA-AR-A2LO:1:237897046:T	135	21	2	2	6	TCGA-AR-A2LO	0.134615384615385
