mutation_id	ref_counts	var_counts	normal_cn	minor_cn	major_cn	variant_case	variant_freq
TCGA-E9-A1NE:11:64674264:C	57	7	2	1	1	TCGA-E9-A1NE	0.109375
TCGA-E9-A1NE:11:64674996:C	46	9	2	1	1	TCGA-E9-A1NE	0.163636363636364
TCGA-E9-A1NE:5:160034008:C	87	18	2	1	1	TCGA-E9-A1NE	0.171428571428571
TCGA-E9-A1NE:1:209784824:C	82	11	2	1	2	TCGA-E9-A1NE	0.118279569892473
TCGA-E9-A1NE:10:11330504:T	60	18	2	1	2	TCGA-E9-A1NE	0.230769230769231
TCGA-E9-A1NE:17:6980307:C	91	13	2	0	1	TCGA-E9-A1NE	0.125
TCGA-E9-A1NE:14:59112414:C	66	9	2	1	1	TCGA-E9-A1NE	0.12
TCGA-E9-A1NE:15:45406842:G	132	23	2	1	1	TCGA-E9-A1NE	0.148387096774194
TCGA-E9-A1NE:22:44079628:G	279	35	2	1	1	TCGA-E9-A1NE	0.111464968152866
TCGA-E9-A1NE:20:44171491:G	92	22	2	1	2	TCGA-E9-A1NE	0.192982456140351
TCGA-E9-A1NE:17:42433630:G	34	5	2	1	1	TCGA-E9-A1NE	0.128205128205128
TCGA-E9-A1NE:14:106452815:C	225	43	2	0	1	TCGA-E9-A1NE	0.16044776119403
TCGA-E9-A1NE:12:5155008:G	38	9	2	1	2	TCGA-E9-A1NE	0.191489361702128
TCGA-E9-A1NE:20:48098719:C	53	14	2	1	2	TCGA-E9-A1NE	0.208955223880597
TCGA-E9-A1NE:18:59888293:G	127	22	2	1	1	TCGA-E9-A1NE	0.147651006711409
TCGA-E9-A1NE:15:90173555:G	53	7	2	1	1	TCGA-E9-A1NE	0.116666666666667
TCGA-E9-A1NE:2:190924879:G	157	26	2	1	1	TCGA-E9-A1NE	0.14207650273224
TCGA-E9-A1NE:11:2975878:T	62	16	2	1	1	TCGA-E9-A1NE	0.205128205128205
TCGA-E9-A1NE:1:229633915:A	46	6	2	2	2	TCGA-E9-A1NE	0.115384615384615
TCGA-E9-A1NE:19:55708703:G	71	16	2	1	1	TCGA-E9-A1NE	0.183908045977011
TCGA-E9-A1NE:1:110921957:G	71	9	2	1	1	TCGA-E9-A1NE	0.1125
TCGA-E9-A1NE:7:26412143:A	182	32	2	1	2	TCGA-E9-A1NE	0.149532710280374
TCGA-E9-A1NE:4:68424566:G	83	13	2	1	1	TCGA-E9-A1NE	0.135416666666667
TCGA-E9-A1NE:1:210273640:T	87	25	2	1	2	TCGA-E9-A1NE	0.223214285714286
TCGA-E9-A1NE:9:84202727:T	108	18	2	1	1	TCGA-E9-A1NE	0.142857142857143
TCGA-E9-A1NE:1:113059026:G	76	14	2	1	1	TCGA-E9-A1NE	0.155555555555556
TCGA-E9-A1NE:22:22064966:C	387	53	2	1	1	TCGA-E9-A1NE	0.120454545454545
TCGA-E9-A1NE:5:178505799:T	54	12	2	1	1	TCGA-E9-A1NE	0.181818181818182
TCGA-E9-A1NE:1:41012838:G	66	9	2	1	1	TCGA-E9-A1NE	0.12
TCGA-E9-A1NE:4:155241643:G	244	29	2	1	1	TCGA-E9-A1NE	0.106227106227106
TCGA-E9-A1NE:10:12077114:C	549	134	2	1	2	TCGA-E9-A1NE	0.196193265007321
