mutation_id	ref_counts	var_counts	normal_cn	minor_cn	major_cn	variant_case	variant_freq
TCGA-AC-A2QH:3:153840379:C	26	38	2	1	2	TCGA-AC-A2QH	0.59375
TCGA-AC-A2QH:19:48715046:A	74	24	2	1	2	TCGA-AC-A2QH	0.244897959183673
TCGA-AC-A2QH:9:39085796:C	31	16	2	0	2	TCGA-AC-A2QH	0.340425531914894
TCGA-AC-A2QH:7:21745090:G	65	10	2	2	3	TCGA-AC-A2QH	0.133333333333333
TCGA-AC-A2QH:22:24621545:G	19	13	2	1	2	TCGA-AC-A2QH	0.40625
TCGA-AC-A2QH:22:31655161:G	33	14	2	1	2	TCGA-AC-A2QH	0.297872340425532
TCGA-AC-A2QH:7:97833398:C	42	13	2	1	2	TCGA-AC-A2QH	0.236363636363636
TCGA-AC-A2QH:3:195506482:G	34	18	2	2	2	TCGA-AC-A2QH	0.346153846153846
TCGA-AC-A2QH:12:27841969:G	24	15	2	2	3	TCGA-AC-A2QH	0.384615384615385
TCGA-AC-A2QH:12:16050834:C	26	23	2	2	3	TCGA-AC-A2QH	0.469387755102041
TCGA-AC-A2QH:17:7577097:C	4	63	2	0	4	TCGA-AC-A2QH	0.940298507462687
TCGA-AC-A2QH:17:61988159:C	37	8	2	0	3	TCGA-AC-A2QH	0.177777777777778
TCGA-AC-A2QH:7:43436434:G	71	12	2	1	2	TCGA-AC-A2QH	0.144578313253012
TCGA-AC-A2QH:10:64957271:T	48	11	2	1	2	TCGA-AC-A2QH	0.186440677966102
TCGA-AC-A2QH:14:21052053:A	21	12	2	0	1	TCGA-AC-A2QH	0.363636363636364
