mutation_id	ref_counts	var_counts	normal_cn	minor_cn	major_cn	variant_case	variant_freq
TCGA-E2-A15L:19:46915828:C	25	16	2	1	1	TCGA-E2-A15L	0.390243902439024
TCGA-E2-A15L:14:99968624:A	272	121	2	1	1	TCGA-E2-A15L	0.307888040712468
TCGA-E2-A15L:19:16279058:G	78	49	2	1	1	TCGA-E2-A15L	0.385826771653543
TCGA-E2-A15L:12:69265694:C	170	100	2	1	1	TCGA-E2-A15L	0.37037037037037
TCGA-E2-A15L:5:118480270:G	113	102	2	1	2	TCGA-E2-A15L	0.474418604651163
TCGA-E2-A15L:3:52430731:A	78	45	2	1	1	TCGA-E2-A15L	0.365853658536585
TCGA-E2-A15L:1:109466799:C	139	78	2	1	1	TCGA-E2-A15L	0.359447004608295
TCGA-E2-A15L:8:102571029:G	21	12	2	1	1	TCGA-E2-A15L	0.363636363636364
TCGA-E2-A15L:9:35753714:C	52	42	2	1	1	TCGA-E2-A15L	0.446808510638298
TCGA-E2-A15L:14:51237222:C	347	165	2	1	1	TCGA-E2-A15L	0.322265625
TCGA-E2-A15L:5:65088425:C	219	164	2	2	2	TCGA-E2-A15L	0.428198433420366
TCGA-E2-A15L:8:107715146:G	137	73	2	1	1	TCGA-E2-A15L	0.347619047619048
TCGA-E2-A15L:3:178952085:A	140	85	2	1	1	TCGA-E2-A15L	0.377777777777778
TCGA-E2-A15L:3:64133124:C	108	57	2	1	1	TCGA-E2-A15L	0.345454545454545
TCGA-E2-A15L:19:14213716:A	282	150	2	1	1	TCGA-E2-A15L	0.347222222222222
TCGA-E2-A15L:20:3016449:G	39	35	2	1	1	TCGA-E2-A15L	0.472972972972973
TCGA-E2-A15L:19:39926258:G	64	55	2	1	1	TCGA-E2-A15L	0.46218487394958
TCGA-E2-A15L:16:66957813:T	88	73	2	0	1	TCGA-E2-A15L	0.453416149068323
TCGA-E2-A15L:1:237947353:G	134	50	2	1	2	TCGA-E2-A15L	0.271739130434783
TCGA-E2-A15L:16:29994166:A	30	21	2	1	1	TCGA-E2-A15L	0.411764705882353
TCGA-E2-A15L:12:126137027:C	40	21	2	1	1	TCGA-E2-A15L	0.344262295081967
