mutation_id	ref_counts	var_counts	normal_cn	minor_cn	major_cn	variant_case	variant_freq
TCGA-AN-A0G0:6:44278884:C	21	28	2	3	3	TCGA-AN-A0G0	0.571428571428571
TCGA-AN-A0G0:1:94466444:T	65	67	2	1	2	TCGA-AN-A0G0	0.507575757575758
TCGA-AN-A0G0:12:52379131:C	51	38	2	0	5	TCGA-AN-A0G0	0.426966292134831
TCGA-AN-A0G0:12:38714401:G	180	60	2	1	1	TCGA-AN-A0G0	0.25
TCGA-AN-A0G0:7:36698846:A	278	148	2	2	2	TCGA-AN-A0G0	0.347417840375587
TCGA-AN-A0G0:14:58598350:G	19	71	2	0	4	TCGA-AN-A0G0	0.788888888888889
TCGA-AN-A0G0:4:114434519:A	86	29	2	1	2	TCGA-AN-A0G0	0.252173913043478
TCGA-AN-A0G0:8:121222032:C	62	57	2	2	3	TCGA-AN-A0G0	0.478991596638655
TCGA-AN-A0G0:11:6579764:G	56	22	2	1	2	TCGA-AN-A0G0	0.282051282051282
TCGA-AN-A0G0:2:26405961:G	20	11	2	2	3	TCGA-AN-A0G0	0.354838709677419
TCGA-AN-A0G0:12:4479739:G	13	18	2	2	2	TCGA-AN-A0G0	0.580645161290323
TCGA-AN-A0G0:2:133175158:G	26	24	2	1	2	TCGA-AN-A0G0	0.48
TCGA-AN-A0G0:7:86415634:G	77	44	2	1	2	TCGA-AN-A0G0	0.363636363636364
TCGA-AN-A0G0:6:32549525:C	152	26	2	2	4	TCGA-AN-A0G0	0.146067415730337
TCGA-AN-A0G0:6:32549531:T	162	27	2	2	4	TCGA-AN-A0G0	0.142857142857143
TCGA-AN-A0G0:6:129785500:G	186	57	2	1	2	TCGA-AN-A0G0	0.234567901234568
TCGA-AN-A0G0:1:236205579:C	75	22	2	2	8	TCGA-AN-A0G0	0.22680412371134
TCGA-AN-A0G0:1:10477067:T	102	34	2	2	3	TCGA-AN-A0G0	0.25
TCGA-AN-A0G0:6:13287303:G	168	53	2	1	2	TCGA-AN-A0G0	0.239819004524887
TCGA-AN-A0G0:12:76424820:G	23	38	2	0	2	TCGA-AN-A0G0	0.622950819672131
TCGA-AN-A0G0:19:39955678:G	27	8	2	2	4	TCGA-AN-A0G0	0.228571428571429
TCGA-AN-A0G0:3:30732950:G	55	88	2	0	1	TCGA-AN-A0G0	0.615384615384615
TCGA-AN-A0G0:1:179870511:G	63	15	2	2	6	TCGA-AN-A0G0	0.192307692307692
TCGA-AN-A0G0:17:7574003:G	19	41	2	0	3	TCGA-AN-A0G0	0.683333333333333
TCGA-AN-A0G0:12:6964674:G	25	8	2	2	3	TCGA-AN-A0G0	0.242424242424242
TCGA-AN-A0G0:11:71527792:T	25	37	2	2	7	TCGA-AN-A0G0	0.596774193548387
TCGA-AN-A0G0:6:17629273:T	98	17	2	1	2	TCGA-AN-A0G0	0.147826086956522
TCGA-AN-A0G0:15:25222051:G	66	30	2	1	2	TCGA-AN-A0G0	0.3125
