mutation_id	ref_counts	var_counts	normal_cn	minor_cn	major_cn	variant_case	variant_freq
TCGA-D8-A1XA:17:41123700:G	51	35	2	2	2	TCGA-D8-A1XA	0.406976744186047
TCGA-D8-A1XA:10:5042749:G	62	40	2	2	2	TCGA-D8-A1XA	0.392156862745098
TCGA-D8-A1XA:12:51203349:A	52	44	2	2	2	TCGA-D8-A1XA	0.458333333333333
TCGA-D8-A1XA:16:28898983:C	37	19	2	2	3	TCGA-D8-A1XA	0.339285714285714
TCGA-D8-A1XA:10:50916662:G	43	28	2	2	2	TCGA-D8-A1XA	0.394366197183099
TCGA-D8-A1XA:4:68374632:C	61	37	2	2	2	TCGA-D8-A1XA	0.377551020408163
TCGA-D8-A1XA:11:308323:T	29	22	2	2	2	TCGA-D8-A1XA	0.431372549019608
TCGA-D8-A1XA:3:50327172:C	17	19	2	2	2	TCGA-D8-A1XA	0.527777777777778
TCGA-D8-A1XA:2:39519955:T	16	44	2	0	2	TCGA-D8-A1XA	0.733333333333333
TCGA-D8-A1XA:11:5462323:T	17	25	2	2	2	TCGA-D8-A1XA	0.595238095238095
TCGA-D8-A1XA:11:55541596:T	40	32	2	2	2	TCGA-D8-A1XA	0.444444444444444
TCGA-D8-A1XA:11:129827675:G	18	15	2	2	2	TCGA-D8-A1XA	0.454545454545455
TCGA-D8-A1XA:3:195956806:T	38	28	2	2	2	TCGA-D8-A1XA	0.424242424242424
TCGA-D8-A1XA:11:61135442:T	39	37	2	2	2	TCGA-D8-A1XA	0.486842105263158
TCGA-D8-A1XA:17:7577022:G	8	38	2	0	2	TCGA-D8-A1XA	0.826086956521739
