mutation_id	ref_counts	var_counts	normal_cn	minor_cn	major_cn	variant_case	variant_freq
TCGA-AN-A0XL:4:100232778:G	163	75	2	1	1	TCGA-AN-A0XL	0.315126050420168
TCGA-AN-A0XL:11:73076908:G	29	6	2	0	3	TCGA-AN-A0XL	0.171428571428571
TCGA-AN-A0XL:11:27148982:G	50	76	2	0	3	TCGA-AN-A0XL	0.603174603174603
TCGA-AN-A0XL:1:158261934:G	148	26	2	1	3	TCGA-AN-A0XL	0.149425287356322
TCGA-AN-A0XL:19:14710534:G	40	9	2	1	1	TCGA-AN-A0XL	0.183673469387755
TCGA-AN-A0XL:19:18895094:C	32	14	2	1	1	TCGA-AN-A0XL	0.304347826086957
TCGA-AN-A0XL:7:87005203:G	155	36	2	1	2	TCGA-AN-A0XL	0.18848167539267
TCGA-AN-A0XL:3:128181429:C	41	13	2	1	1	TCGA-AN-A0XL	0.240740740740741
TCGA-AN-A0XL:21:27141488:C	41	17	2	1	1	TCGA-AN-A0XL	0.293103448275862
TCGA-AN-A0XL:1:217688214:T	63	19	2	1	2	TCGA-AN-A0XL	0.231707317073171
TCGA-AN-A0XL:1:149783828:C	207	96	2	1	3	TCGA-AN-A0XL	0.316831683168317
TCGA-AN-A0XL:9:21481249:G	124	45	2	1	1	TCGA-AN-A0XL	0.266272189349112
TCGA-AN-A0XL:7:41729515:C	56	24	2	1	2	TCGA-AN-A0XL	0.3
TCGA-AN-A0XL:22:18463645:C	52	15	2	1	1	TCGA-AN-A0XL	0.223880597014925
TCGA-AN-A0XL:10:129905447:C	339	121	2	1	1	TCGA-AN-A0XL	0.26304347826087
TCGA-AN-A0XL:3:178952085:A	79	73	2	1	2	TCGA-AN-A0XL	0.480263157894737
TCGA-AN-A0XL:1:8421506:A	82	41	2	1	1	TCGA-AN-A0XL	0.333333333333333
TCGA-AN-A0XL:17:74154520:G	74	25	2	1	2	TCGA-AN-A0XL	0.252525252525253
TCGA-AN-A0XL:10:114849224:T	53	22	2	1	1	TCGA-AN-A0XL	0.293333333333333
TCGA-AN-A0XL:3:436516:A	87	16	2	1	1	TCGA-AN-A0XL	0.155339805825243
TCGA-AN-A0XL:18:29497565:C	107	20	2	1	1	TCGA-AN-A0XL	0.15748031496063
