mutation_id	ref_counts	var_counts	normal_cn	minor_cn	major_cn	variant_case	variant_freq
TCGA-C8-A1HF:7:129008388:G	261	298	2	0	2	TCGA-C8-A1HF	0.53309481216458
TCGA-C8-A1HF:19:49142211:G	33	31	2	1	2	TCGA-C8-A1HF	0.484375
TCGA-C8-A1HF:19:3620765:C	91	23	2	1	2	TCGA-C8-A1HF	0.201754385964912
TCGA-C8-A1HF:6:90578074:G	113	67	2	2	2	TCGA-C8-A1HF	0.372222222222222
TCGA-C8-A1HF:21:30445874:T	105	97	2	0	2	TCGA-C8-A1HF	0.48019801980198
TCGA-C8-A1HF:9:117071730:G	47	24	2	1	2	TCGA-C8-A1HF	0.338028169014085
TCGA-C8-A1HF:4:148441015:C	264	158	2	2	2	TCGA-C8-A1HF	0.374407582938389
TCGA-C8-A1HF:14:53325259:C	194	56	2	1	2	TCGA-C8-A1HF	0.224
TCGA-C8-A1HF:11:123448232:G	23	8	2	1	2	TCGA-C8-A1HF	0.258064516129032
TCGA-C8-A1HF:10:91178167:T	260	78	2	2	2	TCGA-C8-A1HF	0.230769230769231
TCGA-C8-A1HF:5:156659362:G	73	66	2	1	2	TCGA-C8-A1HF	0.474820143884892
TCGA-C8-A1HF:19:51890455:T	67	18	2	1	2	TCGA-C8-A1HF	0.211764705882353
TCGA-C8-A1HF:6:161016385:C	183	100	2	2	2	TCGA-C8-A1HF	0.353356890459364
TCGA-C8-A1HF:12:56236540:C	31	18	2	2	2	TCGA-C8-A1HF	0.36734693877551
TCGA-C8-A1HF:18:33785149:C	258	140	2	2	2	TCGA-C8-A1HF	0.351758793969849
TCGA-C8-A1HF:17:10247167:G	136	133	2	0	2	TCGA-C8-A1HF	0.494423791821561
TCGA-C8-A1HF:18:55992246:G	322	171	2	2	2	TCGA-C8-A1HF	0.346855983772819
TCGA-C8-A1HF:3:178937445:T	279	44	2	2	3	TCGA-C8-A1HF	0.136222910216718
TCGA-C8-A1HF:3:178952085:A	200	166	2	2	3	TCGA-C8-A1HF	0.453551912568306
TCGA-C8-A1HF:7:72413581:G	128	17	2	2	2	TCGA-C8-A1HF	0.117241379310345
TCGA-C8-A1HF:6:105816780:C	252	147	2	2	2	TCGA-C8-A1HF	0.368421052631579
TCGA-C8-A1HF:17:1561627:T	147	179	2	0	2	TCGA-C8-A1HF	0.549079754601227
TCGA-C8-A1HF:20:35675538:A	187	90	2	2	2	TCGA-C8-A1HF	0.324909747292419
TCGA-C8-A1HF:20:60963388:C	188	113	2	1	2	TCGA-C8-A1HF	0.375415282392027
TCGA-C8-A1HF:21:36206753:C	199	68	2	0	2	TCGA-C8-A1HF	0.254681647940075
TCGA-C8-A1HF:17:7578395:G	38	51	2	0	2	TCGA-C8-A1HF	0.573033707865168
TCGA-C8-A1HF:4:147741289:G	336	141	2	2	2	TCGA-C8-A1HF	0.29559748427673
TCGA-C8-A1HF:8:6679393:T	88	34	2	2	2	TCGA-C8-A1HF	0.278688524590164
TCGA-C8-A1HF:1:33959019:C	84	52	2	2	2	TCGA-C8-A1HF	0.382352941176471
