mutation_id	ref_counts	var_counts	normal_cn	minor_cn	major_cn	variant_case	variant_freq
TCGA-AO-A0J7:10:45878089:G	37	20	2	1	2	TCGA-AO-A0J7	0.350877192982456
TCGA-AO-A0J7:19:17032750:G	46	39	2	2	2	TCGA-AO-A0J7	0.458823529411765
TCGA-AO-A0J7:9:34723329:G	42	40	2	2	2	TCGA-AO-A0J7	0.48780487804878
TCGA-AO-A0J7:19:40383820:C	42	13	2	2	2	TCGA-AO-A0J7	0.236363636363636
TCGA-AO-A0J7:2:169757925:T	116	130	2	1	2	TCGA-AO-A0J7	0.528455284552846
TCGA-AO-A0J7:8:19679949:G	76	41	2	2	2	TCGA-AO-A0J7	0.35042735042735
TCGA-AO-A0J7:2:163302895:T	88	36	2	1	2	TCGA-AO-A0J7	0.290322580645161
TCGA-AO-A0J7:1:160323977:A	191	135	2	2	2	TCGA-AO-A0J7	0.414110429447853
TCGA-AO-A0J7:1:233134902:C	141	99	2	2	2	TCGA-AO-A0J7	0.4125
TCGA-AO-A0J7:3:178936094:C	65	46	2	2	2	TCGA-AO-A0J7	0.414414414414414
TCGA-AO-A0J7:3:46873464:A	40	39	2	2	2	TCGA-AO-A0J7	0.493670886075949
TCGA-AO-A0J7:2:235950945:G	46	21	2	1	2	TCGA-AO-A0J7	0.313432835820896
TCGA-AO-A0J7:10:70644128:C	26	14	2	1	2	TCGA-AO-A0J7	0.35
TCGA-AO-A0J7:1:249210906:G	116	56	2	2	2	TCGA-AO-A0J7	0.325581395348837
