mutation_id	ref_counts	var_counts	normal_cn	minor_cn	major_cn	variant_case	variant_freq
TCGA-AR-A0U3:16:4042255:C	45	27	2	1	1	TCGA-AR-A0U3	0.375
TCGA-AR-A0U3:1:147095879:C	36	30	2	1	2	TCGA-AR-A0U3	0.454545454545455
TCGA-AR-A0U3:17:42745436:C	51	84	2	0	1	TCGA-AR-A0U3	0.622222222222222
TCGA-AR-A0U3:1:1848267:C	19	28	2	0	1	TCGA-AR-A0U3	0.595744680851064
TCGA-AR-A0U3:12:109288102:C	31	22	2	1	1	TCGA-AR-A0U3	0.415094339622642
TCGA-AR-A0U3:19:40383820:C	33	17	2	1	7	TCGA-AR-A0U3	0.34
TCGA-AR-A0U3:3:62356989:C	75	46	2	1	1	TCGA-AR-A0U3	0.380165289256198
TCGA-AR-A0U3:1:45213334:G	37	52	2	0	1	TCGA-AR-A0U3	0.584269662921348
TCGA-AR-A0U3:15:42104263:G	43	31	2	1	1	TCGA-AR-A0U3	0.418918918918919
TCGA-AR-A0U3:17:43183002:C	31	48	2	0	1	TCGA-AR-A0U3	0.607594936708861
TCGA-AR-A0U3:5:140788351:A	58	33	2	1	1	TCGA-AR-A0U3	0.362637362637363
TCGA-AR-A0U3:1:242253180:G	312	117	2	1	2	TCGA-AR-A0U3	0.272727272727273
TCGA-AR-A0U3:3:110837787:T	46	33	2	1	1	TCGA-AR-A0U3	0.417721518987342
TCGA-AR-A0U3:12:107078653:C	59	28	2	1	1	TCGA-AR-A0U3	0.32183908045977
TCGA-AR-A0U3:1:163117185:C	112	53	2	1	1	TCGA-AR-A0U3	0.321212121212121
TCGA-AR-A0U3:16:3640194:C	97	60	2	1	1	TCGA-AR-A0U3	0.382165605095541
TCGA-AR-A0U3:18:2743899:C	138	85	2	1	1	TCGA-AR-A0U3	0.381165919282511
TCGA-AR-A0U3:9:27169494:G	13	22	2	0	1	TCGA-AR-A0U3	0.628571428571429
TCGA-AR-A0U3:11:8969901:T	49	31	2	1	1	TCGA-AR-A0U3	0.3875
TCGA-AR-A0U3:12:100482727:T	92	75	2	1	1	TCGA-AR-A0U3	0.449101796407186
TCGA-AR-A0U3:15:91496180:G	20	13	2	1	1	TCGA-AR-A0U3	0.393939393939394
TCGA-AR-A0U3:17:489514:C	36	70	2	0	1	TCGA-AR-A0U3	0.660377358490566
TCGA-AR-A0U3:19:22496524:A	92	73	2	1	1	TCGA-AR-A0U3	0.442424242424242
TCGA-AR-A0U3:19:6374526:G	96	21	2	1	2	TCGA-AR-A0U3	0.179487179487179
TCGA-AR-A0U3:5:13737575:C	190	88	2	1	1	TCGA-AR-A0U3	0.316546762589928
TCGA-AR-A0U3:7:141765159:G	84	12	2	1	1	TCGA-AR-A0U3	0.125
TCGA-AR-A0U3:4:135121651:C	97	18	2	0	1	TCGA-AR-A0U3	0.156521739130435
TCGA-AR-A0U3:19:19304795:C	63	32	2	0	1	TCGA-AR-A0U3	0.336842105263158
TCGA-AR-A0U3:12:118472017:G	135	58	2	1	1	TCGA-AR-A0U3	0.300518134715026
