mutation_id	ref_counts	var_counts	normal_cn	minor_cn	major_cn	variant_case	variant_freq
TCGA-E2-A153:15:79585975:C	37	26	2	1	1	TCGA-E2-A153	0.412698412698413
TCGA-E2-A153:9:140952286:G	113	46	2	1	1	TCGA-E2-A153	0.289308176100629
TCGA-E2-A153:11:34492955:C	145	70	2	1	1	TCGA-E2-A153	0.325581395348837
TCGA-E2-A153:5:114620509:G	136	57	2	1	1	TCGA-E2-A153	0.295336787564767
TCGA-E2-A153:9:136508616:G	28	6	2	1	1	TCGA-E2-A153	0.176470588235294
TCGA-E2-A153:5:160753392:C	230	94	2	1	1	TCGA-E2-A153	0.290123456790123
TCGA-E2-A153:8:133141532:T	84	23	2	1	2	TCGA-E2-A153	0.214953271028037
TCGA-E2-A153:1:17085795:G	25	6	2	1	1	TCGA-E2-A153	0.193548387096774
TCGA-E2-A153:7:45123859:G	51	14	2	1	1	TCGA-E2-A153	0.215384615384615
TCGA-E2-A153:1:29189416:C	68	40	2	1	1	TCGA-E2-A153	0.37037037037037
TCGA-E2-A153:16:67685827:C	93	66	2	0	1	TCGA-E2-A153	0.415094339622642
TCGA-E2-A153:1:115454161:C	210	82	2	1	1	TCGA-E2-A153	0.280821917808219
TCGA-E2-A153:14:61444282:G	235	85	2	1	1	TCGA-E2-A153	0.265625
TCGA-E2-A153:12:40044140:T	146	36	2	1	1	TCGA-E2-A153	0.197802197802198
TCGA-E2-A153:4:66201815:C	231	60	2	0	1	TCGA-E2-A153	0.206185567010309
TCGA-E2-A153:15:42115928:C	119	28	2	1	1	TCGA-E2-A153	0.19047619047619
TCGA-E2-A153:5:32233993:G	285	77	2	1	1	TCGA-E2-A153	0.212707182320442
TCGA-E2-A153:6:49416584:T	209	87	2	0	1	TCGA-E2-A153	0.293918918918919
TCGA-E2-A153:3:178936091:G	180	52	2	1	1	TCGA-E2-A153	0.224137931034483
TCGA-E2-A153:10:98129947:C	62	15	2	1	1	TCGA-E2-A153	0.194805194805195
TCGA-E2-A153:6:83667047:C	128	36	2	0	1	TCGA-E2-A153	0.219512195121951
