mutation_id	ref_counts	var_counts	normal_cn	minor_cn	major_cn	variant_case	variant_freq
TCGA-AR-A2LK:2:9634772:G	47	32	2	0	2	TCGA-AR-A2LK	0.40506329113924
TCGA-AR-A2LK:16:28507445:G	33	9	2	2	3	TCGA-AR-A2LK	0.214285714285714
TCGA-AR-A2LK:20:61867655:G	11	24	2	1	3	TCGA-AR-A2LK	0.685714285714286
TCGA-AR-A2LK:3:119434580:G	16	81	2	0	3	TCGA-AR-A2LK	0.835051546391753
TCGA-AR-A2LK:7:48092459:T	30	9	2	0	2	TCGA-AR-A2LK	0.230769230769231
TCGA-AR-A2LK:14:24546220:C	18	16	2	1	3	TCGA-AR-A2LK	0.470588235294118
TCGA-AR-A2LK:2:162879282:T	93	59	2	0	2	TCGA-AR-A2LK	0.388157894736842
TCGA-AR-A2LK:8:144811162:C	24	53	2	2	4	TCGA-AR-A2LK	0.688311688311688
TCGA-AR-A2LK:19:40419909:C	30	33	2	1	1	TCGA-AR-A2LK	0.523809523809524
TCGA-AR-A2LK:15:35044895:C	51	29	2	0	2	TCGA-AR-A2LK	0.3625
TCGA-AR-A2LK:1:222717378:C	51	55	2	1	4	TCGA-AR-A2LK	0.518867924528302
TCGA-AR-A2LK:5:154172349:G	82	57	2	2	2	TCGA-AR-A2LK	0.410071942446043
TCGA-AR-A2LK:11:89075271:A	9	24	2	0	1	TCGA-AR-A2LK	0.727272727272727
TCGA-AR-A2LK:3:97806718:G	38	20	2	0	3	TCGA-AR-A2LK	0.344827586206897
TCGA-AR-A2LK:16:21716591:G	59	45	2	2	3	TCGA-AR-A2LK	0.432692307692308
TCGA-AR-A2LK:3:178952085:A	15	74	2	0	3	TCGA-AR-A2LK	0.831460674157303
TCGA-AR-A2LK:1:113244320:C	21	22	2	1	1	TCGA-AR-A2LK	0.511627906976744
TCGA-AR-A2LK:17:62019025:G	49	25	2	1	3	TCGA-AR-A2LK	0.337837837837838
TCGA-AR-A2LK:9:102730740:C	37	26	2	1	1	TCGA-AR-A2LK	0.412698412698413
TCGA-AR-A2LK:6:152668216:G	146	33	2	1	2	TCGA-AR-A2LK	0.184357541899441
TCGA-AR-A2LK:2:74742786:C	31	8	2	0	2	TCGA-AR-A2LK	0.205128205128205
TCGA-AR-A2LK:7:99654807:C	28	11	2	0	2	TCGA-AR-A2LK	0.282051282051282
TCGA-AR-A2LK:17:66899538:G	72	68	2	1	3	TCGA-AR-A2LK	0.485714285714286
TCGA-AR-A2LK:18:59166446:G	60	7	2	1	2	TCGA-AR-A2LK	0.104477611940299
TCGA-AR-A2LK:3:74535758:A	82	13	2	0	3	TCGA-AR-A2LK	0.136842105263158
TCGA-AR-A2LK:18:29036959:A	53	28	2	1	2	TCGA-AR-A2LK	0.345679012345679
