mutation_id	ref_counts	var_counts	normal_cn	minor_cn	major_cn	variant_case	variant_freq
TCGA-B6-A0RP:4:8401327:T	50	31	2	2	2	TCGA-B6-A0RP	0.382716049382716
TCGA-B6-A0RP:2:202141634:G	61	24	2	2	2	TCGA-B6-A0RP	0.282352941176471
TCGA-B6-A0RP:3:130159662:G	36	63	2	1	4	TCGA-B6-A0RP	0.636363636363636
TCGA-B6-A0RP:13:39435627:C	31	21	2	0	1	TCGA-B6-A0RP	0.403846153846154
TCGA-B6-A0RP:15:22709627:C	48	17	2	1	1	TCGA-B6-A0RP	0.261538461538462
TCGA-B6-A0RP:1:32768220:A	28	20	2	1	2	TCGA-B6-A0RP	0.416666666666667
TCGA-B6-A0RP:1:55119090:G	45	14	2	1	2	TCGA-B6-A0RP	0.23728813559322
TCGA-B6-A0RP:7:151845739:C	42	19	2	1	2	TCGA-B6-A0RP	0.311475409836066
TCGA-B6-A0RP:7:100641631:C	22	8	2	2	2	TCGA-B6-A0RP	0.266666666666667
TCGA-B6-A0RP:19:9056515:C	68	24	2	2	2	TCGA-B6-A0RP	0.260869565217391
TCGA-B6-A0RP:12:57989795:A	100	23	2	1	2	TCGA-B6-A0RP	0.186991869918699
TCGA-B6-A0RP:17:36719585:G	36	25	2	2	2	TCGA-B6-A0RP	0.409836065573771
TCGA-B6-A0RP:19:55666131:T	90	41	2	2	2	TCGA-B6-A0RP	0.312977099236641
TCGA-B6-A0RP:12:72008334:T	60	16	2	1	1	TCGA-B6-A0RP	0.210526315789474
TCGA-B6-A0RP:9:114518627:T	54	7	2	1	1	TCGA-B6-A0RP	0.114754098360656
TCGA-B6-A0RP:16:55857523:C	110	18	2	0	1	TCGA-B6-A0RP	0.140625
TCGA-B6-A0RP:2:179435537:G	113	14	2	1	2	TCGA-B6-A0RP	0.110236220472441
