mutation_id	ref_counts	var_counts	normal_cn	minor_cn	major_cn	variant_case	variant_freq
TCGA-A2-A0T4:3:46399979:C	76	32	2	1	1	TCGA-A2-A0T4	0.296296296296296
TCGA-A2-A0T4:10:101150099:C	81	31	2	1	1	TCGA-A2-A0T4	0.276785714285714
TCGA-A2-A0T4:11:68548116:G	161	83	2	1	8	TCGA-A2-A0T4	0.340163934426229
TCGA-A2-A0T4:4:2717831:G	147	43	2	1	1	TCGA-A2-A0T4	0.226315789473684
TCGA-A2-A0T4:1:78414918:A	56	35	2	0	1	TCGA-A2-A0T4	0.384615384615385
TCGA-A2-A0T4:7:124387024:G	90	33	2	1	1	TCGA-A2-A0T4	0.268292682926829
TCGA-A2-A0T4:6:55441924:G	64	59	2	0	1	TCGA-A2-A0T4	0.479674796747967
TCGA-A2-A0T4:6:55443840:G	24	34	2	0	1	TCGA-A2-A0T4	0.586206896551724
TCGA-A2-A0T4:6:55443841:G	25	34	2	0	1	TCGA-A2-A0T4	0.576271186440678
TCGA-A2-A0T4:2:102626044:T	46	15	2	1	1	TCGA-A2-A0T4	0.245901639344262
TCGA-A2-A0T4:2:170060647:C	130	34	2	1	1	TCGA-A2-A0T4	0.207317073170732
TCGA-A2-A0T4:17:74735072:C	82	32	2	1	1	TCGA-A2-A0T4	0.280701754385965
TCGA-A2-A0T4:2:32460481:A	105	25	2	1	1	TCGA-A2-A0T4	0.192307692307692
TCGA-A2-A0T4:5:140812078:C	32	22	2	1	1	TCGA-A2-A0T4	0.407407407407407
TCGA-A2-A0T4:3:178952085:A	44	9	2	1	1	TCGA-A2-A0T4	0.169811320754717
TCGA-A2-A0T4:15:75341501:C	64	23	2	1	1	TCGA-A2-A0T4	0.264367816091954
TCGA-A2-A0T4:11:65825830:C	85	29	2	1	4	TCGA-A2-A0T4	0.254385964912281
TCGA-A2-A0T4:1:151748589:C	107	19	2	1	2	TCGA-A2-A0T4	0.150793650793651
TCGA-A2-A0T4:7:11581237:C	70	22	2	1	1	TCGA-A2-A0T4	0.239130434782609
TCGA-A2-A0T4:7:12373131:C	49	25	2	1	1	TCGA-A2-A0T4	0.337837837837838
TCGA-A2-A0T4:7:44802938:G	54	18	2	1	1	TCGA-A2-A0T4	0.25
TCGA-A2-A0T4:5:169135223:C	100	16	2	1	1	TCGA-A2-A0T4	0.137931034482759
TCGA-A2-A0T4:9:116794996:C	56	11	2	1	1	TCGA-A2-A0T4	0.164179104477612
