mutation_id	ref_counts	var_counts	normal_cn	minor_cn	major_cn	variant_case	variant_freq
TCGA-AR-A1AN:1:44458238:C	304	120	2	1	1	TCGA-AR-A1AN	0.283018867924528
TCGA-AR-A1AN:1:86591291:C	103	45	2	1	1	TCGA-AR-A1AN	0.304054054054054
TCGA-AR-A1AN:5:45262056:G	103	32	2	1	1	TCGA-AR-A1AN	0.237037037037037
TCGA-AR-A1AN:9:13224396:G	245	102	2	1	1	TCGA-AR-A1AN	0.293948126801153
TCGA-AR-A1AN:11:120180259:C	90	42	2	1	1	TCGA-AR-A1AN	0.318181818181818
TCGA-AR-A1AN:19:10221623:C	31	19	2	1	1	TCGA-AR-A1AN	0.38
TCGA-AR-A1AN:11:82561013:G	111	38	2	1	1	TCGA-AR-A1AN	0.25503355704698
TCGA-AR-A1AN:21:36252880:A	202	73	2	1	1	TCGA-AR-A1AN	0.265454545454545
TCGA-AR-A1AN:19:17760329:C	209	71	2	1	1	TCGA-AR-A1AN	0.253571428571429
TCGA-AR-A1AN:16:69832690:G	129	67	2	0	1	TCGA-AR-A1AN	0.341836734693878
TCGA-AR-A1AN:1:212792849:G	152	20	2	1	3	TCGA-AR-A1AN	0.116279069767442
TCGA-AR-A1AN:7:144015463:G	112	28	2	1	1	TCGA-AR-A1AN	0.2
