mutation_id	ref_counts	var_counts	normal_cn	minor_cn	major_cn	variant_case	variant_freq
TCGA-AO-A0JA:4:96052584:C	206	77	2	1	1	TCGA-AO-A0JA	0.27208480565371
TCGA-AO-A0JA:8:2910130:G	31	15	2	1	2	TCGA-AO-A0JA	0.326086956521739
TCGA-AO-A0JA:12:104698208:G	112	36	2	1	1	TCGA-AO-A0JA	0.243243243243243
TCGA-AO-A0JA:11:108383532:G	121	82	2	0	1	TCGA-AO-A0JA	0.403940886699507
TCGA-AO-A0JA:1:169511852:C	428	118	2	1	2	TCGA-AO-A0JA	0.216117216117216
TCGA-AO-A0JA:2:103040327:G	48	20	2	1	1	TCGA-AO-A0JA	0.294117647058824
TCGA-AO-A0JA:19:50661562:C	81	43	2	1	1	TCGA-AO-A0JA	0.346774193548387
TCGA-AO-A0JA:1:146395461:G	106	24	2	1	2	TCGA-AO-A0JA	0.184615384615385
TCGA-AO-A0JA:19:9225564:C	169	74	2	1	1	TCGA-AO-A0JA	0.304526748971193
TCGA-AO-A0JA:3:178936082:G	55	27	2	1	1	TCGA-AO-A0JA	0.329268292682927
TCGA-AO-A0JA:10:89692780:T	77	86	2	0	1	TCGA-AO-A0JA	0.52760736196319
TCGA-AO-A0JA:11:107833060:G	24	28	2	0	1	TCGA-AO-A0JA	0.538461538461538
TCGA-AO-A0JA:12:26749818:C	178	55	2	1	1	TCGA-AO-A0JA	0.236051502145923
