mutation_id	ref_counts	var_counts	normal_cn	minor_cn	major_cn	variant_case	variant_freq
TCGA-CQ-7065:11:128710112:G	122	36	2	1	2	TCGA-CQ-7065	0.227848101265823
TCGA-CQ-7065:12:56079057:G	26	17	2	1	1	TCGA-CQ-7065	0.395348837209302
TCGA-CQ-7065:12:57871047:A	36	14	2	1	1	TCGA-CQ-7065	0.28
TCGA-CQ-7065:12:123200127:G	73	37	2	1	1	TCGA-CQ-7065	0.336363636363636
TCGA-CQ-7065:13:32783208:T	23	29	2	0	1	TCGA-CQ-7065	0.557692307692308
TCGA-CQ-7065:14:20216210:T	39	18	2	1	1	TCGA-CQ-7065	0.315789473684211
TCGA-CQ-7065:14:50255970:C	101	46	2	1	1	TCGA-CQ-7065	0.312925170068027
TCGA-CQ-7065:16:30096327:C	67	41	2	1	1	TCGA-CQ-7065	0.37962962962963
TCGA-CQ-7065:17:7578394:T	37	17	2	1	1	TCGA-CQ-7065	0.314814814814815
TCGA-CQ-7065:17:19459314:T	31	21	2	1	1	TCGA-CQ-7065	0.403846153846154
TCGA-CQ-7065:19:9085093:G	24	13	2	1	1	TCGA-CQ-7065	0.351351351351351
TCGA-CQ-7065:2:40655955:T	43	24	2	1	1	TCGA-CQ-7065	0.358208955223881
TCGA-CQ-7065:2:128046236:C	291	138	2	1	1	TCGA-CQ-7065	0.321678321678322
TCGA-CQ-7065:2:179596537:C	97	38	2	1	1	TCGA-CQ-7065	0.281481481481481
TCGA-CQ-7065:2:217543684:C	37	29	2	1	1	TCGA-CQ-7065	0.439393939393939
TCGA-CQ-7065:3:52269072:G	19	24	2	0	1	TCGA-CQ-7065	0.558139534883721
TCGA-CQ-7065:3:179080166:T	34	47	2	1	2	TCGA-CQ-7065	0.580246913580247
TCGA-CQ-7065:3:195789750:G	53	26	2	1	2	TCGA-CQ-7065	0.329113924050633
TCGA-CQ-7065:4:20544192:G	158	91	2	1	1	TCGA-CQ-7065	0.365461847389558
TCGA-CQ-7065:4:69341983:C	78	48	2	1	1	TCGA-CQ-7065	0.380952380952381
TCGA-CQ-7065:7:116869938:A	29	11	2	1	1	TCGA-CQ-7065	0.275
TCGA-CQ-7065:17:60342311:G	70	8	2	1	1	TCGA-CQ-7065	0.102564102564103
TCGA-CQ-7065:2:141806669:G	111	42	2	1	1	TCGA-CQ-7065	0.274509803921569
TCGA-CQ-7065:2:166245201:C	59	19	2	1	1	TCGA-CQ-7065	0.243589743589744
TCGA-CQ-7065:5:28927390:G	51	5	2	1	1	TCGA-CQ-7065	0.0892857142857143
TCGA-CQ-7065:9:141070116:G	81	5	2	0	2	TCGA-CQ-7065	0.0581395348837209
