mutation_id	ref_counts	var_counts	normal_cn	minor_cn	major_cn	variant_case	variant_freq
TCGA-AR-A24N:11:68031210:C	23	7	2	1	1	TCGA-AR-A24N	0.233333333333333
TCGA-AR-A24N:9:140865931:G	56	37	2	1	1	TCGA-AR-A24N	0.397849462365591
TCGA-AR-A24N:17:36977158:C	33	18	2	1	1	TCGA-AR-A24N	0.352941176470588
TCGA-AR-A24N:8:140714982:T	70	15	2	1	5	TCGA-AR-A24N	0.176470588235294
TCGA-AR-A24N:7:151860728:G	75	55	2	1	1	TCGA-AR-A24N	0.423076923076923
TCGA-AR-A24N:1:72241932:C	32	25	2	1	1	TCGA-AR-A24N	0.43859649122807
TCGA-AR-A24N:1:247655187:G	31	5	2	1	3	TCGA-AR-A24N	0.138888888888889
TCGA-AR-A24N:19:50091757:G	27	10	2	1	1	TCGA-AR-A24N	0.27027027027027
TCGA-AR-A24N:12:21639494:C	16	16	2	1	1	TCGA-AR-A24N	0.5
TCGA-AR-A24N:16:731865:C	16	20	2	1	2	TCGA-AR-A24N	0.555555555555556
TCGA-AR-A24N:1:223971901:G	37	74	2	1	3	TCGA-AR-A24N	0.666666666666667
TCGA-AR-A24N:16:4924371:C	25	8	2	1	2	TCGA-AR-A24N	0.242424242424242
TCGA-AR-A24N:11:5530467:G	37	13	2	1	1	TCGA-AR-A24N	0.26
TCGA-AR-A24N:4:120193097:C	18	12	2	1	1	TCGA-AR-A24N	0.4
TCGA-AR-A24N:14:97299833:G	24	18	2	1	1	TCGA-AR-A24N	0.428571428571429
TCGA-AR-A24N:19:44891754:G	28	12	2	1	1	TCGA-AR-A24N	0.3
TCGA-AR-A24N:19:57908526:C	93	71	2	1	1	TCGA-AR-A24N	0.432926829268293
TCGA-AR-A24N:8:144732952:T	36	103	2	1	5	TCGA-AR-A24N	0.741007194244604
TCGA-AR-A24N:16:74419288:T	167	82	2	0	1	TCGA-AR-A24N	0.329317269076305
TCGA-AR-A24N:19:21719514:A	35	9	2	1	1	TCGA-AR-A24N	0.204545454545455
