mutation_id	ref_counts	var_counts	normal_cn	minor_cn	major_cn	variant_case	variant_freq
TCGA-D8-A1XG:10:127734625:C	48	27	2	1	1	TCGA-D8-A1XG	0.36
TCGA-D8-A1XG:5:148709274:C	38	24	2	1	1	TCGA-D8-A1XG	0.387096774193548
TCGA-D8-A1XG:3:10370591:G	56	39	2	1	1	TCGA-D8-A1XG	0.410526315789474
TCGA-D8-A1XG:4:184240759:G	17	37	2	0	1	TCGA-D8-A1XG	0.685185185185185
TCGA-D8-A1XG:11:31653874:G	47	41	2	1	1	TCGA-D8-A1XG	0.465909090909091
TCGA-D8-A1XG:5:127597566:C	42	41	2	1	1	TCGA-D8-A1XG	0.493975903614458
TCGA-D8-A1XG:3:111632438:G	53	23	2	1	1	TCGA-D8-A1XG	0.302631578947368
TCGA-D8-A1XG:20:35689643:C	39	28	2	1	1	TCGA-D8-A1XG	0.417910447761194
TCGA-D8-A1XG:4:140454468:T	19	28	2	0	1	TCGA-D8-A1XG	0.595744680851064
TCGA-D8-A1XG:2:107423302:G	24	10	2	1	1	TCGA-D8-A1XG	0.294117647058824
TCGA-D8-A1XG:19:6711025:C	64	8	2	1	1	TCGA-D8-A1XG	0.111111111111111
TCGA-D8-A1XG:7:100643088:A	42	6	2	1	1	TCGA-D8-A1XG	0.125
TCGA-D8-A1XG:11:63071594:C	145	31	2	1	1	TCGA-D8-A1XG	0.176136363636364
TCGA-D8-A1XG:15:45954163:A	71	21	2	1	1	TCGA-D8-A1XG	0.228260869565217
