mutation_id	ref_counts	var_counts	normal_cn	minor_cn	major_cn	variant_case	variant_freq
TCGA-GM-A2DD:1:970683:G	33	26	2	2	2	TCGA-GM-A2DD	0.440677966101695
TCGA-GM-A2DD:4:114257088:C	36	21	2	1	1	TCGA-GM-A2DD	0.368421052631579
TCGA-GM-A2DD:3:49011143:G	67	9	2	1	2	TCGA-GM-A2DD	0.118421052631579
TCGA-GM-A2DD:6:32094895:T	35	12	2	1	2	TCGA-GM-A2DD	0.25531914893617
TCGA-GM-A2DD:12:52467488:G	63	10	2	1	2	TCGA-GM-A2DD	0.136986301369863
TCGA-GM-A2DD:16:68844164:C	60	9	2	1	1	TCGA-GM-A2DD	0.130434782608696
TCGA-GM-A2DD:6:4935980:C	39	10	2	1	1	TCGA-GM-A2DD	0.204081632653061
TCGA-GM-A2DD:1:151509325:T	103	57	2	2	3	TCGA-GM-A2DD	0.35625
TCGA-GM-A2DD:12:108685826:G	45	15	2	1	2	TCGA-GM-A2DD	0.25
TCGA-GM-A2DD:15:37110091:T	37	6	2	1	1	TCGA-GM-A2DD	0.13953488372093
TCGA-GM-A2DD:11:33120663:C	38	15	2	1	1	TCGA-GM-A2DD	0.283018867924528
TCGA-GM-A2DD:14:24470289:C	339	71	2	1	2	TCGA-GM-A2DD	0.173170731707317
TCGA-GM-A2DD:7:36194147:G	63	7	2	2	2	TCGA-GM-A2DD	0.1
TCGA-GM-A2DD:4:46930366:C	68	10	2	1	2	TCGA-GM-A2DD	0.128205128205128
TCGA-GM-A2DD:9:101611262:A	61	9	2	1	1	TCGA-GM-A2DD	0.128571428571429
TCGA-GM-A2DD:1:62455912:G	46	16	2	1	2	TCGA-GM-A2DD	0.258064516129032
TCGA-GM-A2DD:3:49169777:T	61	22	2	1	2	TCGA-GM-A2DD	0.265060240963855
TCGA-GM-A2DD:4:17586655:C	38	7	2	1	2	TCGA-GM-A2DD	0.155555555555556
TCGA-GM-A2DD:10:27964235:T	146	21	2	1	1	TCGA-GM-A2DD	0.125748502994012
TCGA-GM-A2DD:10:22016857:G	28	10	2	1	2	TCGA-GM-A2DD	0.263157894736842
TCGA-GM-A2DD:16:57063982:G	80	10	2	2	3	TCGA-GM-A2DD	0.111111111111111
TCGA-GM-A2DD:7:129349050:C	52	7	2	1	1	TCGA-GM-A2DD	0.11864406779661
TCGA-GM-A2DD:1:107867331:T	57	11	2	1	2	TCGA-GM-A2DD	0.161764705882353
TCGA-GM-A2DD:11:51515936:A	97	17	2	1	1	TCGA-GM-A2DD	0.149122807017544
TCGA-GM-A2DD:3:178952085:A	45	13	2	1	3	TCGA-GM-A2DD	0.224137931034483
TCGA-GM-A2DD:7:99022771:C	23	10	2	2	4	TCGA-GM-A2DD	0.303030303030303
TCGA-GM-A2DD:20:3007821:A	122	14	2	2	3	TCGA-GM-A2DD	0.102941176470588
TCGA-GM-A2DD:14:24617078:C	31	8	2	1	2	TCGA-GM-A2DD	0.205128205128205
TCGA-GM-A2DD:17:26729308:G	44	27	2	0	3	TCGA-GM-A2DD	0.380281690140845
TCGA-GM-A2DD:3:52540798:C	26	6	2	1	2	TCGA-GM-A2DD	0.1875
TCGA-GM-A2DD:13:24242897:C	27	10	2	0	2	TCGA-GM-A2DD	0.27027027027027
TCGA-GM-A2DD:1:154144514:A	71	14	2	2	2	TCGA-GM-A2DD	0.164705882352941
TCGA-GM-A2DD:2:128896328:G	122	16	2	1	2	TCGA-GM-A2DD	0.115942028985507
TCGA-GM-A2DD:7:12412764:A	88	16	2	1	2	TCGA-GM-A2DD	0.153846153846154
TCGA-GM-A2DD:18:72913658:G	51	9	2	1	1	TCGA-GM-A2DD	0.15
