mutation_id	ref_counts	var_counts	normal_cn	minor_cn	major_cn	variant_case	variant_freq
TCGA-D8-A27N:7:91682267:A	35	10	2	1	1	TCGA-D8-A27N	0.222222222222222
TCGA-D8-A27N:17:72951961:G	149	40	2	1	12	TCGA-D8-A27N	0.211640211640212
TCGA-D8-A27N:1:196952137:T	136	31	2	1	2	TCGA-D8-A27N	0.18562874251497
TCGA-D8-A27N:8:65509378:T	25	14	2	1	1	TCGA-D8-A27N	0.358974358974359
TCGA-D8-A27N:2:233164783:G	35	15	2	1	1	TCGA-D8-A27N	0.3
TCGA-D8-A27N:18:65178341:G	34	19	2	0	1	TCGA-D8-A27N	0.358490566037736
TCGA-D8-A27N:19:55399502:C	23	17	2	1	2	TCGA-D8-A27N	0.425
TCGA-D8-A27N:17:61958411:C	179	48	2	1	11	TCGA-D8-A27N	0.211453744493392
TCGA-D8-A27N:4:170912535:A	72	28	2	1	1	TCGA-D8-A27N	0.28
TCGA-D8-A27N:22:36684952:C	41	22	2	1	1	TCGA-D8-A27N	0.349206349206349
TCGA-D8-A27N:11:4703136:G	27	10	2	1	1	TCGA-D8-A27N	0.27027027027027
TCGA-D8-A27N:9:119115961:T	58	29	2	1	1	TCGA-D8-A27N	0.333333333333333
TCGA-D8-A27N:8:110424512:C	46	23	2	1	1	TCGA-D8-A27N	0.333333333333333
TCGA-D8-A27N:3:171455363:C	86	26	2	1	2	TCGA-D8-A27N	0.232142857142857
TCGA-D8-A27N:12:57065615:C	51	19	2	1	1	TCGA-D8-A27N	0.271428571428571
TCGA-D8-A27N:1:33138484:C	70	32	2	1	1	TCGA-D8-A27N	0.313725490196078
TCGA-D8-A27N:17:48191567:G	31	80	2	0	1	TCGA-D8-A27N	0.720720720720721
TCGA-D8-A27N:1:67891834:C	76	43	2	1	1	TCGA-D8-A27N	0.361344537815126
TCGA-D8-A27N:11:64338508:G	61	16	2	1	3	TCGA-D8-A27N	0.207792207792208
TCGA-D8-A27N:19:19390149:G	24	9	2	1	1	TCGA-D8-A27N	0.272727272727273
TCGA-D8-A27N:10:116710886:C	135	59	2	1	1	TCGA-D8-A27N	0.304123711340206
TCGA-D8-A27N:7:6175584:T	68	25	2	1	1	TCGA-D8-A27N	0.268817204301075
TCGA-D8-A27N:9:2648254:G	34	23	2	1	1	TCGA-D8-A27N	0.403508771929825
TCGA-D8-A27N:3:184570300:C	22	22	2	0	1	TCGA-D8-A27N	0.5
TCGA-D8-A27N:3:194790704:G	25	9	2	1	3	TCGA-D8-A27N	0.264705882352941
TCGA-D8-A27N:7:129664182:C	20	15	2	1	1	TCGA-D8-A27N	0.428571428571429
TCGA-D8-A27N:1:27176930:G	58	19	2	1	1	TCGA-D8-A27N	0.246753246753247
TCGA-D8-A27N:19:10169599:C	34	8	2	1	1	TCGA-D8-A27N	0.19047619047619
TCGA-D8-A27N:18:674341:T	146	17	2	1	2	TCGA-D8-A27N	0.104294478527607
