mutation_id	ref_counts	var_counts	normal_cn	minor_cn	major_cn	variant_case	variant_freq
TCGA-AN-A0XR:14:105246445:A	11	97	2	0	2	TCGA-AN-A0XR	0.898148148148148
TCGA-AN-A0XR:5:112179286:C	118	71	2	1	1	TCGA-AN-A0XR	0.375661375661376
TCGA-AN-A0XR:1:76397891:C	118	75	2	1	1	TCGA-AN-A0XR	0.38860103626943
TCGA-AN-A0XR:21:40587280:G	233	179	2	1	1	TCGA-AN-A0XR	0.434466019417476
TCGA-AN-A0XR:11:122805197:G	85	72	2	1	1	TCGA-AN-A0XR	0.45859872611465
TCGA-AN-A0XR:5:26881437:G	275	196	2	1	1	TCGA-AN-A0XR	0.416135881104034
TCGA-AN-A0XR:1:6206325:G	128	90	2	1	1	TCGA-AN-A0XR	0.412844036697248
TCGA-AN-A0XR:16:66613573:G	13	39	2	0	1	TCGA-AN-A0XR	0.75
TCGA-AN-A0XR:3:130134498:G	91	84	2	0	2	TCGA-AN-A0XR	0.48
TCGA-AN-A0XR:12:93192857:A	107	97	2	1	1	TCGA-AN-A0XR	0.475490196078431
TCGA-AN-A0XR:12:50757068:G	349	213	2	1	1	TCGA-AN-A0XR	0.379003558718861
TCGA-AN-A0XR:1:110151266:C	184	130	2	1	1	TCGA-AN-A0XR	0.414012738853503
TCGA-AN-A0XR:6:24456781:C	230	162	2	1	1	TCGA-AN-A0XR	0.413265306122449
TCGA-AN-A0XR:6:125614019:C	190	145	2	1	1	TCGA-AN-A0XR	0.432835820895522
TCGA-AN-A0XR:8:95892348:C	150	88	2	1	1	TCGA-AN-A0XR	0.369747899159664
TCGA-AN-A0XR:12:247616:A	14	18	2	1	1	TCGA-AN-A0XR	0.5625
TCGA-AN-A0XR:1:21014005:G	22	8	2	1	1	TCGA-AN-A0XR	0.266666666666667
TCGA-AN-A0XR:19:16860188:G	26	27	2	1	1	TCGA-AN-A0XR	0.509433962264151
TCGA-AN-A0XR:19:8841539:G	214	171	2	1	1	TCGA-AN-A0XR	0.444155844155844
TCGA-AN-A0XR:5:140307132:G	23	21	2	1	1	TCGA-AN-A0XR	0.477272727272727
TCGA-AN-A0XR:1:242253346:G	462	205	2	1	2	TCGA-AN-A0XR	0.307346326836582
TCGA-AN-A0XR:19:808664:C	36	24	2	1	1	TCGA-AN-A0XR	0.4
TCGA-AN-A0XR:15:65345362:G	209	141	2	1	1	TCGA-AN-A0XR	0.402857142857143
TCGA-AN-A0XR:16:30718965:G	287	121	2	1	2	TCGA-AN-A0XR	0.29656862745098
TCGA-AN-A0XR:5:162943532:G	269	147	2	1	1	TCGA-AN-A0XR	0.353365384615385
