mutation_id	ref_counts	var_counts	normal_cn	minor_cn	major_cn	variant_case	variant_freq
TCGA-AQ-A1H2:2:241631413:T	52	27	2	1	1	TCGA-AQ-A1H2	0.341772151898734
TCGA-AQ-A1H2:1:36204752:G	48	28	2	1	1	TCGA-AQ-A1H2	0.368421052631579
TCGA-AQ-A1H2:1:40778134:T	52	39	2	1	1	TCGA-AQ-A1H2	0.428571428571429
TCGA-AQ-A1H2:5:175307021:G	32	26	2	1	1	TCGA-AQ-A1H2	0.448275862068966
TCGA-AQ-A1H2:10:115607027:T	40	27	2	1	1	TCGA-AQ-A1H2	0.402985074626866
TCGA-AQ-A1H2:8:120598499:G	194	81	2	1	2	TCGA-AQ-A1H2	0.294545454545455
TCGA-AQ-A1H2:2:26533779:C	13	18	2	0	2	TCGA-AQ-A1H2	0.580645161290323
TCGA-AQ-A1H2:21:30909667:A	39	23	2	1	1	TCGA-AQ-A1H2	0.370967741935484
TCGA-AQ-A1H2:3:47308543:A	45	33	2	0	2	TCGA-AQ-A1H2	0.423076923076923
TCGA-AQ-A1H2:6:160962167:C	54	36	2	1	1	TCGA-AQ-A1H2	0.4
TCGA-AQ-A1H2:15:34654803:A	19	23	2	1	1	TCGA-AQ-A1H2	0.547619047619048
TCGA-AQ-A1H2:18:13884764:C	3	28	2	0	1	TCGA-AQ-A1H2	0.903225806451613
TCGA-AQ-A1H2:17:2291304:C	30	32	2	1	1	TCGA-AQ-A1H2	0.516129032258065
TCGA-AQ-A1H2:5:140718824:T	26	19	2	1	1	TCGA-AQ-A1H2	0.422222222222222
TCGA-AQ-A1H2:3:178952085:A	40	17	2	1	1	TCGA-AQ-A1H2	0.298245614035088
TCGA-AQ-A1H2:20:62657296:A	26	18	2	1	2	TCGA-AQ-A1H2	0.409090909090909
TCGA-AQ-A1H2:3:78987810:C	51	37	2	1	1	TCGA-AQ-A1H2	0.420454545454545
TCGA-AQ-A1H2:17:7833976:C	16	15	2	1	1	TCGA-AQ-A1H2	0.483870967741935
