mutation_id	ref_counts	var_counts	normal_cn	minor_cn	major_cn	variant_case	variant_freq
TCGA-A8-A08O:20:43249699:T	42	15	2	2	2	TCGA-A8-A08O	0.263157894736842
TCGA-A8-A08O:2:21234125:A	195	47	2	1	2	TCGA-A8-A08O	0.194214876033058
TCGA-A8-A08O:12:14631311:G	191	100	2	2	2	TCGA-A8-A08O	0.343642611683849
TCGA-A8-A08O:1:158151458:G	62	40	2	2	2	TCGA-A8-A08O	0.392156862745098
TCGA-A8-A08O:17:61988207:C	59	12	2	2	3	TCGA-A8-A08O	0.169014084507042
TCGA-A8-A08O:4:110901145:G	139	87	2	2	2	TCGA-A8-A08O	0.384955752212389
TCGA-A8-A08O:16:31202420:G	33	18	2	2	2	TCGA-A8-A08O	0.352941176470588
TCGA-A8-A08O:10:103869779:A	34	8	2	2	2	TCGA-A8-A08O	0.19047619047619
TCGA-A8-A08O:12:56554049:A	68	22	2	2	2	TCGA-A8-A08O	0.244444444444444
TCGA-A8-A08O:11:56114030:G	239	108	2	1	3	TCGA-A8-A08O	0.311239193083574
TCGA-A8-A08O:1:17567195:G	31	16	2	1	4	TCGA-A8-A08O	0.340425531914894
TCGA-A8-A08O:3:178952085:A	120	39	2	1	2	TCGA-A8-A08O	0.245283018867925
TCGA-A8-A08O:5:133537565:G	59	15	2	2	2	TCGA-A8-A08O	0.202702702702703
TCGA-A8-A08O:17:66526534:G	205	162	2	2	3	TCGA-A8-A08O	0.44141689373297
TCGA-A8-A08O:11:124740064:G	26	9	2	0	2	TCGA-A8-A08O	0.257142857142857
TCGA-A8-A08O:1:217975165:A	45	24	2	2	2	TCGA-A8-A08O	0.347826086956522
TCGA-A8-A08O:9:32633083:C	148	39	2	1	2	TCGA-A8-A08O	0.20855614973262
TCGA-A8-A08O:3:36874921:G	31	15	2	1	2	TCGA-A8-A08O	0.326086956521739
TCGA-A8-A08O:15:43696712:T	111	79	2	1	2	TCGA-A8-A08O	0.415789473684211
