mutation_id	ref_counts	var_counts	normal_cn	minor_cn	major_cn	variant_case	variant_freq
TCGA-A8-A08B:12:52370172:C	92	54	2	1	1	TCGA-A8-A08B	0.36986301369863
TCGA-A8-A08B:20:32878392:G	138	83	2	1	1	TCGA-A8-A08B	0.375565610859729
TCGA-A8-A08B:7:91652213:C	101	44	2	1	1	TCGA-A8-A08B	0.303448275862069
TCGA-A8-A08B:18:56191061:A	44	47	2	0	1	TCGA-A8-A08B	0.516483516483517
TCGA-A8-A08B:15:83932783:G	52	38	2	1	1	TCGA-A8-A08B	0.422222222222222
TCGA-A8-A08B:1:223177609:C	60	35	2	1	3	TCGA-A8-A08B	0.368421052631579
TCGA-A8-A08B:15:63958635:G	61	35	2	1	1	TCGA-A8-A08B	0.364583333333333
TCGA-A8-A08B:16:32163575:G	13	19	2	1	2	TCGA-A8-A08B	0.59375
TCGA-A8-A08B:19:14143204:C	21	13	2	1	1	TCGA-A8-A08B	0.382352941176471
TCGA-A8-A08B:6:131908938:G	82	22	2	1	2	TCGA-A8-A08B	0.211538461538462
TCGA-A8-A08B:5:32088972:T	82	49	2	1	1	TCGA-A8-A08B	0.374045801526718
TCGA-A8-A08B:3:178936091:G	53	35	2	1	1	TCGA-A8-A08B	0.397727272727273
TCGA-A8-A08B:14:52741544:G	58	35	2	1	1	TCGA-A8-A08B	0.376344086021505
TCGA-A8-A08B:1:173939653:C	103	135	2	1	2	TCGA-A8-A08B	0.567226890756303
TCGA-A8-A08B:17:34493597:C	34	14	2	1	5	TCGA-A8-A08B	0.291666666666667
TCGA-A8-A08B:22:29727482:G	62	12	2	1	1	TCGA-A8-A08B	0.162162162162162
TCGA-A8-A08B:17:6929853:G	47	7	2	0	1	TCGA-A8-A08B	0.12962962962963
TCGA-A8-A08B:1:89849788:G	66	13	2	1	1	TCGA-A8-A08B	0.164556962025316
TCGA-A8-A08B:4:22440036:T	46	18	2	0	1	TCGA-A8-A08B	0.28125
TCGA-A8-A08B:11:7960264:G	221	52	2	1	1	TCGA-A8-A08B	0.19047619047619
TCGA-A8-A08B:1:12980232:G	37	6	2	1	1	TCGA-A8-A08B	0.13953488372093
TCGA-A8-A08B:10:105363029:G	72	8	2	1	1	TCGA-A8-A08B	0.1
TCGA-A8-A08B:4:122853579:G	28	8	2	0	1	TCGA-A8-A08B	0.222222222222222
TCGA-A8-A08B:4:69973882:C	146	26	2	0	1	TCGA-A8-A08B	0.151162790697674
TCGA-A8-A08B:19:56720191:A	77	9	2	0	1	TCGA-A8-A08B	0.104651162790698
