mutation_id	ref_counts	var_counts	normal_cn	minor_cn	major_cn	variant_case	variant_freq
TCGA-A8-A07P:19:10663675:C	26	19	2	1	2	TCGA-A8-A07P	0.422222222222222
TCGA-A8-A07P:15:25925049:C	47	24	2	1	1	TCGA-A8-A07P	0.338028169014085
TCGA-A8-A07P:13:31495228:A	26	31	2	0	1	TCGA-A8-A07P	0.543859649122807
TCGA-A8-A07P:3:10146188:G	58	38	2	1	1	TCGA-A8-A07P	0.395833333333333
TCGA-A8-A07P:12:57859576:C	97	54	2	1	1	TCGA-A8-A07P	0.357615894039735
TCGA-A8-A07P:5:178408823:G	26	9	2	1	1	TCGA-A8-A07P	0.257142857142857
TCGA-A8-A07P:9:6814672:G	90	45	2	1	1	TCGA-A8-A07P	0.333333333333333
TCGA-A8-A07P:1:152733785:C	35	13	2	1	1	TCGA-A8-A07P	0.270833333333333
TCGA-A8-A07P:12:27890496:C	59	33	2	1	1	TCGA-A8-A07P	0.358695652173913
TCGA-A8-A07P:17:38251892:A	31	10	2	1	4	TCGA-A8-A07P	0.24390243902439
TCGA-A8-A07P:21:16338239:G	124	60	2	1	1	TCGA-A8-A07P	0.326086956521739
TCGA-A8-A07P:11:4936757:C	61	42	2	1	1	TCGA-A8-A07P	0.407766990291262
TCGA-A8-A07P:11:57114069:G	30	19	2	1	1	TCGA-A8-A07P	0.387755102040816
TCGA-A8-A07P:18:61471507:T	68	115	2	1	3	TCGA-A8-A07P	0.628415300546448
TCGA-A8-A07P:9:135211712:T	104	51	2	1	1	TCGA-A8-A07P	0.329032258064516
TCGA-A8-A07P:19:51629052:A	38	21	2	1	1	TCGA-A8-A07P	0.355932203389831
TCGA-A8-A07P:12:129285502:C	40	18	2	1	2	TCGA-A8-A07P	0.310344827586207
TCGA-A8-A07P:4:184932355:G	24	9	2	1	1	TCGA-A8-A07P	0.272727272727273
TCGA-A8-A07P:3:189582203:C	55	43	2	1	1	TCGA-A8-A07P	0.438775510204082
TCGA-A8-A07P:12:122437780:C	77	30	2	1	2	TCGA-A8-A07P	0.280373831775701
TCGA-A8-A07P:2:100623894:C	79	47	2	0	1	TCGA-A8-A07P	0.373015873015873
TCGA-A8-A07P:12:50368232:T	44	16	2	1	1	TCGA-A8-A07P	0.266666666666667
TCGA-A8-A07P:11:108164152:G	63	62	2	0	1	TCGA-A8-A07P	0.496
TCGA-A8-A07P:4:42416696:C	102	13	2	1	1	TCGA-A8-A07P	0.11304347826087
TCGA-A8-A07P:2:6990088:G	85	34	2	0	1	TCGA-A8-A07P	0.285714285714286
TCGA-A8-A07P:2:80136769:C	27	5	2	0	1	TCGA-A8-A07P	0.15625
TCGA-A8-A07P:2:88425708:C	271	113	2	0	1	TCGA-A8-A07P	0.294270833333333
TCGA-A8-A07P:2:26417472:C	35	10	2	0	1	TCGA-A8-A07P	0.222222222222222
TCGA-A8-A07P:11:118350902:C	45	42	2	0	1	TCGA-A8-A07P	0.482758620689655
TCGA-A8-A07P:17:2575983:G	37	7	2	0	1	TCGA-A8-A07P	0.159090909090909
TCGA-A8-A07P:2:113405016:C	67	29	2	0	1	TCGA-A8-A07P	0.302083333333333
TCGA-A8-A07P:4:27009202:C	40	13	2	1	1	TCGA-A8-A07P	0.245283018867925
