mutation_id	ref_counts	var_counts	normal_cn	minor_cn	major_cn	variant_case	variant_freq
TCGA-E2-A1IO:1:196973889:C	30	9	2	0	2	TCGA-E2-A1IO	0.230769230769231
TCGA-E2-A1IO:1:24465129:G	32	7	2	2	2	TCGA-E2-A1IO	0.179487179487179
TCGA-E2-A1IO:17:10415212:G	61	17	2	1	1	TCGA-E2-A1IO	0.217948717948718
TCGA-E2-A1IO:3:178936082:G	29	8	2	2	2	TCGA-E2-A1IO	0.216216216216216
TCGA-E2-A1IO:11:62065069:G	42	5	2	2	2	TCGA-E2-A1IO	0.106382978723404
