mutation_id	ref_counts	var_counts	normal_cn	minor_cn	major_cn	variant_case	variant_freq
TCGA-AR-A0U0:13:25264568:G	30	6	2	0	1	TCGA-AR-A0U0	0.166666666666667
TCGA-AR-A0U0:16:19656250:G	125	24	2	1	1	TCGA-AR-A0U0	0.161073825503356
TCGA-AR-A0U0:3:184801097:C	45	7	2	0	2	TCGA-AR-A0U0	0.134615384615385
TCGA-AR-A0U0:6:38834385:C	35	26	2	2	3	TCGA-AR-A0U0	0.426229508196721
TCGA-AR-A0U0:4:88536082:C	29	9	2	1	1	TCGA-AR-A0U0	0.236842105263158
TCGA-AR-A0U0:3:184910162:A	19	16	2	0	2	TCGA-AR-A0U0	0.457142857142857
TCGA-AR-A0U0:18:2891304:G	23	19	2	2	2	TCGA-AR-A0U0	0.452380952380952
TCGA-AR-A0U0:4:172735562:G	33	8	2	0	1	TCGA-AR-A0U0	0.195121951219512
TCGA-AR-A0U0:6:52878680:G	88	24	2	2	3	TCGA-AR-A0U0	0.214285714285714
TCGA-AR-A0U0:2:100910844:G	26	5	2	1	2	TCGA-AR-A0U0	0.161290322580645
TCGA-AR-A0U0:7:151927054:C	69	11	2	0	3	TCGA-AR-A0U0	0.1375
TCGA-AR-A0U0:6:153043015:C	31	9	2	2	2	TCGA-AR-A0U0	0.225
TCGA-AR-A0U0:10:102049824:G	21	10	2	0	2	TCGA-AR-A0U0	0.32258064516129
TCGA-AR-A0U0:2:227731981:G	139	27	2	1	2	TCGA-AR-A0U0	0.162650602409639
TCGA-AR-A0U0:1:169679648:C	43	5	2	1	2	TCGA-AR-A0U0	0.104166666666667
TCGA-AR-A0U0:17:7578268:A	59	49	2	0	2	TCGA-AR-A0U0	0.453703703703704
TCGA-AR-A0U0:2:179593823:G	31	5	2	1	2	TCGA-AR-A0U0	0.138888888888889
TCGA-AR-A0U0:2:179650411:C	42	13	2	1	2	TCGA-AR-A0U0	0.236363636363636
TCGA-AR-A0U0:16:3274374:C	98	20	2	1	1	TCGA-AR-A0U0	0.169491525423729
TCGA-AR-A0U0:19:53304396:C	130	29	2	1	1	TCGA-AR-A0U0	0.182389937106918
TCGA-AR-A0U0:18:30803162:G	99	12	2	1	2	TCGA-AR-A0U0	0.108108108108108
TCGA-AR-A0U0:3:180669241:C	49	7	2	0	2	TCGA-AR-A0U0	0.125
