mutation_id	ref_counts	var_counts	normal_cn	minor_cn	major_cn	variant_case	variant_freq
TCGA-A8-A09D:5:76348570:T	40	27	2	1	1	TCGA-A8-A09D	0.402985074626866
TCGA-A8-A09D:3:15753674:C	16	15	2	1	3	TCGA-A8-A09D	0.483870967741935
TCGA-A8-A09D:14:60938269:C	242	61	2	1	4	TCGA-A8-A09D	0.201320132013201
TCGA-A8-A09D:12:22797164:T	46	25	2	1	1	TCGA-A8-A09D	0.352112676056338
TCGA-A8-A09D:17:61897442:C	307	66	2	1	3	TCGA-A8-A09D	0.176943699731903
TCGA-A8-A09D:1:231403652:A	64	22	2	1	1	TCGA-A8-A09D	0.255813953488372
TCGA-A8-A09D:21:35255938:C	90	40	2	1	1	TCGA-A8-A09D	0.307692307692308
TCGA-A8-A09D:21:31798069:C	66	238	2	1	11	TCGA-A8-A09D	0.782894736842105
TCGA-A8-A09D:17:72937790:G	40	42	2	1	2	TCGA-A8-A09D	0.51219512195122
TCGA-A8-A09D:3:178952085:A	151	61	2	1	1	TCGA-A8-A09D	0.287735849056604
TCGA-A8-A09D:8:103309809:C	32	228	2	0	16	TCGA-A8-A09D	0.876923076923077
TCGA-A8-A09D:6:99887726:G	76	34	2	1	1	TCGA-A8-A09D	0.309090909090909
TCGA-A8-A09D:3:195937533:G	25	10	2	1	1	TCGA-A8-A09D	0.285714285714286
TCGA-A8-A09D:6:56879947:C	82	20	2	1	1	TCGA-A8-A09D	0.196078431372549
TCGA-A8-A09D:20:17475142:C	66	17	2	1	1	TCGA-A8-A09D	0.204819277108434
TCGA-A8-A09D:19:42213623:C	293	96	2	0	1	TCGA-A8-A09D	0.246786632390745
TCGA-A8-A09D:2:211471494:A	115	19	2	1	1	TCGA-A8-A09D	0.141791044776119
TCGA-A8-A09D:1:34046410:G	70	8	2	0	1	TCGA-A8-A09D	0.102564102564103
TCGA-A8-A09D:14:24702445:C	513	83	2	1	3	TCGA-A8-A09D	0.139261744966443
TCGA-A8-A09D:22:22550611:C	62	11	2	1	1	TCGA-A8-A09D	0.150684931506849
TCGA-A8-A09D:19:10781784:C	58	7	2	0	1	TCGA-A8-A09D	0.107692307692308
TCGA-A8-A09D:19:9090876:C	232	70	2	0	1	TCGA-A8-A09D	0.231788079470199
TCGA-A8-A09D:11:1271132:C	34	14	2	0	1	TCGA-A8-A09D	0.291666666666667
TCGA-A8-A09D:1:236189206:C	159	45	2	1	1	TCGA-A8-A09D	0.220588235294118
TCGA-A8-A09D:9:95077771:C	105	20	2	1	1	TCGA-A8-A09D	0.16
TCGA-A8-A09D:1:248737984:C	252	79	2	1	1	TCGA-A8-A09D	0.238670694864048
TCGA-A8-A09D:5:67589269:A	77	22	2	1	1	TCGA-A8-A09D	0.222222222222222
TCGA-A8-A09D:15:34628702:C	48	8	2	1	1	TCGA-A8-A09D	0.142857142857143
TCGA-A8-A09D:1:150470165:T	140	49	2	1	1	TCGA-A8-A09D	0.259259259259259
TCGA-A8-A09D:7:142239697:G	182	26	2	1	1	TCGA-A8-A09D	0.125
TCGA-A8-A09D:1:193051360:C	98	28	2	1	1	TCGA-A8-A09D	0.222222222222222
TCGA-A8-A09D:19:9721093:T	468	144	2	0	1	TCGA-A8-A09D	0.235294117647059
TCGA-A8-A09D:19:44103077:C	60	13	2	0	1	TCGA-A8-A09D	0.178082191780822
