mutation_id	ref_counts	var_counts	normal_cn	minor_cn	major_cn	variant_case	variant_freq
TCGA-E9-A1N4:4:39553738:T	102	56	2	1	1	TCGA-E9-A1N4	0.354430379746835
TCGA-E9-A1N4:19:16593495:C	43	20	2	1	1	TCGA-E9-A1N4	0.317460317460317
TCGA-E9-A1N4:21:37771831:A	84	40	2	1	1	TCGA-E9-A1N4	0.32258064516129
TCGA-E9-A1N4:13:52345423:G	31	24	2	1	1	TCGA-E9-A1N4	0.436363636363636
TCGA-E9-A1N4:13:39453040:G	71	35	2	1	1	TCGA-E9-A1N4	0.330188679245283
TCGA-E9-A1N4:3:180680687:G	71	37	2	1	1	TCGA-E9-A1N4	0.342592592592593
TCGA-E9-A1N4:10:15614253:A	42	18	2	1	1	TCGA-E9-A1N4	0.3
TCGA-E9-A1N4:12:5153951:T	15	26	2	0	2	TCGA-E9-A1N4	0.634146341463415
TCGA-E9-A1N4:5:56178577:G	41	19	2	1	1	TCGA-E9-A1N4	0.316666666666667
TCGA-E9-A1N4:15:42111445:C	38	15	2	1	1	TCGA-E9-A1N4	0.283018867924528
TCGA-E9-A1N4:1:204507346:G	52	29	2	1	1	TCGA-E9-A1N4	0.358024691358025
TCGA-E9-A1N4:8:71078828:G	41	16	2	1	1	TCGA-E9-A1N4	0.280701754385965
TCGA-E9-A1N4:7:75959501:G	30	11	2	1	1	TCGA-E9-A1N4	0.268292682926829
TCGA-E9-A1N4:3:44701222:C	36	13	2	1	1	TCGA-E9-A1N4	0.26530612244898
TCGA-E9-A1N4:1:46073697:C	29	5	2	1	1	TCGA-E9-A1N4	0.147058823529412
TCGA-E9-A1N4:11:89607385:G	38	6	2	1	1	TCGA-E9-A1N4	0.136363636363636
