mutation_id	ref_counts	var_counts	normal_cn	minor_cn	major_cn	variant_case	variant_freq
TCGA-AO-A12A:18:56203486:T	75	15	2	3	3	TCGA-AO-A12A	0.166666666666667
TCGA-AO-A12A:1:196759282:C	81	24	2	1	9	TCGA-AO-A12A	0.228571428571429
TCGA-AO-A12A:12:56479001:C	48	6	2	2	3	TCGA-AO-A12A	0.111111111111111
TCGA-AO-A12A:14:86089046:G	92	11	2	2	3	TCGA-AO-A12A	0.106796116504854
TCGA-AO-A12A:5:153056565:G	56	9	2	3	3	TCGA-AO-A12A	0.138461538461538
TCGA-AO-A12A:21:45993851:C	31	10	2	2	3	TCGA-AO-A12A	0.24390243902439
TCGA-AO-A12A:7:100647276:C	118	15	2	2	3	TCGA-AO-A12A	0.112781954887218
TCGA-AO-A12A:1:248616883:T	122	18	2	1	9	TCGA-AO-A12A	0.128571428571429
TCGA-AO-A12A:12:80750196:G	54	13	2	2	3	TCGA-AO-A12A	0.194029850746269
TCGA-AO-A12A:3:178936082:G	69	41	2	2	3	TCGA-AO-A12A	0.372727272727273
TCGA-AO-A12A:6:43571740:G	144	18	2	2	3	TCGA-AO-A12A	0.111111111111111
TCGA-AO-A12A:19:44117260:C	63	7	2	3	3	TCGA-AO-A12A	0.1
TCGA-AO-A12A:19:20026206:G	211	27	2	3	3	TCGA-AO-A12A	0.113445378151261
