mutation_id	ref_counts	var_counts	normal_cn	minor_cn	major_cn	variant_case	variant_freq
TCGA-AN-A0XS:6:26598210:G	21	11	2	1	1	TCGA-AN-A0XS	0.34375
TCGA-AN-A0XS:2:148680662:C	100	55	2	1	1	TCGA-AN-A0XS	0.354838709677419
TCGA-AN-A0XS:2:201523988:T	79	36	2	1	1	TCGA-AN-A0XS	0.31304347826087
TCGA-AN-A0XS:2:216177253:G	90	50	2	1	1	TCGA-AN-A0XS	0.357142857142857
TCGA-AN-A0XS:20:50287755:C	74	32	2	1	1	TCGA-AN-A0XS	0.30188679245283
TCGA-AN-A0XS:12:104208866:T	120	52	2	1	1	TCGA-AN-A0XS	0.302325581395349
TCGA-AN-A0XS:3:73433946:C	68	32	2	1	1	TCGA-AN-A0XS	0.32
TCGA-AN-A0XS:3:178936091:G	104	39	2	1	1	TCGA-AN-A0XS	0.272727272727273
TCGA-AN-A0XS:1:167667018:G	25	6	2	1	1	TCGA-AN-A0XS	0.193548387096774
TCGA-AN-A0XS:1:64643303:A	64	36	2	1	1	TCGA-AN-A0XS	0.36
TCGA-AN-A0XS:5:171766645:C	49	30	2	1	1	TCGA-AN-A0XS	0.379746835443038
TCGA-AN-A0XS:5:140682837:G	98	45	2	1	1	TCGA-AN-A0XS	0.314685314685315
TCGA-AN-A0XS:19:10742416:A	69	40	2	1	1	TCGA-AN-A0XS	0.36697247706422
TCGA-AN-A0XS:20:3214874:G	74	41	2	1	1	TCGA-AN-A0XS	0.356521739130435
TCGA-AN-A0XS:1:12157238:G	95	47	2	1	1	TCGA-AN-A0XS	0.330985915492958
TCGA-AN-A0XS:18:51889197:G	125	42	2	1	1	TCGA-AN-A0XS	0.251497005988024
TCGA-AN-A0XS:7:30704716:G	53	25	2	0	1	TCGA-AN-A0XS	0.320512820512821
TCGA-AN-A0XS:15:41275191:G	32	14	2	0	1	TCGA-AN-A0XS	0.304347826086957
TCGA-AN-A0XS:11:118486807:G	46	12	2	0	1	TCGA-AN-A0XS	0.206896551724138
TCGA-AN-A0XS:18:8088802:C	147	44	2	1	1	TCGA-AN-A0XS	0.230366492146597
