mutation_id	ref_counts	var_counts	normal_cn	minor_cn	major_cn	variant_case	variant_freq
TCGA-AO-A0JM:10:90701048:C	66	16	2	1	2	TCGA-AO-A0JM	0.195121951219512
TCGA-AO-A0JM:21:28337771:C	63	11	2	2	2	TCGA-AO-A0JM	0.148648648648649
TCGA-AO-A0JM:11:108235935:C	82	139	2	0	2	TCGA-AO-A0JM	0.6289592760181
TCGA-AO-A0JM:6:36178148:T	26	20	2	2	2	TCGA-AO-A0JM	0.434782608695652
TCGA-AO-A0JM:6:36178149:T	26	19	2	2	2	TCGA-AO-A0JM	0.422222222222222
TCGA-AO-A0JM:7:112124906:G	117	30	2	1	2	TCGA-AO-A0JM	0.204081632653061
TCGA-AO-A0JM:7:112462138:C	91	23	2	1	2	TCGA-AO-A0JM	0.201754385964912
TCGA-AO-A0JM:19:39517580:T	25	42	2	0	2	TCGA-AO-A0JM	0.626865671641791
TCGA-AO-A0JM:3:97726675:C	36	23	2	2	2	TCGA-AO-A0JM	0.389830508474576
TCGA-AO-A0JM:3:81698093:G	40	9	2	1	2	TCGA-AO-A0JM	0.183673469387755
TCGA-AO-A0JM:17:28817222:C	71	20	2	1	2	TCGA-AO-A0JM	0.21978021978022
TCGA-AO-A0JM:2:197662581:C	34	14	2	1	2	TCGA-AO-A0JM	0.291666666666667
TCGA-AO-A0JM:22:46712078:G	18	38	2	0	3	TCGA-AO-A0JM	0.678571428571429
TCGA-AO-A0JM:11:65272844:G	153	33	2	2	3	TCGA-AO-A0JM	0.17741935483871
TCGA-AO-A0JM:11:65273176:G	285	58	2	2	3	TCGA-AO-A0JM	0.169096209912536
TCGA-AO-A0JM:1:204513770:T	75	18	2	2	3	TCGA-AO-A0JM	0.193548387096774
TCGA-AO-A0JM:1:93594865:G	140	34	2	1	2	TCGA-AO-A0JM	0.195402298850575
TCGA-AO-A0JM:7:94915619:A	93	25	2	1	2	TCGA-AO-A0JM	0.211864406779661
TCGA-AO-A0JM:8:48761994:T	73	96	2	0	2	TCGA-AO-A0JM	0.568047337278107
TCGA-AO-A0JM:20:4776604:G	72	16	2	2	2	TCGA-AO-A0JM	0.181818181818182
TCGA-AO-A0JM:14:35045013:G	23	29	2	2	3	TCGA-AO-A0JM	0.557692307692308
TCGA-AO-A0JM:16:30718895:G	37	13	2	2	2	TCGA-AO-A0JM	0.26
TCGA-AO-A0JM:14:70235927:C	59	17	2	2	3	TCGA-AO-A0JM	0.223684210526316
TCGA-AO-A0JM:14:64428284:T	45	14	2	2	3	TCGA-AO-A0JM	0.23728813559322
TCGA-AO-A0JM:6:10398921:A	131	20	2	2	3	TCGA-AO-A0JM	0.132450331125828
TCGA-AO-A0JM:2:228769656:C	129	33	2	1	2	TCGA-AO-A0JM	0.203703703703704
TCGA-AO-A0JM:3:14725873:C	72	8	2	2	2	TCGA-AO-A0JM	0.1
TCGA-AO-A0JM:1:62979249:C	214	47	2	1	2	TCGA-AO-A0JM	0.18007662835249
