mutation_id	ref_counts	var_counts	normal_cn	minor_cn	major_cn	variant_case	variant_freq
TCGA-BH-A1EW:10:85965678:G	162	23	2	2	2	TCGA-BH-A1EW	0.124324324324324
TCGA-BH-A1EW:1:11718651:G	82	16	2	2	3	TCGA-BH-A1EW	0.163265306122449
TCGA-BH-A1EW:12:54857054:C	298	44	2	3	4	TCGA-BH-A1EW	0.128654970760234
TCGA-BH-A1EW:12:14835986:C	115	17	2	3	3	TCGA-BH-A1EW	0.128787878787879
TCGA-BH-A1EW:17:28960257:T	237	35	2	4	5	TCGA-BH-A1EW	0.128676470588235
TCGA-BH-A1EW:7:45124668:T	41	5	2	2	2	TCGA-BH-A1EW	0.108695652173913
TCGA-BH-A1EW:12:76765227:C	411	53	2	0	2	TCGA-BH-A1EW	0.114224137931034
TCGA-BH-A1EW:17:75471846:C	70	11	2	4	5	TCGA-BH-A1EW	0.135802469135802
TCGA-BH-A1EW:4:69817413:G	84	17	2	3	3	TCGA-BH-A1EW	0.168316831683168
