mutation_id	ref_counts	var_counts	normal_cn	minor_cn	major_cn	variant_case	variant_freq
TCGA-BH-A0H9:4:185678828:C	451	113	2	1	1	TCGA-BH-A0H9	0.200354609929078
TCGA-BH-A0H9:20:47601333:G	756	208	2	1	22	TCGA-BH-A0H9	0.215767634854772
TCGA-BH-A0H9:2:203417447:G	69	39	2	0	1	TCGA-BH-A0H9	0.361111111111111
TCGA-BH-A0H9:6:26406257:G	75	20	2	1	1	TCGA-BH-A0H9	0.210526315789474
TCGA-BH-A0H9:2:234652466:C	33	19	2	0	1	TCGA-BH-A0H9	0.365384615384615
TCGA-BH-A0H9:6:143093972:C	61	24	2	1	1	TCGA-BH-A0H9	0.282352941176471
TCGA-BH-A0H9:13:33634928:A	37	19	2	1	1	TCGA-BH-A0H9	0.339285714285714
TCGA-BH-A0H9:8:48887308:G	154	36	2	1	1	TCGA-BH-A0H9	0.189473684210526
TCGA-BH-A0H9:10:96121599:G	108	35	2	0	1	TCGA-BH-A0H9	0.244755244755245
TCGA-BH-A0H9:3:178951964:G	162	88	2	1	1	TCGA-BH-A0H9	0.352
TCGA-BH-A0H9:3:17052713:C	88	24	2	1	1	TCGA-BH-A0H9	0.214285714285714
TCGA-BH-A0H9:1:247320267:A	245	80	2	1	2	TCGA-BH-A0H9	0.246153846153846
TCGA-BH-A0H9:10:27040638:G	63	9	2	1	1	TCGA-BH-A0H9	0.125
TCGA-BH-A0H9:9:75533714:C	106	22	2	0	1	TCGA-BH-A0H9	0.171875
TCGA-BH-A0H9:1:86919248:T	89	21	2	0	1	TCGA-BH-A0H9	0.190909090909091
TCGA-BH-A0H9:2:165551456:C	145	37	2	0	1	TCGA-BH-A0H9	0.203296703296703
TCGA-BH-A0H9:8:82371416:T	213	35	2	1	1	TCGA-BH-A0H9	0.141129032258065
TCGA-BH-A0H9:3:69168311:G	207	38	2	1	1	TCGA-BH-A0H9	0.155102040816327
TCGA-BH-A0H9:17:29685563:A	114	17	2	1	1	TCGA-BH-A0H9	0.129770992366412
TCGA-BH-A0H9:10:105664860:T	133	27	2	0	1	TCGA-BH-A0H9	0.16875
TCGA-BH-A0H9:5:140724038:G	104	18	2	1	1	TCGA-BH-A0H9	0.147540983606557
TCGA-BH-A0H9:9:79259823:G	64	13	2	0	1	TCGA-BH-A0H9	0.168831168831169
TCGA-BH-A0H9:8:104709351:G	327	39	2	1	2	TCGA-BH-A0H9	0.10655737704918
TCGA-BH-A0H9:2:179604078:A	168	23	2	0	1	TCGA-BH-A0H9	0.120418848167539
TCGA-BH-A0H9:10:75277121:A	51	10	2	0	1	TCGA-BH-A0H9	0.163934426229508
