mutation_id	ref_counts	var_counts	normal_cn	minor_cn	major_cn	variant_case	variant_freq
TCGA-A2-A0EU:3:151545656:A	149	35	2	1	3	TCGA-A2-A0EU	0.190217391304348
TCGA-A2-A0EU:4:175896776:G	60	44	2	2	2	TCGA-A2-A0EU	0.423076923076923
TCGA-A2-A0EU:12:96360235:G	157	24	2	3	3	TCGA-A2-A0EU	0.132596685082873
TCGA-A2-A0EU:5:129243980:C	40	18	2	2	3	TCGA-A2-A0EU	0.310344827586207
TCGA-A2-A0EU:12:41352942:C	210	30	2	3	3	TCGA-A2-A0EU	0.125
TCGA-A2-A0EU:20:44521044:A	69	9	2	3	4	TCGA-A2-A0EU	0.115384615384615
TCGA-A2-A0EU:13:95118847:G	72	23	2	1	2	TCGA-A2-A0EU	0.242105263157895
TCGA-A2-A0EU:9:990144:T	35	15	2	1	2	TCGA-A2-A0EU	0.3
TCGA-A2-A0EU:1:63084424:G	101	68	2	2	2	TCGA-A2-A0EU	0.402366863905325
TCGA-A2-A0EU:1:45363093:G	38	9	2	2	2	TCGA-A2-A0EU	0.191489361702128
TCGA-A2-A0EU:4:187074851:C	127	23	2	2	2	TCGA-A2-A0EU	0.153333333333333
TCGA-A2-A0EU:1:89651075:T	153	35	2	2	2	TCGA-A2-A0EU	0.186170212765957
TCGA-A2-A0EU:3:124746052:A	24	36	2	1	3	TCGA-A2-A0EU	0.6
TCGA-A2-A0EU:11:117864082:G	17	19	2	2	3	TCGA-A2-A0EU	0.527777777777778
TCGA-A2-A0EU:5:56181765:C	101	48	2	2	3	TCGA-A2-A0EU	0.322147651006711
TCGA-A2-A0EU:1:220986672:G	148	49	2	2	2	TCGA-A2-A0EU	0.248730964467005
TCGA-A2-A0EU:11:51412164:T	278	57	2	2	3	TCGA-A2-A0EU	0.170149253731343
TCGA-A2-A0EU:5:140201481:G	37	7	2	2	3	TCGA-A2-A0EU	0.159090909090909
TCGA-A2-A0EU:5:140554089:C	64	12	2	2	3	TCGA-A2-A0EU	0.157894736842105
TCGA-A2-A0EU:6:51524257:C	156	30	2	1	3	TCGA-A2-A0EU	0.161290322580645
TCGA-A2-A0EU:4:82056310:A	177	48	2	2	2	TCGA-A2-A0EU	0.213333333333333
TCGA-A2-A0EU:19:55693164:G	42	10	2	2	3	TCGA-A2-A0EU	0.192307692307692
TCGA-A2-A0EU:19:38631959:A	65	15	2	2	4	TCGA-A2-A0EU	0.1875
TCGA-A2-A0EU:15:43893206:T	50	12	2	2	2	TCGA-A2-A0EU	0.193548387096774
TCGA-A2-A0EU:6:138200082:C	35	9	2	1	3	TCGA-A2-A0EU	0.204545454545455
TCGA-A2-A0EU:15:62161736:C	225	54	2	2	2	TCGA-A2-A0EU	0.193548387096774
TCGA-A2-A0EU:19:9453596:A	150	57	2	2	3	TCGA-A2-A0EU	0.27536231884058
TCGA-A2-A0EU:21:43645875:C	36	6	2	0	2	TCGA-A2-A0EU	0.142857142857143
TCGA-A2-A0EU:2:153504368:C	118	21	2	1	2	TCGA-A2-A0EU	0.151079136690647
TCGA-A2-A0EU:21:31023551:G	35	8	2	0	2	TCGA-A2-A0EU	0.186046511627907
TCGA-A2-A0EU:19:9066848:C	296	108	2	2	3	TCGA-A2-A0EU	0.267326732673267
TCGA-A2-A0EU:1:19504222:C	149	23	2	1	2	TCGA-A2-A0EU	0.133720930232558
