mutation_id	ref_counts	var_counts	normal_cn	minor_cn	major_cn	variant_case	variant_freq
TCGA-D8-A27P:1:236908040:G	28	9	2	1	2	TCGA-D8-A27P	0.243243243243243
TCGA-D8-A27P:3:15531117:C	54	14	2	1	1	TCGA-D8-A27P	0.205882352941176
TCGA-D8-A27P:18:29055684:G	73	41	2	1	1	TCGA-D8-A27P	0.359649122807018
TCGA-D8-A27P:2:48049368:T	39	12	2	1	1	TCGA-D8-A27P	0.235294117647059
TCGA-D8-A27P:1:39775287:G	38	29	2	1	1	TCGA-D8-A27P	0.432835820895522
TCGA-D8-A27P:7:152012425:T	52	19	2	1	1	TCGA-D8-A27P	0.267605633802817
TCGA-D8-A27P:18:70526127:T	55	15	2	1	1	TCGA-D8-A27P	0.214285714285714
TCGA-D8-A27P:7:150698507:C	22	14	2	1	1	TCGA-D8-A27P	0.388888888888889
TCGA-D8-A27P:5:176637903:G	33	12	2	1	1	TCGA-D8-A27P	0.266666666666667
TCGA-D8-A27P:11:71726685:G	33	8	2	1	1	TCGA-D8-A27P	0.195121951219512
TCGA-D8-A27P:3:178952085:A	33	14	2	1	1	TCGA-D8-A27P	0.297872340425532
TCGA-D8-A27P:12:120760099:G	61	38	2	1	1	TCGA-D8-A27P	0.383838383838384
TCGA-D8-A27P:14:52735144:C	18	15	2	1	1	TCGA-D8-A27P	0.454545454545455
TCGA-D8-A27P:2:165947251:C	86	29	2	1	1	TCGA-D8-A27P	0.252173913043478
TCGA-D8-A27P:17:74041393:A	52	22	2	1	1	TCGA-D8-A27P	0.297297297297297
TCGA-D8-A27P:1:152285536:G	181	31	2	1	2	TCGA-D8-A27P	0.14622641509434
TCGA-D8-A27P:10:96018782:G	75	18	2	1	1	TCGA-D8-A27P	0.193548387096774
