mutation_id	ref_counts	var_counts	normal_cn	minor_cn	major_cn	variant_case	variant_freq
TCGA-E2-A15H:16:66884454:G	22	27	2	1	2	TCGA-E2-A15H	0.551020408163265
TCGA-E2-A15H:17:77768618:C	39	37	2	2	4	TCGA-E2-A15H	0.486842105263158
TCGA-E2-A15H:12:58159205:G	30	19	2	2	2	TCGA-E2-A15H	0.387755102040816
TCGA-E2-A15H:9:97873829:T	111	58	2	2	2	TCGA-E2-A15H	0.343195266272189
TCGA-E2-A15H:12:32778624:C	189	80	2	2	2	TCGA-E2-A15H	0.297397769516729
TCGA-E2-A15H:1:79115985:C	318	61	2	2	2	TCGA-E2-A15H	0.160949868073879
TCGA-E2-A15H:9:114170924:C	190	80	2	2	2	TCGA-E2-A15H	0.296296296296296
TCGA-E2-A15H:14:52485857:C	51	28	2	2	2	TCGA-E2-A15H	0.354430379746835
TCGA-E2-A15H:12:106461239:G	112	62	2	2	2	TCGA-E2-A15H	0.35632183908046
TCGA-E2-A15H:22:45309833:T	56	76	2	0	2	TCGA-E2-A15H	0.575757575757576
TCGA-E2-A15H:2:131976471:G	367	102	2	1	2	TCGA-E2-A15H	0.217484008528785
TCGA-E2-A15H:6:149862525:G	79	71	2	0	1	TCGA-E2-A15H	0.473333333333333
TCGA-E2-A15H:12:106995096:G	47	26	2	2	2	TCGA-E2-A15H	0.356164383561644
TCGA-E2-A15H:1:240969512:C	578	79	2	3	3	TCGA-E2-A15H	0.120243531202435
TCGA-E2-A15H:7:4153004:C	90	17	2	1	2	TCGA-E2-A15H	0.158878504672897
TCGA-E2-A15H:3:170784081:G	237	112	2	2	2	TCGA-E2-A15H	0.320916905444126
TCGA-E2-A15H:2:128522166:C	65	39	2	1	2	TCGA-E2-A15H	0.375
TCGA-E2-A15H:22:41310322:A	132	121	2	0	2	TCGA-E2-A15H	0.478260869565217
TCGA-E2-A15H:11:74651907:A	102	18	2	2	2	TCGA-E2-A15H	0.15
TCGA-E2-A15H:7:74148311:C	278	125	2	1	2	TCGA-E2-A15H	0.310173697270471
TCGA-E2-A15H:6:144070161:A	288	123	2	0	1	TCGA-E2-A15H	0.299270072992701
