mutation_id	ref_counts	var_counts	normal_cn	minor_cn	major_cn	variant_case	variant_freq
TCGA-BH-A0DQ:10:114168281:T	116	43	2	1	2	TCGA-BH-A0DQ	0.270440251572327
TCGA-BH-A0DQ:6:4892446:A	52	39	2	1	3	TCGA-BH-A0DQ	0.428571428571429
TCGA-BH-A0DQ:1:32127285:G	54	20	2	1	1	TCGA-BH-A0DQ	0.27027027027027
TCGA-BH-A0DQ:15:90784678:C	33	9	2	1	2	TCGA-BH-A0DQ	0.214285714285714
TCGA-BH-A0DQ:12:124144342:T	72	51	2	1	3	TCGA-BH-A0DQ	0.414634146341463
TCGA-BH-A0DQ:18:7040119:C	201	55	2	1	3	TCGA-BH-A0DQ	0.21484375
TCGA-BH-A0DQ:14:45687625:C	85	29	2	1	2	TCGA-BH-A0DQ	0.254385964912281
TCGA-BH-A0DQ:7:30491714:C	29	15	2	1	2	TCGA-BH-A0DQ	0.340909090909091
TCGA-BH-A0DQ:2:197709249:A	15	16	2	1	2	TCGA-BH-A0DQ	0.516129032258065
TCGA-BH-A0DQ:11:9853808:G	112	50	2	0	2	TCGA-BH-A0DQ	0.308641975308642
TCGA-BH-A0DQ:2:198266834:T	32	21	2	1	2	TCGA-BH-A0DQ	0.39622641509434
TCGA-BH-A0DQ:12:113737727:C	67	21	2	1	3	TCGA-BH-A0DQ	0.238636363636364
TCGA-BH-A0DQ:2:99634761:A	158	79	2	1	2	TCGA-BH-A0DQ	0.333333333333333
TCGA-BH-A0DQ:19:57802202:G	44	17	2	1	1	TCGA-BH-A0DQ	0.278688524590164
TCGA-BH-A0DQ:5:77385315:C	104	68	2	1	2	TCGA-BH-A0DQ	0.395348837209302
TCGA-BH-A0DQ:8:113564901:G	80	45	2	1	2	TCGA-BH-A0DQ	0.36
TCGA-BH-A0DQ:4:143067052:C	169	21	2	0	2	TCGA-BH-A0DQ	0.110526315789474
TCGA-BH-A0DQ:2:206610543:G	91	63	2	1	2	TCGA-BH-A0DQ	0.409090909090909
TCGA-BH-A0DQ:1:214504346:C	117	13	2	1	3	TCGA-BH-A0DQ	0.1
