mutation_id	ref_counts	var_counts	normal_cn	minor_cn	major_cn	variant_case	variant_freq
TCGA-A1-A0SG:2:54587645:T	25	6	2	1	1	TCGA-A1-A0SG	0.193548387096774
TCGA-A1-A0SG:12:88472999:C	35	24	2	1	1	TCGA-A1-A0SG	0.406779661016949
TCGA-A1-A0SG:21:41719645:G	59	22	2	1	1	TCGA-A1-A0SG	0.271604938271605
TCGA-A1-A0SG:17:62130251:G	18	15	2	1	1	TCGA-A1-A0SG	0.454545454545455
TCGA-A1-A0SG:22:29694792:G	16	14	2	0	1	TCGA-A1-A0SG	0.466666666666667
TCGA-A1-A0SG:5:150922760:A	25	11	2	1	1	TCGA-A1-A0SG	0.305555555555556
TCGA-A1-A0SG:10:13852832:A	31	10	2	1	1	TCGA-A1-A0SG	0.24390243902439
TCGA-A1-A0SG:3:7620374:C	25	16	2	1	1	TCGA-A1-A0SG	0.390243902439024
TCGA-A1-A0SG:5:118835164:C	40	18	2	1	1	TCGA-A1-A0SG	0.310344827586207
TCGA-A1-A0SG:21:31744287:C	54	20	2	1	1	TCGA-A1-A0SG	0.27027027027027
TCGA-A1-A0SG:12:16713405:G	44	16	2	1	1	TCGA-A1-A0SG	0.266666666666667
TCGA-A1-A0SG:17:5392578:A	30	21	2	1	1	TCGA-A1-A0SG	0.411764705882353
TCGA-A1-A0SG:15:89008087:G	41	16	2	1	1	TCGA-A1-A0SG	0.280701754385965
TCGA-A1-A0SG:12:78569098:G	51	29	2	1	1	TCGA-A1-A0SG	0.3625
TCGA-A1-A0SG:4:159640438:A	65	27	2	1	1	TCGA-A1-A0SG	0.293478260869565
TCGA-A1-A0SG:17:38991201:G	33	9	2	1	1	TCGA-A1-A0SG	0.214285714285714
TCGA-A1-A0SG:20:52192368:C	27	14	2	1	1	TCGA-A1-A0SG	0.341463414634146
TCGA-A1-A0SG:22:18028506:C	41	16	2	0	1	TCGA-A1-A0SG	0.280701754385965
