mutation_id	ref_counts	var_counts	normal_cn	minor_cn	major_cn	variant_case	variant_freq
TCGA-E2-A10E:9:131587072:G	84	59	2	2	2	TCGA-E2-A10E	0.412587412587413
TCGA-E2-A10E:8:120103458:G	127	52	2	2	2	TCGA-E2-A10E	0.290502793296089
TCGA-E2-A10E:1:110466401:G	39	10	2	1	2	TCGA-E2-A10E	0.204081632653061
TCGA-E2-A10E:1:162746132:G	94	29	2	3	3	TCGA-E2-A10E	0.235772357723577
TCGA-E2-A10E:19:7591479:A	41	41	2	2	2	TCGA-E2-A10E	0.5
TCGA-E2-A10E:10:23393167:G	71	41	2	2	2	TCGA-E2-A10E	0.366071428571429
TCGA-E2-A10E:1:200012952:C	218	112	2	3	3	TCGA-E2-A10E	0.339393939393939
TCGA-E2-A10E:11:64435947:C	49	31	2	1	3	TCGA-E2-A10E	0.3875
TCGA-E2-A10E:2:26688892:G	268	185	2	1	3	TCGA-E2-A10E	0.408388520971302
TCGA-E2-A10E:5:140711179:G	27	15	2	0	4	TCGA-E2-A10E	0.357142857142857
TCGA-E2-A10E:1:178780488:A	48	57	2	3	3	TCGA-E2-A10E	0.542857142857143
TCGA-E2-A10E:8:133948004:C	69	43	2	2	2	TCGA-E2-A10E	0.383928571428571
TCGA-E2-A10E:2:234428319:T	70	46	2	2	2	TCGA-E2-A10E	0.396551724137931
TCGA-E2-A10E:5:180376957:C	89	41	2	2	2	TCGA-E2-A10E	0.315384615384615
TCGA-E2-A10E:7:154752763:T	175	27	2	2	2	TCGA-E2-A10E	0.133663366336634
TCGA-E2-A10E:2:179650417:C	221	120	2	2	2	TCGA-E2-A10E	0.351906158357771
