mutation_id	ref_counts	var_counts	normal_cn	minor_cn	major_cn	variant_case	variant_freq
TCGA-AN-A03Y:13:73321056:A	404	261	2	2	2	TCGA-AN-A03Y	0.392481203007519
TCGA-AN-A03Y:13:110864808:C	248	76	2	2	2	TCGA-AN-A03Y	0.234567901234568
TCGA-AN-A03Y:20:23807084:G	30	20	2	2	2	TCGA-AN-A03Y	0.4
TCGA-AN-A03Y:11:33054005:A	99	105	2	1	2	TCGA-AN-A03Y	0.514705882352941
TCGA-AN-A03Y:14:62187184:T	121	104	2	1	2	TCGA-AN-A03Y	0.462222222222222
TCGA-AN-A03Y:6:26107849:G	193	111	2	2	2	TCGA-AN-A03Y	0.365131578947368
TCGA-AN-A03Y:6:26271482:G	99	51	2	2	2	TCGA-AN-A03Y	0.34
TCGA-AN-A03Y:3:148750058:G	71	14	2	2	2	TCGA-AN-A03Y	0.164705882352941
TCGA-AN-A03Y:3:192988399:C	124	45	2	2	2	TCGA-AN-A03Y	0.266272189349112
TCGA-AN-A03Y:18:56063421:C	21	10	2	2	2	TCGA-AN-A03Y	0.32258064516129
TCGA-AN-A03Y:3:178952085:A	176	100	2	2	2	TCGA-AN-A03Y	0.36231884057971
TCGA-AN-A03Y:8:69012077:A	822	149	2	3	15	TCGA-AN-A03Y	0.153450051493306
TCGA-AN-A03Y:5:135207426:G	25	23	2	3	3	TCGA-AN-A03Y	0.479166666666667
TCGA-AN-A03Y:16:19498308:T	222	140	2	2	2	TCGA-AN-A03Y	0.386740331491713
TCGA-AN-A03Y:6:47253822:C	130	106	2	2	2	TCGA-AN-A03Y	0.449152542372881
TCGA-AN-A03Y:13:103309552:G	109	58	2	2	2	TCGA-AN-A03Y	0.347305389221557
TCGA-AN-A03Y:6:30157808:G	87	15	2	2	2	TCGA-AN-A03Y	0.147058823529412
TCGA-AN-A03Y:12:125396469:T	136	44	2	2	2	TCGA-AN-A03Y	0.244444444444444
TCGA-AN-A03Y:14:55411176:C	97	28	2	1	2	TCGA-AN-A03Y	0.224
TCGA-AN-A03Y:22:50280507:C	31	21	2	1	2	TCGA-AN-A03Y	0.403846153846154
TCGA-AN-A03Y:16:68835596:C	82	135	2	0	2	TCGA-AN-A03Y	0.622119815668203
TCGA-AN-A03Y:10:95557009:G	129	99	2	1	2	TCGA-AN-A03Y	0.434210526315789
