mutation_id	ref_counts	var_counts	normal_cn	minor_cn	major_cn	variant_case	variant_freq
TCGA-B6-A0WW:11:1471018:C	11	21	2	0	1	TCGA-B6-A0WW	0.65625
TCGA-B6-A0WW:14:50862547:A	161	111	2	1	2	TCGA-B6-A0WW	0.408088235294118
TCGA-B6-A0WW:8:113237127:G	1579	285	2	1	6	TCGA-B6-A0WW	0.152896995708155
TCGA-B6-A0WW:15:28771127:C	127	36	2	1	2	TCGA-B6-A0WW	0.220858895705521
TCGA-B6-A0WW:15:72456002:C	119	89	2	1	2	TCGA-B6-A0WW	0.427884615384615
TCGA-B6-A0WW:16:22926628:C	66	31	2	1	2	TCGA-B6-A0WW	0.319587628865979
TCGA-B6-A0WW:21:45656914:C	169	125	2	1	1	TCGA-B6-A0WW	0.425170068027211
TCGA-B6-A0WW:1:225600340:A	76	28	2	1	5	TCGA-B6-A0WW	0.269230769230769
TCGA-B6-A0WW:17:60767630:C	52	20	2	1	2	TCGA-B6-A0WW	0.277777777777778
TCGA-B6-A0WW:11:1266823:G	35	44	2	0	1	TCGA-B6-A0WW	0.556962025316456
TCGA-B6-A0WW:3:178952085:A	139	69	2	1	2	TCGA-B6-A0WW	0.331730769230769
TCGA-B6-A0WW:22:31532969:A	31	31	2	0	1	TCGA-B6-A0WW	0.5
TCGA-B6-A0WW:12:21028168:G	524	260	2	1	2	TCGA-B6-A0WW	0.331632653061224
TCGA-B6-A0WW:3:47719705:A	85	123	2	0	1	TCGA-B6-A0WW	0.591346153846154
TCGA-B6-A0WW:7:1273287:G	31	21	2	1	2	TCGA-B6-A0WW	0.403846153846154
TCGA-B6-A0WW:7:1273288:A	32	21	2	1	2	TCGA-B6-A0WW	0.39622641509434
TCGA-B6-A0WW:6:165706931:G	206	114	2	1	2	TCGA-B6-A0WW	0.35625
TCGA-B6-A0WW:4:110610590:G	115	70	2	1	2	TCGA-B6-A0WW	0.378378378378378
TCGA-B6-A0WW:12:123187710:C	150	92	2	1	2	TCGA-B6-A0WW	0.380165289256198
TCGA-B6-A0WW:15:77759649:G	73	40	2	1	2	TCGA-B6-A0WW	0.353982300884956
TCGA-B6-A0WW:5:137892185:G	331	174	2	1	2	TCGA-B6-A0WW	0.344554455445545
TCGA-B6-A0WW:3:124017740:C	219	123	2	1	2	TCGA-B6-A0WW	0.359649122807018
TCGA-B6-A0WW:3:108276094:C	250	137	2	1	2	TCGA-B6-A0WW	0.354005167958656
TCGA-B6-A0WW:3:113377798:C	250	147	2	1	2	TCGA-B6-A0WW	0.370277078085642
TCGA-B6-A0WW:12:113905144:C	46	7	2	1	2	TCGA-B6-A0WW	0.132075471698113
TCGA-B6-A0WW:11:55595297:G	338	190	2	1	2	TCGA-B6-A0WW	0.359848484848485
TCGA-B6-A0WW:6:137147540:C	153	90	2	1	2	TCGA-B6-A0WW	0.37037037037037
TCGA-B6-A0WW:20:48466163:T	363	218	2	1	2	TCGA-B6-A0WW	0.375215146299484
TCGA-B6-A0WW:16:105793:G	141	78	2	1	2	TCGA-B6-A0WW	0.356164383561644
