mutation_id	ref_counts	var_counts	normal_cn	minor_cn	major_cn	variant_case	variant_freq
TCGA-AC-A2BM:3:123033083:T	29	15	2	2	2	TCGA-AC-A2BM	0.340909090909091
TCGA-AC-A2BM:1:176863705:G	30	9	2	3	3	TCGA-AC-A2BM	0.230769230769231
TCGA-AC-A2BM:1:110032625:C	38	6	2	2	3	TCGA-AC-A2BM	0.136363636363636
TCGA-AC-A2BM:1:223936765:G	55	28	2	2	3	TCGA-AC-A2BM	0.337349397590361
TCGA-AC-A2BM:16:55886867:C	29	12	2	0	2	TCGA-AC-A2BM	0.292682926829268
TCGA-AC-A2BM:20:25848606:G	58	12	2	2	4	TCGA-AC-A2BM	0.171428571428571
TCGA-AC-A2BM:14:106805299:A	38	9	2	0	2	TCGA-AC-A2BM	0.191489361702128
TCGA-AC-A2BM:11:6704479:G	37	5	2	1	2	TCGA-AC-A2BM	0.119047619047619
TCGA-AC-A2BM:3:195507480:T	79	12	2	2	2	TCGA-AC-A2BM	0.131868131868132
TCGA-AC-A2BM:9:87342736:G	24	11	2	0	2	TCGA-AC-A2BM	0.314285714285714
TCGA-AC-A2BM:6:17637763:A	32	10	2	1	2	TCGA-AC-A2BM	0.238095238095238
