mutation_id	ref_counts	var_counts	normal_cn	minor_cn	major_cn	variant_case	variant_freq
TCGA-E2-A1BC:15:101447414:C	200	66	2	1	1	TCGA-E2-A1BC	0.24812030075188
TCGA-E2-A1BC:15:32929655:C	147	58	2	1	1	TCGA-E2-A1BC	0.282926829268293
TCGA-E2-A1BC:1:85790543:G	191	93	2	0	2	TCGA-E2-A1BC	0.327464788732394
TCGA-E2-A1BC:5:447698:C	21	13	2	0	1	TCGA-E2-A1BC	0.382352941176471
TCGA-E2-A1BC:4:89744132:C	115	36	2	1	1	TCGA-E2-A1BC	0.23841059602649
TCGA-E2-A1BC:12:131616342:G	142	38	2	1	1	TCGA-E2-A1BC	0.211111111111111
TCGA-E2-A1BC:10:38652504:T	201	75	2	1	1	TCGA-E2-A1BC	0.271739130434783
TCGA-E2-A1BC:21:39087022:T	87	32	2	1	1	TCGA-E2-A1BC	0.26890756302521
TCGA-E2-A1BC:17:43009058:G	148	61	2	1	1	TCGA-E2-A1BC	0.291866028708134
TCGA-E2-A1BC:11:65632201:G	68	30	2	0	1	TCGA-E2-A1BC	0.306122448979592
TCGA-E2-A1BC:4:134084410:C	31	10	2	0	1	TCGA-E2-A1BC	0.24390243902439
TCGA-E2-A1BC:3:178952085:A	163	50	2	1	1	TCGA-E2-A1BC	0.234741784037559
TCGA-E2-A1BC:12:11506225:G	478	183	2	1	1	TCGA-E2-A1BC	0.276853252647504
TCGA-E2-A1BC:16:7102099:G	264	68	2	1	2	TCGA-E2-A1BC	0.204819277108434
TCGA-E2-A1BC:3:49742580:G	39	12	2	1	1	TCGA-E2-A1BC	0.235294117647059
TCGA-E2-A1BC:13:37446983:C	254	87	2	1	1	TCGA-E2-A1BC	0.255131964809384
TCGA-E2-A1BC:12:27133509:G	131	43	2	1	1	TCGA-E2-A1BC	0.247126436781609
TCGA-E2-A1BC:14:91252558:C	26	12	2	1	1	TCGA-E2-A1BC	0.315789473684211
TCGA-E2-A1BC:17:72916760:G	55	15	2	1	1	TCGA-E2-A1BC	0.214285714285714
TCGA-E2-A1BC:10:43015456:G	52	21	2	1	1	TCGA-E2-A1BC	0.287671232876712
TCGA-E2-A1BC:1:229461134:T	285	32	2	1	1	TCGA-E2-A1BC	0.100946372239748
TCGA-E2-A1BC:1:143910091:C	50	9	2	1	1	TCGA-E2-A1BC	0.152542372881356
TCGA-E2-A1BC:4:46053637:G	170	41	2	1	1	TCGA-E2-A1BC	0.194312796208531
TCGA-E2-A1BC:8:27845103:G	93	22	2	1	1	TCGA-E2-A1BC	0.191304347826087
TCGA-E2-A1BC:4:8228801:C	27	18	2	0	2	TCGA-E2-A1BC	0.4
