mutation_id	ref_counts	var_counts	normal_cn	minor_cn	major_cn	variant_case	variant_freq
TCGA-E2-A14O:15:32929250:C	19	26	2	0	2	TCGA-E2-A14O	0.577777777777778
TCGA-E2-A14O:9:119188282:C	28	84	2	0	2	TCGA-E2-A14O	0.75
TCGA-E2-A14O:14:105716214:C	24	17	2	1	2	TCGA-E2-A14O	0.414634146341463
TCGA-E2-A14O:1:51584393:C	36	56	2	0	2	TCGA-E2-A14O	0.608695652173913
TCGA-E2-A14O:17:48267939:C	98	78	2	2	3	TCGA-E2-A14O	0.443181818181818
TCGA-E2-A14O:19:1418354:G	42	12	2	1	2	TCGA-E2-A14O	0.222222222222222
TCGA-E2-A14O:10:127530353:T	93	69	2	2	2	TCGA-E2-A14O	0.425925925925926
TCGA-E2-A14O:14:103802230:C	113	123	2	1	2	TCGA-E2-A14O	0.521186440677966
TCGA-E2-A14O:19:14866468:G	178	117	2	1	2	TCGA-E2-A14O	0.396610169491525
TCGA-E2-A14O:17:18149307:C	461	75	2	3	11	TCGA-E2-A14O	0.139925373134328
TCGA-E2-A14O:20:29632638:C	51	17	2	1	3	TCGA-E2-A14O	0.25
TCGA-E2-A14O:2:89619806:G	26	12	2	0	2	TCGA-E2-A14O	0.315789473684211
TCGA-E2-A14O:10:21959565:G	91	91	2	2	2	TCGA-E2-A14O	0.5
TCGA-E2-A14O:3:42659115:A	397	240	2	2	2	TCGA-E2-A14O	0.376766091051805
TCGA-E2-A14O:1:248616513:C	350	72	2	3	3	TCGA-E2-A14O	0.170616113744076
TCGA-E2-A14O:11:67269453:C	260	41	2	3	16	TCGA-E2-A14O	0.136212624584718
TCGA-E2-A14O:7:131908302:C	84	30	2	1	2	TCGA-E2-A14O	0.263157894736842
TCGA-E2-A14O:3:129289712:C	96	71	2	2	2	TCGA-E2-A14O	0.425149700598802
TCGA-E2-A14O:19:15565621:C	52	28	2	1	2	TCGA-E2-A14O	0.35
TCGA-E2-A14O:10:102732993:T	25	24	2	2	2	TCGA-E2-A14O	0.489795918367347
TCGA-E2-A14O:12:56862936:A	35	18	2	2	3	TCGA-E2-A14O	0.339622641509434
TCGA-E2-A14O:8:27098633:G	212	57	2	2	3	TCGA-E2-A14O	0.211895910780669
TCGA-E2-A14O:11:66811295:G	352	49	2	3	16	TCGA-E2-A14O	0.122194513715711
TCGA-E2-A14O:17:61498828:A	111	78	2	2	3	TCGA-E2-A14O	0.412698412698413
TCGA-E2-A14O:16:2027601:G	34	32	2	3	3	TCGA-E2-A14O	0.484848484848485
TCGA-E2-A14O:19:6750615:G	79	36	2	1	2	TCGA-E2-A14O	0.31304347826087
TCGA-E2-A14O:8:7217792:C	434	216	2	2	3	TCGA-E2-A14O	0.332307692307692
