mutation_id	ref_counts	var_counts	normal_cn	minor_cn	major_cn	variant_case	variant_freq
TCGA-AN-A0FD:7:48443437:C	97	56	2	1	1	TCGA-AN-A0FD	0.366013071895425
TCGA-AN-A0FD:17:61560393:G	32	20	2	1	1	TCGA-AN-A0FD	0.384615384615385
TCGA-AN-A0FD:3:119301234:C	62	28	2	1	1	TCGA-AN-A0FD	0.311111111111111
TCGA-AN-A0FD:1:196684846:C	109	52	2	1	1	TCGA-AN-A0FD	0.322981366459627
TCGA-AN-A0FD:12:45410172:C	108	55	2	1	1	TCGA-AN-A0FD	0.337423312883436
TCGA-AN-A0FD:17:54940026:C	156	31	2	1	4	TCGA-AN-A0FD	0.165775401069519
TCGA-AN-A0FD:11:58920329:G	95	47	2	1	1	TCGA-AN-A0FD	0.330985915492958
TCGA-AN-A0FD:6:114379175:A	49	24	2	1	1	TCGA-AN-A0FD	0.328767123287671
TCGA-AN-A0FD:11:118392845:C	16	62	2	0	2	TCGA-AN-A0FD	0.794871794871795
TCGA-AN-A0FD:6:168352254:C	47	27	2	1	1	TCGA-AN-A0FD	0.364864864864865
TCGA-AN-A0FD:6:84799080:C	115	53	2	1	1	TCGA-AN-A0FD	0.31547619047619
TCGA-AN-A0FD:1:151378134:T	134	62	2	1	1	TCGA-AN-A0FD	0.316326530612245
TCGA-AN-A0FD:3:47450966:C	48	24	2	1	1	TCGA-AN-A0FD	0.333333333333333
TCGA-AN-A0FD:17:63221454:C	77	95	2	0	1	TCGA-AN-A0FD	0.552325581395349
TCGA-AN-A0FD:2:217303196:G	38	23	2	1	1	TCGA-AN-A0FD	0.377049180327869
TCGA-AN-A0FD:2:27259373:T	68	43	2	1	1	TCGA-AN-A0FD	0.387387387387387
TCGA-AN-A0FD:10:76982078:A	68	38	2	1	1	TCGA-AN-A0FD	0.358490566037736
TCGA-AN-A0FD:17:57842469:C	518	73	2	1	8	TCGA-AN-A0FD	0.123519458544839
TCGA-AN-A0FD:10:31815819:C	110	60	2	1	1	TCGA-AN-A0FD	0.352941176470588
TCGA-AN-A0FD:5:43161487:G	48	27	2	1	1	TCGA-AN-A0FD	0.36
TCGA-AN-A0FD:12:105464512:G	165	22	2	1	1	TCGA-AN-A0FD	0.117647058823529
TCGA-AN-A0FD:2:172300067:C	123	51	2	1	1	TCGA-AN-A0FD	0.293103448275862
TCGA-AN-A0FD:19:39088180:T	146	19	2	1	1	TCGA-AN-A0FD	0.115151515151515
TCGA-AN-A0FD:1:95710162:A	37	7	2	0	1	TCGA-AN-A0FD	0.159090909090909
TCGA-AN-A0FD:4:177041218:A	43	34	2	0	1	TCGA-AN-A0FD	0.441558441558442
