mutation_id	ref_counts	var_counts	normal_cn	minor_cn	major_cn	variant_case	variant_freq
TCGA-A2-A1G0:7:12728294:A	119	25	2	3	3	TCGA-A2-A1G0	0.173611111111111
TCGA-A2-A1G0:16:31474092:G	63	18	2	3	3	TCGA-A2-A1G0	0.222222222222222
TCGA-A2-A1G0:16:31474093:G	62	18	2	3	3	TCGA-A2-A1G0	0.225
TCGA-A2-A1G0:4:13601548:C	107	83	2	3	3	TCGA-A2-A1G0	0.436842105263158
TCGA-A2-A1G0:2:27802528:C	52	13	2	2	2	TCGA-A2-A1G0	0.2
TCGA-A2-A1G0:16:68867353:A	35	22	2	0	2	TCGA-A2-A1G0	0.385964912280702
TCGA-A2-A1G0:1:225306960:T	35	22	2	3	3	TCGA-A2-A1G0	0.385964912280702
TCGA-A2-A1G0:4:122737961:C	84	26	2	3	3	TCGA-A2-A1G0	0.236363636363636
TCGA-A2-A1G0:5:175540973:C	40	13	2	3	3	TCGA-A2-A1G0	0.245283018867925
TCGA-A2-A1G0:12:13715969:G	36	13	2	2	2	TCGA-A2-A1G0	0.26530612244898
TCGA-A2-A1G0:11:40137268:G	54	28	2	2	2	TCGA-A2-A1G0	0.341463414634146
TCGA-A2-A1G0:12:53876974:C	35	15	2	2	2	TCGA-A2-A1G0	0.3
TCGA-A2-A1G0:16:3293864:A	44	16	2	3	3	TCGA-A2-A1G0	0.266666666666667
TCGA-A2-A1G0:3:178936082:G	89	34	2	2	2	TCGA-A2-A1G0	0.276422764227642
TCGA-A2-A1G0:22:51121781:G	86	57	2	3	3	TCGA-A2-A1G0	0.398601398601399
TCGA-A2-A1G0:10:29779847:A	125	16	2	2	2	TCGA-A2-A1G0	0.113475177304965
TCGA-A2-A1G0:15:28989968:G	38	8	2	2	2	TCGA-A2-A1G0	0.173913043478261
TCGA-A2-A1G0:12:108618544:C	25	12	2	2	2	TCGA-A2-A1G0	0.324324324324324
TCGA-A2-A1G0:2:168104843:C	50	17	2	2	2	TCGA-A2-A1G0	0.253731343283582
