mutation_id	ref_counts	var_counts	normal_cn	minor_cn	major_cn	variant_case	variant_freq
TCGA-A2-A0SX:20:50273503:C	92	31	2	1	2	TCGA-A2-A0SX	0.252032520325203
TCGA-A2-A0SX:18:24497058:T	78	73	2	0	1	TCGA-A2-A0SX	0.483443708609272
TCGA-A2-A0SX:2:242312707:T	76	32	2	1	1	TCGA-A2-A0SX	0.296296296296296
TCGA-A2-A0SX:9:5921255:G	194	89	2	1	1	TCGA-A2-A0SX	0.314487632508834
TCGA-A2-A0SX:19:55284926:G	258	98	2	1	1	TCGA-A2-A0SX	0.275280898876405
TCGA-A2-A0SX:1:237015858:C	98	16	2	2	2	TCGA-A2-A0SX	0.140350877192982
TCGA-A2-A0SX:1:237023136:C	113	18	2	2	2	TCGA-A2-A0SX	0.137404580152672
TCGA-A2-A0SX:17:10248682:C	128	138	2	0	1	TCGA-A2-A0SX	0.518796992481203
TCGA-A2-A0SX:2:46803351:A	89	42	2	1	1	TCGA-A2-A0SX	0.320610687022901
TCGA-A2-A0SX:1:214491454:A	69	78	2	1	2	TCGA-A2-A0SX	0.530612244897959
TCGA-A2-A0SX:2:39281877:T	116	37	2	1	1	TCGA-A2-A0SX	0.241830065359477
TCGA-A2-A0SX:17:7578253:C	74	69	2	0	1	TCGA-A2-A0SX	0.482517482517482
TCGA-A2-A0SX:16:89349106:C	46	15	2	0	1	TCGA-A2-A0SX	0.245901639344262
TCGA-A2-A0SX:17:37347809:G	61	9	2	0	1	TCGA-A2-A0SX	0.128571428571429
TCGA-A2-A0SX:5:31526807:A	42	15	2	0	1	TCGA-A2-A0SX	0.263157894736842
TCGA-A2-A0SX:6:26031937:C	63	15	2	1	1	TCGA-A2-A0SX	0.192307692307692
TCGA-A2-A0SX:21:39087178:C	148	19	2	1	1	TCGA-A2-A0SX	0.11377245508982
TCGA-A2-A0SX:11:27393924:A	75	17	2	0	1	TCGA-A2-A0SX	0.184782608695652
