mutation_id	ref_counts	var_counts	normal_cn	minor_cn	major_cn	variant_case	variant_freq
TCGA-AR-A24L:12:85680747:C	40	20	2	1	2	TCGA-AR-A24L	0.333333333333333
TCGA-AR-A24L:2:21245741:A	30	13	2	0	3	TCGA-AR-A24L	0.302325581395349
TCGA-AR-A24L:16:775286:G	34	10	2	2	3	TCGA-AR-A24L	0.227272727272727
TCGA-AR-A24L:3:112357487:C	53	20	2	1	2	TCGA-AR-A24L	0.273972602739726
TCGA-AR-A24L:1:111435055:C	97	47	2	1	2	TCGA-AR-A24L	0.326388888888889
TCGA-AR-A24L:1:157805923:C	31	12	2	2	3	TCGA-AR-A24L	0.27906976744186
TCGA-AR-A24L:9:35612972:C	82	25	2	1	2	TCGA-AR-A24L	0.233644859813084
TCGA-AR-A24L:17:45219311:T	36	8	2	1	4	TCGA-AR-A24L	0.181818181818182
TCGA-AR-A24L:15:78927917:A	114	39	2	1	2	TCGA-AR-A24L	0.254901960784314
TCGA-AR-A24L:1:168044671:T	124	51	2	2	3	TCGA-AR-A24L	0.291428571428571
TCGA-AR-A24L:3:185783746:G	69	23	2	1	2	TCGA-AR-A24L	0.25
TCGA-AR-A24L:4:155507138:T	63	9	2	1	2	TCGA-AR-A24L	0.125
TCGA-AR-A24L:10:135020480:T	39	8	2	0	3	TCGA-AR-A24L	0.170212765957447
TCGA-AR-A24L:20:9498735:C	27	16	2	0	2	TCGA-AR-A24L	0.372093023255814
TCGA-AR-A24L:17:38176104:C	24	27	2	1	4	TCGA-AR-A24L	0.529411764705882
TCGA-AR-A24L:11:76903324:G	45	21	2	1	2	TCGA-AR-A24L	0.318181818181818
TCGA-AR-A24L:4:103501694:G	88	17	2	1	2	TCGA-AR-A24L	0.161904761904762
TCGA-AR-A24L:2:101087011:C	104	53	2	2	2	TCGA-AR-A24L	0.337579617834395
TCGA-AR-A24L:11:123848195:G	22	14	2	0	2	TCGA-AR-A24L	0.388888888888889
TCGA-AR-A24L:20:1961218:G	51	20	2	2	2	TCGA-AR-A24L	0.28169014084507
TCGA-AR-A24L:11:94331003:G	63	46	2	0	2	TCGA-AR-A24L	0.422018348623853
TCGA-AR-A24L:8:110464392:C	48	21	2	1	2	TCGA-AR-A24L	0.304347826086957
TCGA-AR-A24L:2:68613653:G	64	22	2	1	2	TCGA-AR-A24L	0.255813953488372
TCGA-AR-A24L:1:11591069:G	22	8	2	0	2	TCGA-AR-A24L	0.266666666666667
TCGA-AR-A24L:20:37177413:C	160	32	2	1	4	TCGA-AR-A24L	0.166666666666667
TCGA-AR-A24L:18:52899822:G	68	21	2	0	3	TCGA-AR-A24L	0.235955056179775
TCGA-AR-A24L:4:165961691:A	26	22	2	1	2	TCGA-AR-A24L	0.458333333333333
TCGA-AR-A24L:11:8670021:C	45	21	2	0	2	TCGA-AR-A24L	0.318181818181818
TCGA-AR-A24L:3:41942265:G	105	25	2	0	5	TCGA-AR-A24L	0.192307692307692
TCGA-AR-A24L:19:17728543:A	52	19	2	1	2	TCGA-AR-A24L	0.267605633802817
TCGA-AR-A24L:8:119936866:G	117	39	2	2	2	TCGA-AR-A24L	0.25
TCGA-AR-A24L:6:35262260:G	119	17	2	1	2	TCGA-AR-A24L	0.125
