mutation_id	ref_counts	var_counts	normal_cn	minor_cn	major_cn	variant_case	variant_freq
TCGA-AN-A0XP:12:105570747:C	91	72	2	1	1	TCGA-AN-A0XP	0.441717791411043
TCGA-AN-A0XP:9:138714311:A	69	31	2	1	1	TCGA-AN-A0XP	0.31
TCGA-AN-A0XP:11:64953422:T	78	34	2	1	1	TCGA-AN-A0XP	0.303571428571429
TCGA-AN-A0XP:1:146724328:C	248	70	2	2	2	TCGA-AN-A0XP	0.220125786163522
TCGA-AN-A0XP:13:37678520:A	239	96	2	1	1	TCGA-AN-A0XP	0.286567164179104
TCGA-AN-A0XP:20:52789446:A	81	24	2	2	2	TCGA-AN-A0XP	0.228571428571429
TCGA-AN-A0XP:4:187524066:G	16	18	2	1	1	TCGA-AN-A0XP	0.529411764705882
TCGA-AN-A0XP:1:149858866:C	104	24	2	2	2	TCGA-AN-A0XP	0.1875
TCGA-AN-A0XP:5:5457514:G	71	37	2	1	1	TCGA-AN-A0XP	0.342592592592593
TCGA-AN-A0XP:1:225592382:C	205	48	2	2	2	TCGA-AN-A0XP	0.189723320158103
TCGA-AN-A0XP:6:41304105:C	50	29	2	1	1	TCGA-AN-A0XP	0.367088607594937
TCGA-AN-A0XP:14:20482985:C	84	35	2	1	1	TCGA-AN-A0XP	0.294117647058824
TCGA-AN-A0XP:3:178936091:G	67	56	2	1	1	TCGA-AN-A0XP	0.455284552845528
TCGA-AN-A0XP:22:38037425:C	19	11	2	1	1	TCGA-AN-A0XP	0.366666666666667
TCGA-AN-A0XP:8:145154196:A	35	13	2	1	1	TCGA-AN-A0XP	0.270833333333333
TCGA-AN-A0XP:2:65243809:T	58	41	2	1	1	TCGA-AN-A0XP	0.414141414141414
TCGA-AN-A0XP:2:96956114:G	65	27	2	1	1	TCGA-AN-A0XP	0.293478260869565
TCGA-AN-A0XP:8:38684873:C	116	63	2	1	1	TCGA-AN-A0XP	0.35195530726257
TCGA-AN-A0XP:1:117311091:G	47	6	2	1	2	TCGA-AN-A0XP	0.113207547169811
