mutation_id	ref_counts	var_counts	normal_cn	minor_cn	major_cn	variant_case	variant_freq
TCGA-AN-A04A:2:29416321:G	121	27	2	1	2	TCGA-AN-A04A	0.182432432432432
TCGA-AN-A04A:19:16003164:C	696	303	2	0	2	TCGA-AN-A04A	0.303303303303303
TCGA-AN-A04A:22:25019807:G	195	45	2	1	2	TCGA-AN-A04A	0.1875
TCGA-AN-A04A:5:21459801:G	40	13	2	1	2	TCGA-AN-A04A	0.245283018867925
TCGA-AN-A04A:5:41005744:G	165	48	2	1	2	TCGA-AN-A04A	0.225352112676056
TCGA-AN-A04A:5:41015496:G	131	28	2	1	2	TCGA-AN-A04A	0.176100628930818
TCGA-AN-A04A:4:55569972:C	91	57	2	1	2	TCGA-AN-A04A	0.385135135135135
TCGA-AN-A04A:22:40825739:G	73	43	2	1	2	TCGA-AN-A04A	0.370689655172414
TCGA-AN-A04A:22:50555645:G	62	14	2	1	2	TCGA-AN-A04A	0.184210526315789
TCGA-AN-A04A:17:10355578:G	39	104	2	0	2	TCGA-AN-A04A	0.727272727272727
TCGA-AN-A04A:22:39219199:C	51	44	2	1	2	TCGA-AN-A04A	0.463157894736842
TCGA-AN-A04A:1:114523968:C	64	22	2	0	2	TCGA-AN-A04A	0.255813953488372
TCGA-AN-A04A:3:138403480:G	56	43	2	1	2	TCGA-AN-A04A	0.434343434343434
TCGA-AN-A04A:11:76062947:C	20	36	2	0	2	TCGA-AN-A04A	0.642857142857143
TCGA-AN-A04A:2:162175351:T	244	65	2	1	2	TCGA-AN-A04A	0.210355987055016
TCGA-AN-A04A:2:79255029:G	124	30	2	1	2	TCGA-AN-A04A	0.194805194805195
TCGA-AN-A04A:3:122629793:C	59	17	2	1	2	TCGA-AN-A04A	0.223684210526316
TCGA-AN-A04A:9:17787384:C	110	35	2	0	2	TCGA-AN-A04A	0.241379310344828
TCGA-AN-A04A:15:42984870:C	27	14	2	1	3	TCGA-AN-A04A	0.341463414634146
TCGA-AN-A04A:2:85097825:G	35	13	2	1	2	TCGA-AN-A04A	0.270833333333333
TCGA-AN-A04A:16:30020844:G	108	14	2	2	2	TCGA-AN-A04A	0.114754098360656
TCGA-AN-A04A:11:56184810:G	127	36	2	0	2	TCGA-AN-A04A	0.220858895705521
