mutation_id	ref_counts	var_counts	normal_cn	minor_cn	major_cn	variant_case	variant_freq
TCGA-C8-A3M8:20:33462890:G	31	15	2	1	2	TCGA-C8-A3M8	0.326086956521739
TCGA-C8-A3M8:17:79479050:T	60	16	2	1	2	TCGA-C8-A3M8	0.210526315789474
TCGA-C8-A3M8:19:50436280:G	42	14	2	1	1	TCGA-C8-A3M8	0.25
TCGA-C8-A3M8:10:73491898:G	26	14	2	1	1	TCGA-C8-A3M8	0.35
TCGA-C8-A3M8:2:227945200:G	22	11	2	1	1	TCGA-C8-A3M8	0.333333333333333
TCGA-C8-A3M8:6:168708328:G	21	20	2	1	1	TCGA-C8-A3M8	0.48780487804878
TCGA-C8-A3M8:21:47966833:C	24	7	2	1	1	TCGA-C8-A3M8	0.225806451612903
TCGA-C8-A3M8:19:10935731:A	30	11	2	1	1	TCGA-C8-A3M8	0.268292682926829
TCGA-C8-A3M8:11:62340150:C	27	13	2	1	1	TCGA-C8-A3M8	0.325
TCGA-C8-A3M8:12:124111642:G	26	8	2	1	1	TCGA-C8-A3M8	0.235294117647059
TCGA-C8-A3M8:3:183752970:C	87	14	2	1	3	TCGA-C8-A3M8	0.138613861386139
TCGA-C8-A3M8:1:175129996:A	96	15	2	2	2	TCGA-C8-A3M8	0.135135135135135
TCGA-C8-A3M8:17:73487872:C	37	10	2	1	2	TCGA-C8-A3M8	0.212765957446809
TCGA-C8-A3M8:9:66554428:G	68	33	2	1	1	TCGA-C8-A3M8	0.326732673267327
TCGA-C8-A3M8:11:68773560:A	76	9	2	1	4	TCGA-C8-A3M8	0.105882352941176
TCGA-C8-A3M8:10:75011558:G	38	16	2	1	1	TCGA-C8-A3M8	0.296296296296296
TCGA-C8-A3M8:6:27925280:A	27	12	2	1	1	TCGA-C8-A3M8	0.307692307692308
TCGA-C8-A3M8:16:2142112:C	27	11	2	1	1	TCGA-C8-A3M8	0.289473684210526
TCGA-C8-A3M8:1:45984654:A	42	13	2	0	2	TCGA-C8-A3M8	0.236363636363636
TCGA-C8-A3M8:22:25264385:T	25	15	2	1	1	TCGA-C8-A3M8	0.375
TCGA-C8-A3M8:11:70336336:G	78	15	2	1	6	TCGA-C8-A3M8	0.161290322580645
TCGA-C8-A3M8:11:70336386:G	105	24	2	1	6	TCGA-C8-A3M8	0.186046511627907
TCGA-C8-A3M8:16:67979749:G	41	13	2	1	1	TCGA-C8-A3M8	0.240740740740741
TCGA-C8-A3M8:6:18148076:C	29	31	2	1	1	TCGA-C8-A3M8	0.516666666666667
TCGA-C8-A3M8:6:30131731:C	33	19	2	1	1	TCGA-C8-A3M8	0.365384615384615
TCGA-C8-A3M8:17:76794540:G	50	10	2	1	2	TCGA-C8-A3M8	0.166666666666667
TCGA-C8-A3M8:9:127619645:C	23	16	2	1	1	TCGA-C8-A3M8	0.41025641025641
TCGA-C8-A3M8:7:5886722:C	47	20	2	1	1	TCGA-C8-A3M8	0.298507462686567
TCGA-C8-A3M8:1:1310127:C	60	11	2	0	2	TCGA-C8-A3M8	0.154929577464789
TCGA-C8-A3M8:15:100340002:C	28	5	2	1	1	TCGA-C8-A3M8	0.151515151515152
TCGA-C8-A3M8:19:50554082:C	41	10	2	1	1	TCGA-C8-A3M8	0.196078431372549
TCGA-C8-A3M8:7:151962231:C	68	16	2	1	1	TCGA-C8-A3M8	0.19047619047619
TCGA-C8-A3M8:3:195505918:G	60	8	2	0	3	TCGA-C8-A3M8	0.117647058823529
TCGA-C8-A3M8:12:369124:C	52	11	2	1	1	TCGA-C8-A3M8	0.174603174603175
