mutation_id	ref_counts	var_counts	normal_cn	minor_cn	major_cn	variant_case	variant_freq
TCGA-C8-A1HO:11:17496468:C	95	84	2	1	1	TCGA-C8-A1HO	0.46927374301676
TCGA-C8-A1HO:2:197986120:G	94	62	2	1	1	TCGA-C8-A1HO	0.397435897435897
TCGA-C8-A1HO:16:68856122:G	33	29	2	1	1	TCGA-C8-A1HO	0.467741935483871
TCGA-C8-A1HO:18:28742499:A	38	30	2	1	1	TCGA-C8-A1HO	0.441176470588235
TCGA-C8-A1HO:2:56097974:G	105	65	2	1	1	TCGA-C8-A1HO	0.382352941176471
TCGA-C8-A1HO:8:36644922:G	285	41	2	1	6	TCGA-C8-A1HO	0.125766871165644
TCGA-C8-A1HO:17:12011212:A	24	64	2	0	1	TCGA-C8-A1HO	0.727272727272727
TCGA-C8-A1HO:6:136878950:C	22	50	2	0	1	TCGA-C8-A1HO	0.694444444444444
TCGA-C8-A1HO:19:39096100:C	18	13	2	1	1	TCGA-C8-A1HO	0.419354838709677
TCGA-C8-A1HO:17:80422247:G	92	162	2	1	1	TCGA-C8-A1HO	0.637795275590551
TCGA-C8-A1HO:11:51515904:A	102	77	2	1	1	TCGA-C8-A1HO	0.430167597765363
TCGA-C8-A1HO:5:78919122:G	56	43	2	1	1	TCGA-C8-A1HO	0.434343434343434
TCGA-C8-A1HO:19:33991853:G	40	27	2	1	1	TCGA-C8-A1HO	0.402985074626866
TCGA-C8-A1HO:1:114340405:T	73	53	2	1	1	TCGA-C8-A1HO	0.420634920634921
TCGA-C8-A1HO:12:76741035:C	38	25	2	0	1	TCGA-C8-A1HO	0.396825396825397
TCGA-C8-A1HO:2:29293999:G	30	10	2	1	1	TCGA-C8-A1HO	0.25
TCGA-C8-A1HO:3:195515766:A	108	51	2	1	1	TCGA-C8-A1HO	0.320754716981132
TCGA-C8-A1HO:14:20502037:A	41	11	2	1	1	TCGA-C8-A1HO	0.211538461538462
TCGA-C8-A1HO:1:186312558:G	124	51	2	1	1	TCGA-C8-A1HO	0.291428571428571
TCGA-C8-A1HO:11:73687705:C	64	21	2	0	1	TCGA-C8-A1HO	0.247058823529412
