mutation_id	ref_counts	var_counts	normal_cn	minor_cn	major_cn	variant_case	variant_freq
TCGA-BH-A0DL:8:131826458:G	254	254	2	1	2	TCGA-BH-A0DL	0.5
TCGA-BH-A0DL:3:50273876:C	70	46	2	0	1	TCGA-BH-A0DL	0.396551724137931
TCGA-BH-A0DL:3:178952085:A	129	211	2	1	4	TCGA-BH-A0DL	0.620588235294118
TCGA-BH-A0DL:8:121823729:C	154	41	2	1	2	TCGA-BH-A0DL	0.21025641025641
TCGA-BH-A0DL:17:7577081:T	128	83	2	0	1	TCGA-BH-A0DL	0.393364928909953
TCGA-BH-A0DL:2:179463325:G	151	78	2	1	1	TCGA-BH-A0DL	0.34061135371179
TCGA-BH-A0DL:12:121775176:T	66	21	2	0	1	TCGA-BH-A0DL	0.241379310344828
TCGA-BH-A0DL:4:125593120:T	142	19	2	1	1	TCGA-BH-A0DL	0.118012422360248
TCGA-BH-A0DL:9:139266463:G	87	16	2	0	1	TCGA-BH-A0DL	0.155339805825243
TCGA-BH-A0DL:3:46244889:C	99	45	2	0	1	TCGA-BH-A0DL	0.3125
TCGA-BH-A0DL:9:4697194:C	185	57	2	0	1	TCGA-BH-A0DL	0.235537190082645
TCGA-BH-A0DL:5:98235337:T	133	24	2	0	1	TCGA-BH-A0DL	0.152866242038217
TCGA-BH-A0DL:22:19511619:A	50	8	2	0	1	TCGA-BH-A0DL	0.137931034482759
TCGA-BH-A0DL:6:75834939:A	201	43	2	0	1	TCGA-BH-A0DL	0.176229508196721
TCGA-BH-A0DL:5:175511989:C	326	45	2	1	1	TCGA-BH-A0DL	0.121293800539084
TCGA-BH-A0DL:10:85902493:T	109	20	2	0	1	TCGA-BH-A0DL	0.155038759689922
TCGA-BH-A0DL:1:152185679:C	180	21	2	1	2	TCGA-BH-A0DL	0.104477611940299
TCGA-BH-A0DL:19:15227121:G	110	17	2	1	1	TCGA-BH-A0DL	0.133858267716535
TCGA-BH-A0DL:6:73787062:G	119	23	2	0	1	TCGA-BH-A0DL	0.161971830985915
TCGA-BH-A0DL:22:41605850:C	188	28	2	0	2	TCGA-BH-A0DL	0.12962962962963
TCGA-BH-A0DL:7:107688451:C	140	29	2	0	1	TCGA-BH-A0DL	0.171597633136095
TCGA-BH-A0DL:2:33500981:C	204	63	2	1	1	TCGA-BH-A0DL	0.235955056179775
TCGA-BH-A0DL:1:17085795:G	53	6	2	1	1	TCGA-BH-A0DL	0.101694915254237
TCGA-BH-A0DL:18:3253901:G	118	20	2	1	1	TCGA-BH-A0DL	0.144927536231884
TCGA-BH-A0DL:18:3254033:G	155	29	2	1	1	TCGA-BH-A0DL	0.157608695652174
TCGA-BH-A0DL:16:77759477:A	135	25	2	1	1	TCGA-BH-A0DL	0.15625
TCGA-BH-A0DL:11:55322145:C	78	18	2	0	1	TCGA-BH-A0DL	0.1875
TCGA-BH-A0DL:13:58208939:T	110	33	2	0	1	TCGA-BH-A0DL	0.230769230769231
TCGA-BH-A0DL:16:15100357:T	229	52	2	1	1	TCGA-BH-A0DL	0.185053380782918
TCGA-BH-A0DL:12:133253205:G	142	33	2	0	1	TCGA-BH-A0DL	0.188571428571429
TCGA-BH-A0DL:13:86369908:C	41	12	2	0	1	TCGA-BH-A0DL	0.226415094339623
TCGA-BH-A0DL:14:78043232:A	166	21	2	1	1	TCGA-BH-A0DL	0.112299465240642
TCGA-BH-A0DL:1:20656786:C	201	27	2	1	1	TCGA-BH-A0DL	0.118421052631579
TCGA-BH-A0DL:19:53384563:A	178	38	2	0	1	TCGA-BH-A0DL	0.175925925925926
