mutation_id	ref_counts	var_counts	normal_cn	minor_cn	major_cn	variant_case	variant_freq
TCGA-A7-A13G:2:39199061:G	71	59	2	1	1	TCGA-A7-A13G	0.453846153846154
TCGA-A7-A13G:10:52502735:C	86	71	2	1	1	TCGA-A7-A13G	0.452229299363057
TCGA-A7-A13G:12:7550864:G	59	42	2	1	1	TCGA-A7-A13G	0.415841584158416
TCGA-A7-A13G:5:137666850:G	46	29	2	1	1	TCGA-A7-A13G	0.386666666666667
TCGA-A7-A13G:6:118953648:C	33	19	2	1	1	TCGA-A7-A13G	0.365384615384615
TCGA-A7-A13G:4:70810640:G	83	63	2	1	1	TCGA-A7-A13G	0.431506849315068
TCGA-A7-A13G:11:92531298:G	30	30	2	1	1	TCGA-A7-A13G	0.5
TCGA-A7-A13G:6:159635993:C	28	18	2	1	1	TCGA-A7-A13G	0.391304347826087
TCGA-A7-A13G:1:89732807:T	42	40	2	1	1	TCGA-A7-A13G	0.48780487804878
TCGA-A7-A13G:8:145730243:G	21	16	2	1	1	TCGA-A7-A13G	0.432432432432432
TCGA-A7-A13G:11:64064626:C	17	13	2	1	1	TCGA-A7-A13G	0.433333333333333
TCGA-A7-A13G:4:151223869:C	60	48	2	1	1	TCGA-A7-A13G	0.444444444444444
TCGA-A7-A13G:5:88047758:G	82	50	2	1	1	TCGA-A7-A13G	0.378787878787879
TCGA-A7-A13G:1:204210567:T	48	15	2	1	3	TCGA-A7-A13G	0.238095238095238
TCGA-A7-A13G:2:242098694:G	40	22	2	1	1	TCGA-A7-A13G	0.354838709677419
TCGA-A7-A13G:7:142013409:C	10	33	2	0	1	TCGA-A7-A13G	0.767441860465116
TCGA-A7-A13G:2:215440482:G	40	37	2	1	1	TCGA-A7-A13G	0.480519480519481
TCGA-A7-A13G:19:44981511:A	41	38	2	1	1	TCGA-A7-A13G	0.481012658227848
TCGA-A7-A13G:1:16905869:G	30	6	2	1	1	TCGA-A7-A13G	0.166666666666667
TCGA-A7-A13G:1:12853415:A	65	8	2	1	1	TCGA-A7-A13G	0.10958904109589
