mutation_id	ref_counts	var_counts	normal_cn	minor_cn	major_cn	variant_case	variant_freq
TCGA-AN-A03X:2:153616311:A	85	45	2	1	1	TCGA-AN-A03X	0.346153846153846
TCGA-AN-A03X:6:90660255:A	56	278	2	1	1	TCGA-AN-A03X	0.832335329341317
TCGA-AN-A03X:6:90660256:G	58	234	2	1	1	TCGA-AN-A03X	0.801369863013699
TCGA-AN-A03X:16:30037078:G	45	15	2	1	3	TCGA-AN-A03X	0.25
TCGA-AN-A03X:20:10629222:G	159	600	2	1	2	TCGA-AN-A03X	0.790513833992095
TCGA-AN-A03X:1:46745910:G	43	16	2	0	1	TCGA-AN-A03X	0.271186440677966
TCGA-AN-A03X:5:56174909:A	210	68	2	1	1	TCGA-AN-A03X	0.244604316546763
TCGA-AN-A03X:6:41752675:G	26	9	2	1	1	TCGA-AN-A03X	0.257142857142857
TCGA-AN-A03X:21:38538542:G	156	58	2	1	1	TCGA-AN-A03X	0.271028037383178
TCGA-AN-A03X:1:247263686:C	92	16	2	2	2	TCGA-AN-A03X	0.148148148148148
TCGA-AN-A03X:1:145473902:G	104	48	2	1	2	TCGA-AN-A03X	0.315789473684211
TCGA-AN-A03X:20:6759416:C	113	63	2	1	2	TCGA-AN-A03X	0.357954545454545
TCGA-AN-A03X:2:219029024:A	217	50	2	1	1	TCGA-AN-A03X	0.187265917602996
TCGA-AN-A03X:18:19761419:A	48	6	2	0	1	TCGA-AN-A03X	0.111111111111111
TCGA-AN-A03X:17:10304230:G	94	15	2	1	1	TCGA-AN-A03X	0.137614678899083
TCGA-AN-A03X:3:178952085:A	185	50	2	1	1	TCGA-AN-A03X	0.212765957446809
TCGA-AN-A03X:7:106523570:A	335	67	2	1	1	TCGA-AN-A03X	0.166666666666667
TCGA-AN-A03X:15:64449058:G	104	26	2	1	1	TCGA-AN-A03X	0.2
TCGA-AN-A03X:13:78335020:C	146	66	2	0	1	TCGA-AN-A03X	0.311320754716981
TCGA-AN-A03X:1:10186920:T	131	55	2	0	1	TCGA-AN-A03X	0.295698924731183
