mutation_id	ref_counts	var_counts	normal_cn	minor_cn	major_cn	variant_case	variant_freq
TCGA-E9-A249:1:34052731:G	52	11	2	1	2	TCGA-E9-A249	0.174603174603175
TCGA-E9-A249:8:143994109:C	26	19	2	2	2	TCGA-E9-A249	0.422222222222222
TCGA-E9-A249:11:118919513:C	34	24	2	2	2	TCGA-E9-A249	0.413793103448276
TCGA-E9-A249:11:17408781:G	36	26	2	2	2	TCGA-E9-A249	0.419354838709677
TCGA-E9-A249:11:6942870:T	73	19	2	2	2	TCGA-E9-A249	0.206521739130435
TCGA-E9-A249:3:178936091:G	52	25	2	2	2	TCGA-E9-A249	0.324675324675325
TCGA-E9-A249:11:57076056:C	17	13	2	2	2	TCGA-E9-A249	0.433333333333333
TCGA-E9-A249:10:75279643:G	34	12	2	2	2	TCGA-E9-A249	0.260869565217391
TCGA-E9-A249:4:39236448:C	46	7	2	1	2	TCGA-E9-A249	0.132075471698113
