mutation_id	ref_counts	var_counts	normal_cn	minor_cn	major_cn	variant_case	variant_freq
TCGA-B6-A0RU:14:32560757:T	63	21	2	1	2	TCGA-B6-A0RU	0.25
TCGA-B6-A0RU:20:20269354:C	37	16	2	2	2	TCGA-B6-A0RU	0.30188679245283
TCGA-B6-A0RU:4:113539671:A	89	54	2	0	1	TCGA-B6-A0RU	0.377622377622378
TCGA-B6-A0RU:1:181688931:A	107	13	2	1	2	TCGA-B6-A0RU	0.108333333333333
TCGA-B6-A0RU:8:88249321:T	46	74	2	0	4	TCGA-B6-A0RU	0.616666666666667
TCGA-B6-A0RU:10:104816543:T	29	27	2	0	2	TCGA-B6-A0RU	0.482142857142857
TCGA-B6-A0RU:7:106877126:T	48	12	2	1	2	TCGA-B6-A0RU	0.2
TCGA-B6-A0RU:22:31867874:G	189	62	2	2	3	TCGA-B6-A0RU	0.247011952191235
TCGA-B6-A0RU:5:159656619:A	40	9	2	0	4	TCGA-B6-A0RU	0.183673469387755
TCGA-B6-A0RU:22:19349295:C	29	13	2	2	2	TCGA-B6-A0RU	0.30952380952381
TCGA-B6-A0RU:22:31336819:T	33	8	2	2	3	TCGA-B6-A0RU	0.195121951219512
TCGA-B6-A0RU:1:237023140:G	95	29	2	2	4	TCGA-B6-A0RU	0.233870967741935
TCGA-B6-A0RU:7:100686212:C	45	17	2	1	2	TCGA-B6-A0RU	0.274193548387097
TCGA-B6-A0RU:9:112705127:G	54	19	2	2	2	TCGA-B6-A0RU	0.26027397260274
TCGA-B6-A0RU:11:125708299:A	27	22	2	0	2	TCGA-B6-A0RU	0.448979591836735
TCGA-B6-A0RU:3:121158894:C	193	82	2	2	2	TCGA-B6-A0RU	0.298181818181818
TCGA-B6-A0RU:3:77612343:C	45	25	2	1	2	TCGA-B6-A0RU	0.357142857142857
TCGA-B6-A0RU:3:113166914:G	204	47	2	2	2	TCGA-B6-A0RU	0.187250996015936
TCGA-B6-A0RU:10:123988915:C	23	19	2	0	2	TCGA-B6-A0RU	0.452380952380952
TCGA-B6-A0RU:17:56679891:T	44	30	2	0	2	TCGA-B6-A0RU	0.405405405405405
TCGA-B6-A0RU:17:7578263:G	37	28	2	0	2	TCGA-B6-A0RU	0.430769230769231
TCGA-B6-A0RU:1:55188450:G	52	8	2	2	2	TCGA-B6-A0RU	0.133333333333333
TCGA-B6-A0RU:8:35608151:C	49	31	2	0	2	TCGA-B6-A0RU	0.3875
TCGA-B6-A0RU:6:144768443:C	78	71	2	0	1	TCGA-B6-A0RU	0.476510067114094
TCGA-B6-A0RU:19:38160608:G	166	68	2	1	2	TCGA-B6-A0RU	0.290598290598291
