mutation_id	ref_counts	var_counts	normal_cn	minor_cn	major_cn	variant_case	variant_freq
TCGA-E9-A3QA:2:97909714:C	55	11	2	1	2	TCGA-E9-A3QA	0.166666666666667
TCGA-E9-A3QA:16:1877569:G	36	5	2	1	2	TCGA-E9-A3QA	0.121951219512195
TCGA-E9-A3QA:17:18668054:G	36	5	2	0	1	TCGA-E9-A3QA	0.121951219512195
TCGA-E9-A3QA:1:24469556:G	35	7	2	1	2	TCGA-E9-A3QA	0.166666666666667
TCGA-E9-A3QA:17:7752915:G	32	5	2	0	2	TCGA-E9-A3QA	0.135135135135135
TCGA-E9-A3QA:3:108271220:T	62	10	2	0	3	TCGA-E9-A3QA	0.138888888888889
TCGA-E9-A3QA:11:18418471:G	28	7	2	0	1	TCGA-E9-A3QA	0.2
TCGA-E9-A3QA:11:63657700:G	23	29	2	2	2	TCGA-E9-A3QA	0.557692307692308
TCGA-E9-A3QA:20:3846420:G	41	12	2	1	1	TCGA-E9-A3QA	0.226415094339623
TCGA-E9-A3QA:17:29541468:G	118	17	2	1	1	TCGA-E9-A3QA	0.125925925925926
TCGA-E9-A3QA:5:37358219:T	26	11	2	2	2	TCGA-E9-A3QA	0.297297297297297
TCGA-E9-A3QA:10:126097424:G	36	5	2	1	1	TCGA-E9-A3QA	0.121951219512195
TCGA-E9-A3QA:1:228430947:C	25	17	2	1	8	TCGA-E9-A3QA	0.404761904761905
TCGA-E9-A3QA:3:122329393:C	44	18	2	0	2	TCGA-E9-A3QA	0.290322580645161
TCGA-E9-A3QA:11:3819179:G	31	7	2	0	1	TCGA-E9-A3QA	0.184210526315789
TCGA-E9-A3QA:11:74058248:T	23	11	2	2	3	TCGA-E9-A3QA	0.323529411764706
TCGA-E9-A3QA:20:44049193:C	52	8	2	1	2	TCGA-E9-A3QA	0.133333333333333
TCGA-E9-A3QA:10:118321027:T	37	6	2	1	1	TCGA-E9-A3QA	0.13953488372093
TCGA-E9-A3QA:2:153520244:A	19	11	2	1	2	TCGA-E9-A3QA	0.366666666666667
TCGA-E9-A3QA:17:65353563:T	27	5	2	0	5	TCGA-E9-A3QA	0.15625
TCGA-E9-A3QA:17:78265433:G	42	27	2	0	4	TCGA-E9-A3QA	0.391304347826087
TCGA-E9-A3QA:7:103051953:C	43	10	2	1	2	TCGA-E9-A3QA	0.188679245283019
TCGA-E9-A3QA:1:100436152:G	27	7	2	2	2	TCGA-E9-A3QA	0.205882352941176
TCGA-E9-A3QA:2:27886672:C	34	6	2	1	2	TCGA-E9-A3QA	0.15
TCGA-E9-A3QA:2:88474771:C	42	8	2	1	2	TCGA-E9-A3QA	0.16
TCGA-E9-A3QA:12:64812752:A	39	7	2	2	2	TCGA-E9-A3QA	0.152173913043478
TCGA-E9-A3QA:1:90486421:T	25	5	2	2	2	TCGA-E9-A3QA	0.166666666666667
TCGA-E9-A3QA:19:37726901:C	58	17	2	1	2	TCGA-E9-A3QA	0.226666666666667
