mutation_id	ref_counts	var_counts	normal_cn	minor_cn	major_cn	variant_case	variant_freq
TCGA-AR-A1AP:11:67066581:G	183	100	2	1	1	TCGA-AR-A1AP	0.353356890459364
TCGA-AR-A1AP:2:241633892:C	35	18	2	1	1	TCGA-AR-A1AP	0.339622641509434
TCGA-AR-A1AP:14:58605863:C	134	135	2	0	1	TCGA-AR-A1AP	0.50185873605948
TCGA-AR-A1AP:20:20150064:G	131	114	2	1	2	TCGA-AR-A1AP	0.46530612244898
TCGA-AR-A1AP:13:110826988:C	104	54	2	0	2	TCGA-AR-A1AP	0.341772151898734
TCGA-AR-A1AP:17:61972940:G	28	19	2	0	2	TCGA-AR-A1AP	0.404255319148936
TCGA-AR-A1AP:17:40257115:G	22	34	2	0	1	TCGA-AR-A1AP	0.607142857142857
TCGA-AR-A1AP:3:108335487:C	108	64	2	1	1	TCGA-AR-A1AP	0.372093023255814
TCGA-AR-A1AP:3:52326415:G	79	46	2	1	1	TCGA-AR-A1AP	0.368
TCGA-AR-A1AP:3:100378672:A	192	123	2	1	1	TCGA-AR-A1AP	0.39047619047619
TCGA-AR-A1AP:4:37446793:C	200	91	2	1	1	TCGA-AR-A1AP	0.312714776632302
TCGA-AR-A1AP:7:86537023:G	176	81	2	1	1	TCGA-AR-A1AP	0.315175097276265
TCGA-AR-A1AP:19:39098654:C	80	48	2	1	1	TCGA-AR-A1AP	0.375
TCGA-AR-A1AP:12:57913024:G	121	61	2	1	1	TCGA-AR-A1AP	0.335164835164835
TCGA-AR-A1AP:14:23314527:G	60	29	2	1	1	TCGA-AR-A1AP	0.325842696629214
TCGA-AR-A1AP:17:56355208:C	81	44	2	0	2	TCGA-AR-A1AP	0.352
TCGA-AR-A1AP:4:183713590:C	67	32	2	1	1	TCGA-AR-A1AP	0.323232323232323
TCGA-AR-A1AP:10:102777873:C	93	42	2	1	1	TCGA-AR-A1AP	0.311111111111111
TCGA-AR-A1AP:12:11546473:G	355	167	2	1	1	TCGA-AR-A1AP	0.31992337164751
TCGA-AR-A1AP:17:33689955:C	218	243	2	0	1	TCGA-AR-A1AP	0.527114967462039
TCGA-AR-A1AP:4:186188240:C	94	43	2	1	1	TCGA-AR-A1AP	0.313868613138686
TCGA-AR-A1AP:3:93733513:C	158	81	2	1	1	TCGA-AR-A1AP	0.338912133891213
TCGA-AR-A1AP:3:30729932:G	127	72	2	1	1	TCGA-AR-A1AP	0.361809045226131
TCGA-AR-A1AP:20:42683009:A	101	37	2	1	2	TCGA-AR-A1AP	0.268115942028986
TCGA-AR-A1AP:17:7578263:G	104	200	2	0	2	TCGA-AR-A1AP	0.657894736842105
TCGA-AR-A1AP:19:30505832:A	93	51	2	1	1	TCGA-AR-A1AP	0.354166666666667
TCGA-AR-A1AP:1:16945358:G	34	7	2	1	1	TCGA-AR-A1AP	0.170731707317073
TCGA-AR-A1AP:1:152285017:C	292	241	2	0	3	TCGA-AR-A1AP	0.452157598499062
TCGA-AR-A1AP:7:100647276:C	125	21	2	1	1	TCGA-AR-A1AP	0.143835616438356
TCGA-AR-A1AP:3:195346587:G	132	42	2	1	1	TCGA-AR-A1AP	0.241379310344828
TCGA-AR-A1AP:3:33135082:G	163	31	2	1	1	TCGA-AR-A1AP	0.15979381443299
TCGA-AR-A1AP:19:24115276:G	100	12	2	1	1	TCGA-AR-A1AP	0.107142857142857
