mutation_id	ref_counts	var_counts	normal_cn	minor_cn	major_cn	variant_case	variant_freq
TCGA-BH-A0DS:4:47839941:G	48	22	2	1	1	TCGA-BH-A0DS	0.314285714285714
TCGA-BH-A0DS:3:52417430:T	13	19	2	1	1	TCGA-BH-A0DS	0.59375
TCGA-BH-A0DS:6:152201810:C	83	44	2	1	1	TCGA-BH-A0DS	0.346456692913386
TCGA-BH-A0DS:6:26043672:C	80	47	2	1	1	TCGA-BH-A0DS	0.37007874015748
TCGA-BH-A0DS:3:51929268:G	83	67	2	1	1	TCGA-BH-A0DS	0.446666666666667
TCGA-BH-A0DS:14:19904366:C	37	15	2	1	2	TCGA-BH-A0DS	0.288461538461538
TCGA-BH-A0DS:19:50753926:T	24	10	2	1	1	TCGA-BH-A0DS	0.294117647058824
TCGA-BH-A0DS:1:204394861:G	175	43	2	1	3	TCGA-BH-A0DS	0.197247706422018
TCGA-BH-A0DS:9:98218641:C	21	12	2	1	1	TCGA-BH-A0DS	0.363636363636364
TCGA-BH-A0DS:8:104933950:A	321	66	2	2	5	TCGA-BH-A0DS	0.170542635658915
TCGA-BH-A0DS:12:111885304:C	51	25	2	1	1	TCGA-BH-A0DS	0.328947368421053
TCGA-BH-A0DS:2:234878392:G	55	36	2	1	1	TCGA-BH-A0DS	0.395604395604396
TCGA-BH-A0DS:14:76232419:G	91	85	2	1	2	TCGA-BH-A0DS	0.482954545454545
TCGA-BH-A0DS:1:91405737:C	147	83	2	1	1	TCGA-BH-A0DS	0.360869565217391
TCGA-BH-A0DS:14:70924294:C	244	38	2	1	2	TCGA-BH-A0DS	0.134751773049645
TCGA-BH-A0DS:7:28848830:G	66	10	2	1	2	TCGA-BH-A0DS	0.131578947368421
TCGA-BH-A0DS:10:14961809:A	121	27	2	1	2	TCGA-BH-A0DS	0.182432432432432
TCGA-BH-A0DS:1:235505826:A	358	46	2	1	3	TCGA-BH-A0DS	0.113861386138614
TCGA-BH-A0DS:14:106780691:C	356	63	2	1	2	TCGA-BH-A0DS	0.15035799522673
TCGA-BH-A0DS:1:222803199:C	190	35	2	1	3	TCGA-BH-A0DS	0.155555555555556
TCGA-BH-A0DS:12:54925050:G	219	29	2	1	1	TCGA-BH-A0DS	0.116935483870968
TCGA-BH-A0DS:18:2722567:G	179	30	2	1	2	TCGA-BH-A0DS	0.143540669856459
TCGA-BH-A0DS:15:25468428:G	78	17	2	1	2	TCGA-BH-A0DS	0.178947368421053
TCGA-BH-A0DS:14:94088208:C	318	72	2	1	2	TCGA-BH-A0DS	0.184615384615385
