mutation_id	ref_counts	var_counts	normal_cn	minor_cn	major_cn	variant_case	variant_freq
TCGA-AR-A1AJ:17:8215645:C	97	24	2	0	1	TCGA-AR-A1AJ	0.198347107438017
TCGA-AR-A1AJ:5:13735415:C	154	19	2	1	1	TCGA-AR-A1AJ	0.109826589595376
TCGA-AR-A1AJ:17:60464771:A	169	43	2	0	1	TCGA-AR-A1AJ	0.202830188679245
TCGA-AR-A1AJ:1:152282321:G	298	36	2	2	3	TCGA-AR-A1AJ	0.107784431137725
TCGA-AR-A1AJ:15:28493757:C	243	50	2	0	1	TCGA-AR-A1AJ	0.170648464163823
TCGA-AR-A1AJ:20:62065186:C	77	20	2	1	1	TCGA-AR-A1AJ	0.206185567010309
TCGA-AR-A1AJ:18:19371349:C	120	21	2	1	2	TCGA-AR-A1AJ	0.148936170212766
TCGA-AR-A1AJ:16:14951376:G	384	51	2	1	2	TCGA-AR-A1AJ	0.117241379310345
TCGA-AR-A1AJ:3:49038967:A	32	6	2	1	1	TCGA-AR-A1AJ	0.157894736842105
TCGA-AR-A1AJ:10:89624254:A	249	53	2	0	1	TCGA-AR-A1AJ	0.175496688741722
TCGA-AR-A1AJ:21:45545915:G	148	23	2	2	2	TCGA-AR-A1AJ	0.134502923976608
TCGA-AR-A1AJ:16:7383011:G	274	42	2	1	1	TCGA-AR-A1AJ	0.132911392405063
TCGA-AR-A1AJ:17:7577120:C	127	32	2	0	1	TCGA-AR-A1AJ	0.20125786163522
TCGA-AR-A1AJ:11:32450119:C	34	7	2	1	1	TCGA-AR-A1AJ	0.170731707317073
TCGA-AR-A1AJ:4:184182178:G	116	26	2	1	1	TCGA-AR-A1AJ	0.183098591549296
TCGA-AR-A1AJ:19:23406559:T	161	44	2	0	1	TCGA-AR-A1AJ	0.214634146341463
