mutation_id	ref_counts	var_counts	normal_cn	minor_cn	major_cn	variant_case	variant_freq
TCGA-E9-A1RI:3:122060396:C	61	15	2	1	1	TCGA-E9-A1RI	0.197368421052632
TCGA-E9-A1RI:1:152277093:C	138	44	2	1	1	TCGA-E9-A1RI	0.241758241758242
TCGA-E9-A1RI:3:98251078:G	46	11	2	1	1	TCGA-E9-A1RI	0.192982456140351
TCGA-E9-A1RI:3:178952085:A	46	16	2	1	1	TCGA-E9-A1RI	0.258064516129032
TCGA-E9-A1RI:7:127963629:G	69	29	2	1	1	TCGA-E9-A1RI	0.295918367346939
TCGA-E9-A1RI:17:26653645:G	72	48	2	1	2	TCGA-E9-A1RI	0.4
TCGA-E9-A1RI:1:22835660:C	48	21	2	1	1	TCGA-E9-A1RI	0.304347826086957
TCGA-E9-A1RI:9:17466011:G	41	8	2	1	1	TCGA-E9-A1RI	0.163265306122449
TCGA-E9-A1RI:13:20625633:G	74	12	2	1	1	TCGA-E9-A1RI	0.13953488372093
