mutation_id	ref_counts	var_counts	normal_cn	minor_cn	major_cn	variant_case	variant_freq
TCGA-BB-7861:10:52103821:C	39	12	2	1	1	TCGA-BB-7861	0.235294117647059
TCGA-BB-7861:14:19857036:A	80	11	2	1	2	TCGA-BB-7861	0.120879120879121
TCGA-BB-7861:15:40501931:G	62	16	2	1	2	TCGA-BB-7861	0.205128205128205
TCGA-BB-7861:15:90984759:T	29	16	2	1	2	TCGA-BB-7861	0.355555555555556
TCGA-BB-7861:18:77171332:G	28	10	2	1	2	TCGA-BB-7861	0.263157894736842
TCGA-BB-7861:19:41382568:G	64	12	2	1	2	TCGA-BB-7861	0.157894736842105
TCGA-BB-7861:19:46973295:G	106	48	2	1	2	TCGA-BB-7861	0.311688311688312
TCGA-BB-7861:21:45837902:C	27	8	2	1	1	TCGA-BB-7861	0.228571428571429
TCGA-BB-7861:22:24509711:A	36	11	2	0	1	TCGA-BB-7861	0.234042553191489
TCGA-BB-7861:22:36710335:T	31	5	2	0	1	TCGA-BB-7861	0.138888888888889
TCGA-BB-7861:5:127744375:C	39	8	2	1	2	TCGA-BB-7861	0.170212765957447
TCGA-BB-7861:6:29599320:G	82	13	2	1	1	TCGA-BB-7861	0.136842105263158
TCGA-BB-7861:7:86978395:A	37	9	2	1	1	TCGA-BB-7861	0.195652173913043
TCGA-BB-7861:8:82391122:G	44	15	2	0	1	TCGA-BB-7861	0.254237288135593
TCGA-BB-7861:1:200965403:C	141	17	2	1	1	TCGA-BB-7861	0.107594936708861
TCGA-BB-7861:9:34256668:G	54	5	2	1	1	TCGA-BB-7861	0.0847457627118644
