mutation_id	ref_counts	var_counts	normal_cn	minor_cn	major_cn	variant_case	variant_freq
TCGA-E9-A3HO:19:3619189:G	35	5	2	2	2	TCGA-E9-A3HO	0.125
TCGA-E9-A3HO:1:15807633:C	26	31	2	1	2	TCGA-E9-A3HO	0.543859649122807
TCGA-E9-A3HO:5:39376958:C	41	20	2	2	4	TCGA-E9-A3HO	0.327868852459016
TCGA-E9-A3HO:12:57932304:G	25	11	2	2	2	TCGA-E9-A3HO	0.305555555555556
TCGA-E9-A3HO:6:83847275:A	16	16	2	2	3	TCGA-E9-A3HO	0.5
TCGA-E9-A3HO:16:2283116:A	59	13	2	2	4	TCGA-E9-A3HO	0.180555555555556
TCGA-E9-A3HO:16:2296901:G	70	10	2	2	4	TCGA-E9-A3HO	0.125
TCGA-E9-A3HO:10:61023902:T	49	12	2	2	2	TCGA-E9-A3HO	0.19672131147541
TCGA-E9-A3HO:6:116875223:C	18	24	2	2	3	TCGA-E9-A3HO	0.571428571428571
TCGA-E9-A3HO:5:127666379:C	25	14	2	1	3	TCGA-E9-A3HO	0.358974358974359
TCGA-E9-A3HO:19:51519314:T	25	15	2	2	2	TCGA-E9-A3HO	0.375
TCGA-E9-A3HO:1:151774826:G	39	12	2	2	3	TCGA-E9-A3HO	0.235294117647059
TCGA-E9-A3HO:1:76356408:G	29	6	2	2	2	TCGA-E9-A3HO	0.171428571428571
TCGA-E9-A3HO:3:195480050:C	18	24	2	2	2	TCGA-E9-A3HO	0.571428571428571
TCGA-E9-A3HO:11:20805317:T	26	5	2	1	2	TCGA-E9-A3HO	0.161290322580645
TCGA-E9-A3HO:1:228487757:T	52	14	2	5	5	TCGA-E9-A3HO	0.212121212121212
TCGA-E9-A3HO:17:27238259:G	37	6	2	2	2	TCGA-E9-A3HO	0.13953488372093
TCGA-E9-A3HO:9:15472724:G	40	20	2	2	3	TCGA-E9-A3HO	0.333333333333333
TCGA-E9-A3HO:9:130883459:C	33	16	2	2	2	TCGA-E9-A3HO	0.326530612244898
TCGA-E9-A3HO:14:24806073:G	21	22	2	1	3	TCGA-E9-A3HO	0.511627906976744
TCGA-E9-A3HO:15:59377902:C	23	7	2	0	2	TCGA-E9-A3HO	0.233333333333333
TCGA-E9-A3HO:19:38974020:A	54	28	2	2	2	TCGA-E9-A3HO	0.341463414634146
TCGA-E9-A3HO:1:53569223:G	18	14	2	1	2	TCGA-E9-A3HO	0.4375
TCGA-E9-A3HO:8:53092687:G	39	16	2	2	2	TCGA-E9-A3HO	0.290909090909091
TCGA-E9-A3HO:12:51252720:A	23	17	2	2	2	TCGA-E9-A3HO	0.425
TCGA-E9-A3HO:20:33645320:T	74	41	2	2	2	TCGA-E9-A3HO	0.356521739130435
TCGA-E9-A3HO:2:179586824:T	11	23	2	0	2	TCGA-E9-A3HO	0.676470588235294
TCGA-E9-A3HO:1:162482580:G	46	11	2	3	4	TCGA-E9-A3HO	0.192982456140351
TCGA-E9-A3HO:4:10117755:G	47	18	2	1	2	TCGA-E9-A3HO	0.276923076923077
TCGA-E9-A3HO:4:436142:G	12	18	2	1	2	TCGA-E9-A3HO	0.6
TCGA-E9-A3HO:7:143085893:C	21	25	2	1	2	TCGA-E9-A3HO	0.543478260869565
TCGA-E9-A3HO:2:232234731:C	45	6	2	1	2	TCGA-E9-A3HO	0.117647058823529
TCGA-E9-A3HO:2:232234732:C	47	6	2	1	2	TCGA-E9-A3HO	0.113207547169811
TCGA-E9-A3HO:11:5153313:A	34	5	2	1	2	TCGA-E9-A3HO	0.128205128205128
