mutation_id	ref_counts	var_counts	normal_cn	minor_cn	major_cn	variant_case	variant_freq
TCGA-BH-A0DT:12:2800326:G	33	6	2	1	1	TCGA-BH-A0DT	0.153846153846154
TCGA-BH-A0DT:2:84784910:C	151	55	2	1	1	TCGA-BH-A0DT	0.266990291262136
TCGA-BH-A0DT:2:42909567:A	216	72	2	1	1	TCGA-BH-A0DT	0.25
TCGA-BH-A0DT:2:10729809:A	184	64	2	1	1	TCGA-BH-A0DT	0.258064516129032
TCGA-BH-A0DT:5:37314414:T	92	34	2	1	1	TCGA-BH-A0DT	0.26984126984127
TCGA-BH-A0DT:3:178936091:G	155	60	2	1	1	TCGA-BH-A0DT	0.27906976744186
TCGA-BH-A0DT:5:63510190:C	95	29	2	1	1	TCGA-BH-A0DT	0.233870967741935
TCGA-BH-A0DT:12:48091472:C	206	59	2	1	1	TCGA-BH-A0DT	0.222641509433962
