mutation_id	ref_counts	var_counts	normal_cn	minor_cn	major_cn	variant_case	variant_freq
TCGA-44-5645:1:36383924:T	175	39	2	1	2	TCGA-44-5645	0.182242990654206
TCGA-44-5645:1:62455859:T	28	17	2	0	2	TCGA-44-5645	0.377777777777778
TCGA-44-5645:1:144918885:T	587	168	2	1	2	TCGA-44-5645	0.222516556291391
TCGA-44-5645:10:48389514:A	30	6	2	1	1	TCGA-44-5645	0.166666666666667
TCGA-44-5645:11:49178267:A	144	26	2	2	2	TCGA-44-5645	0.152941176470588
TCGA-44-5645:11:62298187:G	297	64	2	1	2	TCGA-44-5645	0.177285318559557
TCGA-44-5645:11:65088480:C	53	15	2	1	2	TCGA-44-5645	0.220588235294118
TCGA-44-5645:15:50211114:G	95	20	2	1	2	TCGA-44-5645	0.173913043478261
TCGA-44-5645:16:9858195:G	104	28	2	1	2	TCGA-44-5645	0.212121212121212
TCGA-44-5645:19:16284278:G	52	19	2	1	1	TCGA-44-5645	0.267605633802817
TCGA-44-5645:19:50167985:A	87	25	2	1	1	TCGA-44-5645	0.223214285714286
TCGA-44-5645:20:29992817:A	84	18	2	1	2	TCGA-44-5645	0.176470588235294
TCGA-44-5645:22:42415801:C	74	30	2	0	2	TCGA-44-5645	0.288461538461538
TCGA-44-5645:22:43564118:C	49	19	2	0	2	TCGA-44-5645	0.279411764705882
TCGA-44-5645:3:9780966:A	30	10	2	1	1	TCGA-44-5645	0.25
TCGA-44-5645:3:38592973:T	60	18	2	1	1	TCGA-44-5645	0.230769230769231
TCGA-44-5645:3:89462377:G	62	21	2	1	1	TCGA-44-5645	0.253012048192771
TCGA-44-5645:3:178952085:A	34	14	2	1	1	TCGA-44-5645	0.291666666666667
TCGA-44-5645:4:38830532:G	35	8	2	1	2	TCGA-44-5645	0.186046511627907
TCGA-44-5645:4:114530323:T	34	23	2	1	1	TCGA-44-5645	0.403508771929825
TCGA-44-5645:5:54701406:G	94	19	2	1	2	TCGA-44-5645	0.168141592920354
TCGA-44-5645:5:109091091:A	90	16	2	1	2	TCGA-44-5645	0.150943396226415
TCGA-44-5645:7:19184591:G	124	12	2	1	10	TCGA-44-5645	0.0882352941176471
TCGA-44-5645:7:44806175:G	63	23	2	1	2	TCGA-44-5645	0.267441860465116
TCGA-44-5645:9:19786259:G	55	20	2	1	1	TCGA-44-5645	0.266666666666667
TCGA-44-5645:16:67298944:A	56	6	2	2	2	TCGA-44-5645	0.0967741935483871
TCGA-44-5645:17:58179841:A	120	32	2	1	1	TCGA-44-5645	0.210526315789474
TCGA-44-5645:18:14543092:G	79	8	2	0	2	TCGA-44-5645	0.0919540229885057
TCGA-44-5645:4:56830457:A	61	7	2	1	2	TCGA-44-5645	0.102941176470588
TCGA-44-5645:4:99982307:G	105	19	2	1	1	TCGA-44-5645	0.153225806451613
TCGA-44-5645:5:156787321:C	107	16	2	1	2	TCGA-44-5645	0.130081300813008
TCGA-44-5645:7:107626714:G	106	6	2	1	2	TCGA-44-5645	0.0535714285714286
TCGA-44-5645:1:161512867:G	168	5	2	1	2	TCGA-44-5645	0.0289017341040462
TCGA-44-5645:15:78211548:T	91	5	2	0	2	TCGA-44-5645	0.0520833333333333
