mutation_id	ref_counts	var_counts	normal_cn	minor_cn	major_cn	variant_case	variant_freq
TCGA-D8-A1JB:6:135751072:G	32	7	2	1	1	TCGA-D8-A1JB	0.179487179487179
TCGA-D8-A1JB:19:10502337:C	31	6	2	1	1	TCGA-D8-A1JB	0.162162162162162
TCGA-D8-A1JB:3:98240072:T	53	10	2	1	1	TCGA-D8-A1JB	0.158730158730159
TCGA-D8-A1JB:20:23584193:C	112	19	2	1	1	TCGA-D8-A1JB	0.145038167938931
TCGA-D8-A1JB:5:169138958:A	103	36	2	0	3	TCGA-D8-A1JB	0.258992805755396
TCGA-D8-A1JB:10:46254848:A	72	10	2	1	1	TCGA-D8-A1JB	0.121951219512195
TCGA-D8-A1JB:4:187518179:G	61	8	2	0	2	TCGA-D8-A1JB	0.115942028985507
TCGA-D8-A1JB:1:224345435:G	28	6	2	1	3	TCGA-D8-A1JB	0.176470588235294
TCGA-D8-A1JB:19:35651628:G	99	12	2	1	1	TCGA-D8-A1JB	0.108108108108108
TCGA-D8-A1JB:19:41778020:C	47	7	2	1	1	TCGA-D8-A1JB	0.12962962962963
TCGA-D8-A1JB:3:148877913:G	87	15	2	1	1	TCGA-D8-A1JB	0.147058823529412
TCGA-D8-A1JB:14:106110114:T	163	27	2	1	1	TCGA-D8-A1JB	0.142105263157895
TCGA-D8-A1JB:1:200959275:C	26	10	2	1	2	TCGA-D8-A1JB	0.277777777777778
TCGA-D8-A1JB:3:37114294:T	121	17	2	1	1	TCGA-D8-A1JB	0.123188405797101
TCGA-D8-A1JB:3:195506940:G	55	14	2	1	1	TCGA-D8-A1JB	0.202898550724638
TCGA-D8-A1JB:1:145354324:G	22	10	2	1	2	TCGA-D8-A1JB	0.3125
TCGA-D8-A1JB:10:15115160:G	55	10	2	1	2	TCGA-D8-A1JB	0.153846153846154
TCGA-D8-A1JB:17:73624831:G	68	9	2	1	2	TCGA-D8-A1JB	0.116883116883117
TCGA-D8-A1JB:17:27286098:C	40	6	2	1	1	TCGA-D8-A1JB	0.130434782608696
TCGA-D8-A1JB:3:164710170:T	45	5	2	1	1	TCGA-D8-A1JB	0.1
TCGA-D8-A1JB:2:27876556:T	46	11	2	1	1	TCGA-D8-A1JB	0.192982456140351
TCGA-D8-A1JB:6:170871004:G	31	9	2	1	1	TCGA-D8-A1JB	0.225
TCGA-D8-A1JB:12:72068026:G	44	9	2	1	1	TCGA-D8-A1JB	0.169811320754717
TCGA-D8-A1JB:3:25668734:T	64	12	2	1	1	TCGA-D8-A1JB	0.157894736842105
