mutation_id	ref_counts	var_counts	normal_cn	minor_cn	major_cn	variant_case	variant_freq
TCGA-B6-A0I5:11:17434293:C	140	78	2	1	1	TCGA-B6-A0I5	0.357798165137615
TCGA-B6-A0I5:17:40123967:G	33	18	2	0	2	TCGA-B6-A0I5	0.352941176470588
TCGA-B6-A0I5:8:2823394:A	220	50	2	1	3	TCGA-B6-A0I5	0.185185185185185
TCGA-B6-A0I5:1:152281273:G	260	63	2	1	3	TCGA-B6-A0I5	0.195046439628483
TCGA-B6-A0I5:7:64639826:A	251	128	2	1	2	TCGA-B6-A0I5	0.337730870712401
TCGA-B6-A0I5:20:36856567:G	49	34	2	1	2	TCGA-B6-A0I5	0.409638554216867
TCGA-B6-A0I5:18:6171939:A	322	159	2	1	1	TCGA-B6-A0I5	0.330561330561331
TCGA-B6-A0I5:10:28436429:A	374	169	2	1	1	TCGA-B6-A0I5	0.311233885819521
TCGA-B6-A0I5:7:98997926:C	197	167	2	1	2	TCGA-B6-A0I5	0.458791208791209
TCGA-B6-A0I5:3:178936095:A	78	38	2	1	1	TCGA-B6-A0I5	0.327586206896552
TCGA-B6-A0I5:3:52954632:A	94	43	2	1	1	TCGA-B6-A0I5	0.313868613138686
TCGA-B6-A0I5:12:39947886:C	183	69	2	1	1	TCGA-B6-A0I5	0.273809523809524
TCGA-B6-A0I5:11:61607902:C	84	19	2	1	1	TCGA-B6-A0I5	0.184466019417476
TCGA-B6-A0I5:16:81193367:G	200	44	2	0	1	TCGA-B6-A0I5	0.180327868852459
TCGA-B6-A0I5:8:110442249:C	196	248	2	1	3	TCGA-B6-A0I5	0.558558558558559
TCGA-B6-A0I5:5:178392823:G	99	35	2	1	1	TCGA-B6-A0I5	0.261194029850746
