mutation_id	ref_counts	var_counts	normal_cn	minor_cn	major_cn	variant_case	variant_freq
TCGA-BH-A1F5:16:28506765:C	27	58	2	1	3	TCGA-BH-A1F5	0.682352941176471
TCGA-BH-A1F5:5:180377494:G	38	26	2	1	1	TCGA-BH-A1F5	0.40625
TCGA-BH-A1F5:1:1854530:A	29	25	2	1	1	TCGA-BH-A1F5	0.462962962962963
TCGA-BH-A1F5:1:153635506:G	89	51	2	1	1	TCGA-BH-A1F5	0.364285714285714
TCGA-BH-A1F5:2:141806577:C	167	106	2	1	1	TCGA-BH-A1F5	0.388278388278388
TCGA-BH-A1F5:5:56178169:C	41	25	2	1	1	TCGA-BH-A1F5	0.378787878787879
TCGA-BH-A1F5:19:57327932:C	95	58	2	1	1	TCGA-BH-A1F5	0.379084967320261
TCGA-BH-A1F5:1:12942944:A	123	77	2	1	1	TCGA-BH-A1F5	0.385
TCGA-BH-A1F5:5:80381624:C	62	47	2	1	1	TCGA-BH-A1F5	0.431192660550459
TCGA-BH-A1F5:4:1107207:T	16	15	2	1	1	TCGA-BH-A1F5	0.483870967741935
TCGA-BH-A1F5:17:7187613:C	31	16	2	1	1	TCGA-BH-A1F5	0.340425531914894
TCGA-BH-A1F5:8:133984055:C	207	56	2	1	3	TCGA-BH-A1F5	0.212927756653992
TCGA-BH-A1F5:20:62366833:G	22	15	2	1	1	TCGA-BH-A1F5	0.405405405405405
TCGA-BH-A1F5:9:109771899:G	96	95	2	1	1	TCGA-BH-A1F5	0.49738219895288
TCGA-BH-A1F5:1:77984336:G	66	21	2	1	1	TCGA-BH-A1F5	0.241379310344828
TCGA-BH-A1F5:16:58589747:T	101	25	2	0	1	TCGA-BH-A1F5	0.198412698412698
TCGA-BH-A1F5:22:32188070:T	125	19	2	0	1	TCGA-BH-A1F5	0.131944444444444
TCGA-BH-A1F5:6:31631634:T	49	16	2	0	1	TCGA-BH-A1F5	0.246153846153846
TCGA-BH-A1F5:18:18983893:C	232	34	2	1	1	TCGA-BH-A1F5	0.12781954887218
TCGA-BH-A1F5:14:24538005:C	54	9	2	1	1	TCGA-BH-A1F5	0.142857142857143
TCGA-BH-A1F5:12:54971012:T	89	19	2	1	1	TCGA-BH-A1F5	0.175925925925926
TCGA-BH-A1F5:11:60668993:A	106	40	2	1	1	TCGA-BH-A1F5	0.273972602739726
TCGA-BH-A1F5:9:125154645:C	72	12	2	1	1	TCGA-BH-A1F5	0.142857142857143
TCGA-BH-A1F5:12:124081212:T	109	71	2	0	1	TCGA-BH-A1F5	0.394444444444444
