mutation_id	ref_counts	var_counts	normal_cn	minor_cn	major_cn	variant_case	variant_freq
TCGA-EW-A1J2:1:154303923:C	133	20	2	1	3	TCGA-EW-A1J2	0.130718954248366
TCGA-EW-A1J2:16:67100607:T	169	86	2	0	1	TCGA-EW-A1J2	0.337254901960784
TCGA-EW-A1J2:16:68857367:A	49	22	2	0	1	TCGA-EW-A1J2	0.309859154929577
TCGA-EW-A1J2:7:90042451:T	141	34	2	1	1	TCGA-EW-A1J2	0.194285714285714
TCGA-EW-A1J2:19:44223936:C	27	6	2	1	1	TCGA-EW-A1J2	0.181818181818182
TCGA-EW-A1J2:3:178984451:C	53	31	2	1	1	TCGA-EW-A1J2	0.369047619047619
TCGA-EW-A1J2:17:51901204:C	97	29	2	1	2	TCGA-EW-A1J2	0.23015873015873
TCGA-EW-A1J2:2:136548358:C	99	22	2	1	1	TCGA-EW-A1J2	0.181818181818182
TCGA-EW-A1J2:11:59245266:C	80	45	2	1	1	TCGA-EW-A1J2	0.36
TCGA-EW-A1J2:3:98217148:C	177	47	2	1	1	TCGA-EW-A1J2	0.209821428571429
TCGA-EW-A1J2:7:94293359:G	29	13	2	1	1	TCGA-EW-A1J2	0.30952380952381
TCGA-EW-A1J2:18:59749915:G	85	30	2	1	1	TCGA-EW-A1J2	0.260869565217391
TCGA-EW-A1J2:3:178952085:A	55	25	2	1	1	TCGA-EW-A1J2	0.3125
TCGA-EW-A1J2:19:5921287:C	39	6	2	1	1	TCGA-EW-A1J2	0.133333333333333
TCGA-EW-A1J2:9:35608979:A	30	12	2	1	1	TCGA-EW-A1J2	0.285714285714286
TCGA-EW-A1J2:20:44003687:G	41	10	2	1	1	TCGA-EW-A1J2	0.196078431372549
TCGA-EW-A1J2:10:81063837:G	48	8	2	1	1	TCGA-EW-A1J2	0.142857142857143
TCGA-EW-A1J2:11:119027364:A	59	11	2	0	1	TCGA-EW-A1J2	0.157142857142857
TCGA-EW-A1J2:10:124459255:T	231	26	2	1	1	TCGA-EW-A1J2	0.101167315175097
TCGA-EW-A1J2:8:75927084:C	46	7	2	1	1	TCGA-EW-A1J2	0.132075471698113
TCGA-EW-A1J2:20:32678367:C	258	53	2	1	1	TCGA-EW-A1J2	0.170418006430868
TCGA-EW-A1J2:3:195511668:G	724	157	2	1	1	TCGA-EW-A1J2	0.178206583427923
TCGA-EW-A1J2:15:70345629:G	145	24	2	1	1	TCGA-EW-A1J2	0.142011834319527
TCGA-EW-A1J2:14:77237561:G	81	10	2	1	1	TCGA-EW-A1J2	0.10989010989011
