mutation_id	ref_counts	var_counts	normal_cn	minor_cn	major_cn	variant_case	variant_freq
TCGA-BH-A0EB:16:16315544:C	95	32	2	1	1	TCGA-BH-A0EB	0.251968503937008
TCGA-BH-A0EB:16:28909329:C	45	22	2	1	2	TCGA-BH-A0EB	0.328358208955224
TCGA-BH-A0EB:6:49519103:G	35	16	2	1	1	TCGA-BH-A0EB	0.313725490196078
TCGA-BH-A0EB:3:10331484:C	65	44	2	1	1	TCGA-BH-A0EB	0.403669724770642
TCGA-BH-A0EB:6:168312082:C	115	41	2	1	1	TCGA-BH-A0EB	0.262820512820513
TCGA-BH-A0EB:1:156843599:G	32	12	2	1	2	TCGA-BH-A0EB	0.272727272727273
TCGA-BH-A0EB:7:99654841:G	22	10	2	0	1	TCGA-BH-A0EB	0.3125
TCGA-BH-A0EB:8:41591581:A	103	14	2	0	1	TCGA-BH-A0EB	0.11965811965812
TCGA-BH-A0EB:8:40011156:C	135	61	2	0	1	TCGA-BH-A0EB	0.311224489795918
TCGA-BH-A0EB:3:3085276:C	113	31	2	1	1	TCGA-BH-A0EB	0.215277777777778
TCGA-BH-A0EB:12:124387592:C	118	17	2	1	1	TCGA-BH-A0EB	0.125925925925926
TCGA-BH-A0EB:22:23040687:C	96	23	2	0	1	TCGA-BH-A0EB	0.19327731092437
TCGA-BH-A0EB:2:102804317:C	75	11	2	0	1	TCGA-BH-A0EB	0.127906976744186
TCGA-BH-A0EB:6:76751758:C	310	42	2	1	1	TCGA-BH-A0EB	0.119318181818182
TCGA-BH-A0EB:19:42840407:C	25	7	2	0	1	TCGA-BH-A0EB	0.21875
TCGA-BH-A0EB:8:128808257:G	118	28	2	0	1	TCGA-BH-A0EB	0.191780821917808
TCGA-BH-A0EB:19:17313112:G	31	5	2	0	1	TCGA-BH-A0EB	0.138888888888889
TCGA-BH-A0EB:9:134003062:A	58	17	2	0	1	TCGA-BH-A0EB	0.226666666666667
TCGA-BH-A0EB:2:178565928:G	79	16	2	0	1	TCGA-BH-A0EB	0.168421052631579
TCGA-BH-A0EB:3:178952085:A	95	33	2	0	1	TCGA-BH-A0EB	0.2578125
TCGA-BH-A0EB:10:108412155:C	121	26	2	0	1	TCGA-BH-A0EB	0.17687074829932
TCGA-BH-A0EB:1:16254679:G	82	18	2	0	1	TCGA-BH-A0EB	0.18
TCGA-BH-A0EB:9:32541997:G	105	23	2	0	1	TCGA-BH-A0EB	0.1796875
TCGA-BH-A0EB:2:85857864:T	72	12	2	0	1	TCGA-BH-A0EB	0.142857142857143
TCGA-BH-A0EB:10:105922136:G	134	28	2	0	1	TCGA-BH-A0EB	0.172839506172839
TCGA-BH-A0EB:8:77768353:C	54	17	2	0	1	TCGA-BH-A0EB	0.23943661971831
TCGA-BH-A0EB:19:53911368:A	106	21	2	0	1	TCGA-BH-A0EB	0.165354330708661
