mutation_id	ref_counts	var_counts	normal_cn	minor_cn	major_cn	variant_case	variant_freq
TCGA-BA-5557:1:15361331:C	54	6	2	1	1	TCGA-BA-5557	0.1
TCGA-BA-5557:1:218609454:G	70	6	2	1	1	TCGA-BA-5557	0.0789473684210526
TCGA-BA-5557:12:4920108:T	63	23	2	1	2	TCGA-BA-5557	0.267441860465116
TCGA-BA-5557:12:9318713:C	104	14	2	1	1	TCGA-BA-5557	0.11864406779661
TCGA-BA-5557:12:123482002:C	89	12	2	1	1	TCGA-BA-5557	0.118811881188119
TCGA-BA-5557:16:48211016:G	54	5	2	1	1	TCGA-BA-5557	0.0847457627118644
TCGA-BA-5557:17:1960080:C	30	5	2	0	1	TCGA-BA-5557	0.142857142857143
TCGA-BA-5557:17:7578247:A	43	10	2	0	1	TCGA-BA-5557	0.188679245283019
TCGA-BA-5557:17:65548417:A	63	8	2	1	1	TCGA-BA-5557	0.112676056338028
TCGA-BA-5557:19:49261276:G	89	21	2	1	1	TCGA-BA-5557	0.190909090909091
TCGA-BA-5557:19:55623923:G	20	10	2	1	1	TCGA-BA-5557	0.333333333333333
TCGA-BA-5557:19:55670503:G	47	8	2	1	1	TCGA-BA-5557	0.145454545454545
TCGA-BA-5557:2:179659934:A	60	10	2	1	1	TCGA-BA-5557	0.142857142857143
TCGA-BA-5557:20:10626068:G	89	18	2	1	1	TCGA-BA-5557	0.168224299065421
TCGA-BA-5557:20:56728608:G	173	21	2	1	1	TCGA-BA-5557	0.108247422680412
TCGA-BA-5557:22:21989343:G	41	6	2	2	2	TCGA-BA-5557	0.127659574468085
TCGA-BA-5557:22:41257532:C	166	13	2	2	2	TCGA-BA-5557	0.0726256983240224
TCGA-BA-5557:3:121363742:C	129	20	2	1	2	TCGA-BA-5557	0.134228187919463
TCGA-BA-5557:3:145788905:C	34	6	2	1	2	TCGA-BA-5557	0.15
TCGA-BA-5557:4:72425867:C	109	24	2	1	1	TCGA-BA-5557	0.180451127819549
TCGA-BA-5557:5:96222495:T	77	12	2	1	1	TCGA-BA-5557	0.134831460674157
TCGA-BA-5557:5:140595010:G	102	18	2	1	1	TCGA-BA-5557	0.15
TCGA-BA-5557:7:4899722:C	53	5	2	1	1	TCGA-BA-5557	0.0862068965517241
TCGA-BA-5557:7:102040012:G	115	19	2	1	1	TCGA-BA-5557	0.141791044776119
TCGA-BA-5557:1:248436658:G	118	9	2	1	1	TCGA-BA-5557	0.0708661417322835
TCGA-BA-5557:11:55904529:A	89	5	2	1	1	TCGA-BA-5557	0.0531914893617021
TCGA-BA-5557:11:66278499:G	210	19	2	1	1	TCGA-BA-5557	0.0829694323144105
TCGA-BA-5557:15:74368258:C	76	5	2	1	1	TCGA-BA-5557	0.0617283950617284
TCGA-BA-5557:17:5012303:C	150	12	2	0	1	TCGA-BA-5557	0.0740740740740741
TCGA-BA-5557:19:56369450:G	92	7	2	1	1	TCGA-BA-5557	0.0707070707070707
TCGA-BA-5557:2:232081457:C	141	9	2	1	1	TCGA-BA-5557	0.06
TCGA-BA-5557:20:34519268:G	79	7	2	1	1	TCGA-BA-5557	0.0813953488372093
TCGA-BA-5557:20:34519277:G	81	7	2	1	1	TCGA-BA-5557	0.0795454545454545
TCGA-BA-5557:21:19666941:G	101	7	2	1	1	TCGA-BA-5557	0.0648148148148148
