mutation_id	ref_counts	var_counts	normal_cn	minor_cn	major_cn	variant_case	variant_freq
TCGA-A8-A08X:8:100899792:C	168	19	2	1	3	TCGA-A8-A08X	0.101604278074866
TCGA-A8-A08X:1:157773658:C	166	63	2	2	2	TCGA-A8-A08X	0.275109170305677
TCGA-A8-A08X:19:18186597:G	28	11	2	1	1	TCGA-A8-A08X	0.282051282051282
TCGA-A8-A08X:5:109091135:T	125	35	2	0	1	TCGA-A8-A08X	0.21875
TCGA-A8-A08X:13:33233398:A	164	53	2	1	1	TCGA-A8-A08X	0.244239631336406
TCGA-A8-A08X:10:29813441:C	166	41	2	1	2	TCGA-A8-A08X	0.198067632850242
TCGA-A8-A08X:2:74275539:G	40	6	2	1	1	TCGA-A8-A08X	0.130434782608696
TCGA-A8-A08X:17:7578403:C	72	36	2	0	1	TCGA-A8-A08X	0.333333333333333
TCGA-A8-A08X:14:74824804:C	42	16	2	1	1	TCGA-A8-A08X	0.275862068965517
TCGA-A8-A08X:10:115540376:A	140	24	2	0	1	TCGA-A8-A08X	0.146341463414634
TCGA-A8-A08X:14:50122403:C	281	49	2	1	1	TCGA-A8-A08X	0.148484848484848
TCGA-A8-A08X:7:100776989:G	232	28	2	1	1	TCGA-A8-A08X	0.107692307692308
