mutation_id	ref_counts	var_counts	normal_cn	minor_cn	major_cn	variant_case	variant_freq
TCGA-A8-A07F:6:70071317:G	236	60	2	1	3	TCGA-A8-A07F	0.202702702702703
TCGA-A8-A07F:1:146684013:A	275	108	2	3	3	TCGA-A8-A07F	0.281984334203655
TCGA-A8-A07F:4:90170956:C	93	31	2	1	2	TCGA-A8-A07F	0.25
TCGA-A8-A07F:6:27860570:T	128	28	2	1	3	TCGA-A8-A07F	0.179487179487179
TCGA-A8-A07F:1:226923335:A	33	9	2	3	3	TCGA-A8-A07F	0.214285714285714
TCGA-A8-A07F:10:30336579:C	32	14	2	1	2	TCGA-A8-A07F	0.304347826086957
TCGA-A8-A07F:6:150174187:G	70	45	2	2	3	TCGA-A8-A07F	0.391304347826087
TCGA-A8-A07F:8:55049108:G	96	20	2	2	2	TCGA-A8-A07F	0.172413793103448
TCGA-A8-A07F:16:21728239:G	297	81	2	2	2	TCGA-A8-A07F	0.214285714285714
TCGA-A8-A07F:11:73008182:G	23	19	2	2	2	TCGA-A8-A07F	0.452380952380952
TCGA-A8-A07F:5:140209877:C	23	12	2	1	2	TCGA-A8-A07F	0.342857142857143
TCGA-A8-A07F:10:98469721:G	29	25	2	1	2	TCGA-A8-A07F	0.462962962962963
TCGA-A8-A07F:7:53104223:G	32	12	2	2	2	TCGA-A8-A07F	0.272727272727273
TCGA-A8-A07F:20:4705388:G	26	6	2	1	2	TCGA-A8-A07F	0.1875
TCGA-A8-A07F:3:48664481:C	33	15	2	1	1	TCGA-A8-A07F	0.3125
TCGA-A8-A07F:6:160163165:C	14	43	2	0	3	TCGA-A8-A07F	0.754385964912281
TCGA-A8-A07F:7:45632382:G	94	45	2	2	2	TCGA-A8-A07F	0.323741007194245
TCGA-A8-A07F:14:105419083:G	37	11	2	1	1	TCGA-A8-A07F	0.229166666666667
TCGA-A8-A07F:17:72613482:C	141	134	2	1	2	TCGA-A8-A07F	0.487272727272727
TCGA-A8-A07F:3:180702454:A	18	13	2	0	1	TCGA-A8-A07F	0.419354838709677
TCGA-A8-A07F:4:177071638:A	72	14	2	1	2	TCGA-A8-A07F	0.162790697674419
