mutation_id	ref_counts	var_counts	normal_cn	minor_cn	major_cn	variant_case	variant_freq
TCGA-AR-A1AM:1:197091059:G	41	34	2	1	3	TCGA-AR-A1AM	0.453333333333333
TCGA-AR-A1AM:1:160098479:A	32	7	2	1	1	TCGA-AR-A1AM	0.179487179487179
TCGA-AR-A1AM:4:41984628:G	33	7	2	1	1	TCGA-AR-A1AM	0.175
TCGA-AR-A1AM:1:47037769:G	32	8	2	1	1	TCGA-AR-A1AM	0.2
TCGA-AR-A1AM:1:201709164:C	21	21	2	1	3	TCGA-AR-A1AM	0.5
TCGA-AR-A1AM:16:55725894:C	23	7	2	0	1	TCGA-AR-A1AM	0.233333333333333
TCGA-AR-A1AM:6:44221293:C	35	5	2	1	1	TCGA-AR-A1AM	0.125
TCGA-AR-A1AM:9:125512365:C	46	7	2	1	1	TCGA-AR-A1AM	0.132075471698113
