mutation_id	ref_counts	var_counts	normal_cn	minor_cn	major_cn	variant_case	variant_freq
TCGA-B6-A0WZ:16:67070634:C	32	23	2	0	1	TCGA-B6-A0WZ	0.418181818181818
TCGA-B6-A0WZ:7:130003343:T	50	16	2	1	2	TCGA-B6-A0WZ	0.242424242424242
TCGA-B6-A0WZ:17:61950968:C	24	13	2	1	1	TCGA-B6-A0WZ	0.351351351351351
TCGA-B6-A0WZ:19:40407987:G	20	10	2	1	2	TCGA-B6-A0WZ	0.333333333333333
TCGA-B6-A0WZ:10:95660752:G	73	29	2	1	1	TCGA-B6-A0WZ	0.284313725490196
TCGA-B6-A0WZ:9:93629418:G	161	56	2	1	2	TCGA-B6-A0WZ	0.258064516129032
TCGA-B6-A0WZ:7:47344561:C	40	10	2	1	2	TCGA-B6-A0WZ	0.2
TCGA-B6-A0WZ:1:116233968:G	51	33	2	1	1	TCGA-B6-A0WZ	0.392857142857143
TCGA-B6-A0WZ:14:105412225:T	104	14	2	1	2	TCGA-B6-A0WZ	0.11864406779661
TCGA-B6-A0WZ:3:9845592:G	32	5	2	1	1	TCGA-B6-A0WZ	0.135135135135135
TCGA-B6-A0WZ:4:22415369:G	80	11	2	1	1	TCGA-B6-A0WZ	0.120879120879121
TCGA-B6-A0WZ:5:90001311:T	115	41	2	1	1	TCGA-B6-A0WZ	0.262820512820513
TCGA-B6-A0WZ:3:121526220:C	150	22	2	1	1	TCGA-B6-A0WZ	0.127906976744186
TCGA-B6-A0WZ:5:52193332:G	81	12	2	1	1	TCGA-B6-A0WZ	0.129032258064516
TCGA-B6-A0WZ:17:12011144:C	123	92	2	0	1	TCGA-B6-A0WZ	0.427906976744186
TCGA-B6-A0WZ:2:152466574:C	212	32	2	1	2	TCGA-B6-A0WZ	0.131147540983607
TCGA-B6-A0WZ:5:167517656:G	79	11	2	1	1	TCGA-B6-A0WZ	0.122222222222222
TCGA-B6-A0WZ:13:67799842:C	37	6	2	1	1	TCGA-B6-A0WZ	0.13953488372093
TCGA-B6-A0WZ:12:20787975:G	75	9	2	1	1	TCGA-B6-A0WZ	0.107142857142857
TCGA-B6-A0WZ:1:3313062:A	34	6	2	1	1	TCGA-B6-A0WZ	0.15
TCGA-B6-A0WZ:1:180147983:G	104	14	2	1	2	TCGA-B6-A0WZ	0.11864406779661
TCGA-B6-A0WZ:8:74204479:G	140	26	2	1	1	TCGA-B6-A0WZ	0.156626506024096
TCGA-B6-A0WZ:6:146242419:C	110	15	2	1	1	TCGA-B6-A0WZ	0.12
TCGA-B6-A0WZ:1:152857160:G	27	6	2	1	1	TCGA-B6-A0WZ	0.181818181818182
TCGA-B6-A0WZ:7:17873801:C	67	9	2	1	2	TCGA-B6-A0WZ	0.118421052631579
TCGA-B6-A0WZ:20:43585106:C	50	8	2	1	1	TCGA-B6-A0WZ	0.137931034482759
TCGA-B6-A0WZ:13:45148990:G	87	13	2	1	1	TCGA-B6-A0WZ	0.13
TCGA-B6-A0WZ:13:45149901:G	63	12	2	1	1	TCGA-B6-A0WZ	0.16
TCGA-B6-A0WZ:14:76249634:C	94	20	2	1	2	TCGA-B6-A0WZ	0.175438596491228
TCGA-B6-A0WZ:12:125397950:C	87	12	2	1	1	TCGA-B6-A0WZ	0.121212121212121
TCGA-B6-A0WZ:8:35616880:G	124	18	2	1	1	TCGA-B6-A0WZ	0.126760563380282
TCGA-B6-A0WZ:5:79733498:C	98	15	2	0	2	TCGA-B6-A0WZ	0.132743362831858
