mutation_id	ref_counts	var_counts	normal_cn	minor_cn	major_cn	variant_case	variant_freq
TCGA-A8-A09K:12:123738230:C	43	50	2	1	3	TCGA-A8-A09K	0.537634408602151
TCGA-A8-A09K:3:15270481:A	263	158	2	2	3	TCGA-A8-A09K	0.375296912114014
TCGA-A8-A09K:1:10719985:G	32	7	2	1	2	TCGA-A8-A09K	0.179487179487179
TCGA-A8-A09K:5:149449828:G	26	15	2	1	1	TCGA-A8-A09K	0.365853658536585
TCGA-A8-A09K:8:2820779:C	46	57	2	0	1	TCGA-A8-A09K	0.553398058252427
TCGA-A8-A09K:9:133493263:G	11	26	2	1	3	TCGA-A8-A09K	0.702702702702703
TCGA-A8-A09K:9:133498185:C	67	56	2	1	3	TCGA-A8-A09K	0.455284552845528
TCGA-A8-A09K:14:53098946:T	33	70	2	0	2	TCGA-A8-A09K	0.679611650485437
TCGA-A8-A09K:18:56033400:T	48	19	2	2	2	TCGA-A8-A09K	0.283582089552239
TCGA-A8-A09K:19:14569083:C	33	47	2	1	3	TCGA-A8-A09K	0.5875
TCGA-A8-A09K:2:242276852:G	262	233	2	1	2	TCGA-A8-A09K	0.470707070707071
TCGA-A8-A09K:20:45188713:T	104	56	2	2	3	TCGA-A8-A09K	0.35
TCGA-A8-A09K:1:116609327:C	50	12	2	1	2	TCGA-A8-A09K	0.193548387096774
TCGA-A8-A09K:1:155169883:T	46	41	2	2	2	TCGA-A8-A09K	0.471264367816092
TCGA-A8-A09K:4:153690942:C	127	111	2	1	2	TCGA-A8-A09K	0.466386554621849
TCGA-A8-A09K:19:48845963:G	21	18	2	1	2	TCGA-A8-A09K	0.461538461538462
TCGA-A8-A09K:16:23573549:A	73	57	2	3	3	TCGA-A8-A09K	0.438461538461538
TCGA-A8-A09K:16:30409119:C	30	28	2	3	3	TCGA-A8-A09K	0.482758620689655
TCGA-A8-A09K:19:53793429:T	130	18	2	1	2	TCGA-A8-A09K	0.121621621621622
TCGA-A8-A09K:4:155242003:C	534	73	2	1	2	TCGA-A8-A09K	0.120263591433278
TCGA-A8-A09K:14:102467927:G	97	27	2	0	2	TCGA-A8-A09K	0.217741935483871
TCGA-A8-A09K:9:112694275:T	220	31	2	1	2	TCGA-A8-A09K	0.123505976095618
TCGA-A8-A09K:1:241094016:C	346	182	2	2	2	TCGA-A8-A09K	0.34469696969697
TCGA-A8-A09K:17:27401124:C	69	49	2	2	3	TCGA-A8-A09K	0.415254237288136
TCGA-A8-A09K:19:58005412:C	165	131	2	1	2	TCGA-A8-A09K	0.442567567567568
