mutation_id	ref_counts	var_counts	normal_cn	minor_cn	major_cn	variant_case	variant_freq
TCGA-B6-A0WX:18:29210933:T	71	20	2	2	2	TCGA-B6-A0WX	0.21978021978022
TCGA-B6-A0WX:10:43292558:A	34	12	2	1	2	TCGA-B6-A0WX	0.260869565217391
TCGA-B6-A0WX:3:10157440:C	80	21	2	0	3	TCGA-B6-A0WX	0.207920792079208
TCGA-B6-A0WX:3:9948409:G	105	43	2	1	2	TCGA-B6-A0WX	0.290540540540541
TCGA-B6-A0WX:2:177195335:C	109	17	2	1	3	TCGA-B6-A0WX	0.134920634920635
TCGA-B6-A0WX:7:129350354:A	122	46	2	2	2	TCGA-B6-A0WX	0.273809523809524
TCGA-B6-A0WX:11:64427860:G	100	39	2	1	2	TCGA-B6-A0WX	0.280575539568345
TCGA-B6-A0WX:11:118498282:A	56	14	2	1	2	TCGA-B6-A0WX	0.2
TCGA-B6-A0WX:16:70595640:G	81	25	2	2	2	TCGA-B6-A0WX	0.235849056603774
TCGA-B6-A0WX:2:46985893:C	78	34	2	0	3	TCGA-B6-A0WX	0.303571428571429
TCGA-B6-A0WX:12:64536255:G	74	36	2	2	2	TCGA-B6-A0WX	0.327272727272727
TCGA-B6-A0WX:18:23847534:G	104	18	2	2	2	TCGA-B6-A0WX	0.147540983606557
TCGA-B6-A0WX:7:11582644:C	136	36	2	0	4	TCGA-B6-A0WX	0.209302325581395
TCGA-B6-A0WX:17:76083023:G	62	14	2	0	3	TCGA-B6-A0WX	0.184210526315789
TCGA-B6-A0WX:17:7577539:G	72	48	2	2	3	TCGA-B6-A0WX	0.4
TCGA-B6-A0WX:17:7579346:A	47	9	2	2	3	TCGA-B6-A0WX	0.160714285714286
TCGA-B6-A0WX:1:160389364:C	106	22	2	2	8	TCGA-B6-A0WX	0.171875
TCGA-B6-A0WX:19:21991152:C	57	20	2	2	3	TCGA-B6-A0WX	0.25974025974026
TCGA-B6-A0WX:2:27825429:G	93	19	2	0	3	TCGA-B6-A0WX	0.169642857142857
TCGA-B6-A0WX:22:29445235:C	35	22	2	0	2	TCGA-B6-A0WX	0.385964912280702
TCGA-B6-A0WX:6:30918798:A	202	58	2	0	3	TCGA-B6-A0WX	0.223076923076923
TCGA-B6-A0WX:20:42169425:T	120	34	2	1	2	TCGA-B6-A0WX	0.220779220779221
TCGA-B6-A0WX:6:112382347:G	124	30	2	2	2	TCGA-B6-A0WX	0.194805194805195
