mutation_id	ref_counts	var_counts	normal_cn	minor_cn	major_cn	variant_case	variant_freq
TCGA-A1-A0SE:16:68844139:G	51	21	2	0	1	TCGA-A1-A0SE	0.291666666666667
TCGA-A1-A0SE:1:32678163:C	92	22	2	1	1	TCGA-A1-A0SE	0.192982456140351
TCGA-A1-A0SE:9:130712790:T	51	12	2	1	1	TCGA-A1-A0SE	0.19047619047619
TCGA-A1-A0SE:9:130712791:C	50	12	2	1	1	TCGA-A1-A0SE	0.193548387096774
TCGA-A1-A0SE:3:49066745:C	44	12	2	1	1	TCGA-A1-A0SE	0.214285714285714
TCGA-A1-A0SE:1:173725095:A	165	42	2	1	3	TCGA-A1-A0SE	0.202898550724638
TCGA-A1-A0SE:3:66463429:A	84	25	2	1	1	TCGA-A1-A0SE	0.229357798165138
TCGA-A1-A0SE:6:131948806:C	91	42	2	0	1	TCGA-A1-A0SE	0.315789473684211
TCGA-A1-A0SE:15:42054350:A	32	17	2	1	1	TCGA-A1-A0SE	0.346938775510204
TCGA-A1-A0SE:6:30587563:C	34	16	2	1	1	TCGA-A1-A0SE	0.32
TCGA-A1-A0SE:19:9087224:C	200	57	2	1	1	TCGA-A1-A0SE	0.221789883268482
TCGA-A1-A0SE:8:57228816:G	58	33	2	1	2	TCGA-A1-A0SE	0.362637362637363
TCGA-A1-A0SE:7:134890705:T	104	34	2	1	1	TCGA-A1-A0SE	0.246376811594203
TCGA-A1-A0SE:8:77620129:G	51	17	2	1	2	TCGA-A1-A0SE	0.25
TCGA-A1-A0SE:19:48044180:G	87	26	2	1	1	TCGA-A1-A0SE	0.230088495575221
TCGA-A1-A0SE:2:68765324:G	43	7	2	1	1	TCGA-A1-A0SE	0.14
TCGA-A1-A0SE:15:98513237:T	54	7	2	1	1	TCGA-A1-A0SE	0.114754098360656
TCGA-A1-A0SE:11:66114207:C	62	10	2	1	1	TCGA-A1-A0SE	0.138888888888889
TCGA-A1-A0SE:3:88205481:A	125	23	2	1	1	TCGA-A1-A0SE	0.155405405405405
TCGA-A1-A0SE:9:98220334:G	79	12	2	1	1	TCGA-A1-A0SE	0.131868131868132
TCGA-A1-A0SE:1:85656315:T	72	13	2	1	1	TCGA-A1-A0SE	0.152941176470588
TCGA-A1-A0SE:10:96291053:A	44	27	2	0	2	TCGA-A1-A0SE	0.380281690140845
