mutation_id	ref_counts	var_counts	normal_cn	minor_cn	major_cn	variant_case	variant_freq
TCGA-B6-A0IN:13:25281421:C	51	16	2	1	1	TCGA-B6-A0IN	0.238805970149254
TCGA-B6-A0IN:19:41939224:A	30	15	2	1	5	TCGA-B6-A0IN	0.333333333333333
TCGA-B6-A0IN:16:81279117:C	45	28	2	1	1	TCGA-B6-A0IN	0.383561643835616
TCGA-B6-A0IN:7:128434806:G	33	6	2	1	6	TCGA-B6-A0IN	0.153846153846154
TCGA-B6-A0IN:14:106322070:T	24	11	2	1	1	TCGA-B6-A0IN	0.314285714285714
TCGA-B6-A0IN:4:62935938:T	25	16	2	1	1	TCGA-B6-A0IN	0.390243902439024
TCGA-B6-A0IN:11:4929530:G	38	19	2	1	1	TCGA-B6-A0IN	0.333333333333333
TCGA-B6-A0IN:4:82074711:T	25	10	2	1	1	TCGA-B6-A0IN	0.285714285714286
TCGA-B6-A0IN:3:25542800:G	73	35	2	1	1	TCGA-B6-A0IN	0.324074074074074
TCGA-B6-A0IN:18:18586384:G	269	195	2	1	1	TCGA-B6-A0IN	0.420258620689655
TCGA-B6-A0IN:8:42297142:G	60	19	2	1	1	TCGA-B6-A0IN	0.240506329113924
TCGA-B6-A0IN:2:179425252:G	35	15	2	1	1	TCGA-B6-A0IN	0.3
TCGA-B6-A0IN:5:64747993:T	77	20	2	1	1	TCGA-B6-A0IN	0.206185567010309
TCGA-B6-A0IN:5:64747994:A	78	20	2	1	1	TCGA-B6-A0IN	0.204081632653061
TCGA-B6-A0IN:14:24035346:C	43	8	2	1	1	TCGA-B6-A0IN	0.156862745098039
TCGA-B6-A0IN:2:174230273:G	49	8	2	1	1	TCGA-B6-A0IN	0.140350877192982
TCGA-B6-A0IN:13:92345973:G	43	8	2	1	1	TCGA-B6-A0IN	0.156862745098039
TCGA-B6-A0IN:4:140811111:C	83	18	2	1	1	TCGA-B6-A0IN	0.178217821782178
TCGA-B6-A0IN:3:51981815:C	130	38	2	1	1	TCGA-B6-A0IN	0.226190476190476
TCGA-B6-A0IN:5:121726839:C	205	42	2	1	1	TCGA-B6-A0IN	0.17004048582996
TCGA-B6-A0IN:7:127026205:A	60	31	2	0	1	TCGA-B6-A0IN	0.340659340659341
