mutation_id	ref_counts	var_counts	normal_cn	minor_cn	major_cn	variant_case	variant_freq
TCGA-A7-A0CG:4:36212227:A	471	99	2	1	1	TCGA-A7-A0CG	0.173684210526316
TCGA-A7-A0CG:7:138394499:G	345	87	2	1	1	TCGA-A7-A0CG	0.201388888888889
TCGA-A7-A0CG:6:71603840:C	123	28	2	1	1	TCGA-A7-A0CG	0.185430463576159
TCGA-A7-A0CG:1:196684769:C	314	64	2	2	3	TCGA-A7-A0CG	0.169312169312169
TCGA-A7-A0CG:21:18931412:G	272	61	2	1	1	TCGA-A7-A0CG	0.183183183183183
TCGA-A7-A0CG:10:98064304:G	91	29	2	1	1	TCGA-A7-A0CG	0.241666666666667
TCGA-A7-A0CG:7:2409146:C	354	137	2	1	1	TCGA-A7-A0CG	0.279022403258656
TCGA-A7-A0CG:15:49716681:G	293	74	2	1	1	TCGA-A7-A0CG	0.201634877384196
TCGA-A7-A0CG:12:51758021:G	49	33	2	0	2	TCGA-A7-A0CG	0.402439024390244
TCGA-A7-A0CG:15:42602936:A	352	81	2	1	1	TCGA-A7-A0CG	0.187066974595843
TCGA-A7-A0CG:11:47599398:C	41	301	2	1	1	TCGA-A7-A0CG	0.880116959064328
TCGA-A7-A0CG:11:10590003:C	77	19	2	1	1	TCGA-A7-A0CG	0.197916666666667
TCGA-A7-A0CG:11:47304060:C	187	39	2	1	1	TCGA-A7-A0CG	0.172566371681416
TCGA-A7-A0CG:18:47431047:G	27	9	2	0	1	TCGA-A7-A0CG	0.25
TCGA-A7-A0CG:7:4900572:C	108	23	2	1	1	TCGA-A7-A0CG	0.175572519083969
TCGA-A7-A0CG:3:178952085:A	310	82	2	1	1	TCGA-A7-A0CG	0.209183673469388
TCGA-A7-A0CG:12:970284:C	430	96	2	1	1	TCGA-A7-A0CG	0.182509505703422
TCGA-A7-A0CG:11:4567110:G	531	97	2	1	1	TCGA-A7-A0CG	0.154458598726115
