mutation_id	ref_counts	var_counts	normal_cn	minor_cn	major_cn	variant_case	variant_freq
TCGA-E2-A15R:2:70923448:A	179	107	2	1	1	TCGA-E2-A15R	0.374125874125874
TCGA-E2-A15R:2:144193247:C	139	100	2	1	1	TCGA-E2-A15R	0.418410041841004
TCGA-E2-A15R:11:120351050:A	19	99	2	0	1	TCGA-E2-A15R	0.838983050847458
TCGA-E2-A15R:8:62555969:C	155	44	2	1	3	TCGA-E2-A15R	0.221105527638191
TCGA-E2-A15R:20:31631125:G	242	120	2	1	2	TCGA-E2-A15R	0.331491712707182
TCGA-E2-A15R:3:62467428:G	174	126	2	1	1	TCGA-E2-A15R	0.42
TCGA-E2-A15R:13:37678978:G	89	197	2	0	1	TCGA-E2-A15R	0.688811188811189
TCGA-E2-A15R:19:42703632:C	24	12	2	1	1	TCGA-E2-A15R	0.333333333333333
TCGA-E2-A15R:14:80669412:C	122	84	2	1	1	TCGA-E2-A15R	0.407766990291262
TCGA-E2-A15R:1:201980286:A	111	150	2	1	2	TCGA-E2-A15R	0.574712643678161
TCGA-E2-A15R:14:55369216:C	13	17	2	1	1	TCGA-E2-A15R	0.566666666666667
TCGA-E2-A15R:8:25292958:A	21	64	2	0	1	TCGA-E2-A15R	0.752941176470588
TCGA-E2-A15R:6:33374648:C	117	104	2	1	1	TCGA-E2-A15R	0.470588235294118
TCGA-E2-A15R:19:7964376:C	107	76	2	1	1	TCGA-E2-A15R	0.415300546448087
TCGA-E2-A15R:17:56569882:G	190	144	2	1	1	TCGA-E2-A15R	0.431137724550898
TCGA-E2-A15R:1:29189481:G	17	69	2	0	1	TCGA-E2-A15R	0.802325581395349
TCGA-E2-A15R:9:107457129:G	214	163	2	1	1	TCGA-E2-A15R	0.43236074270557
TCGA-E2-A15R:11:4609000:C	494	164	2	1	3	TCGA-E2-A15R	0.249240121580547
TCGA-E2-A15R:4:146062555:G	149	102	2	1	1	TCGA-E2-A15R	0.406374501992032
TCGA-E2-A15R:5:140615827:C	22	13	2	1	1	TCGA-E2-A15R	0.371428571428571
TCGA-E2-A15R:10:93021117:G	18	12	2	1	1	TCGA-E2-A15R	0.4
TCGA-E2-A15R:5:133902109:G	24	17	2	1	1	TCGA-E2-A15R	0.414634146341463
TCGA-E2-A15R:4:3441258:C	35	30	2	1	1	TCGA-E2-A15R	0.461538461538462
TCGA-E2-A15R:1:1222976:G	68	36	2	1	2	TCGA-E2-A15R	0.346153846153846
TCGA-E2-A15R:17:42330650:G	47	67	2	1	1	TCGA-E2-A15R	0.587719298245614
TCGA-E2-A15R:1:178490396:C	474	195	2	1	2	TCGA-E2-A15R	0.291479820627803
TCGA-E2-A15R:1:248039412:G	40	133	2	0	1	TCGA-E2-A15R	0.76878612716763
TCGA-E2-A15R:17:76798464:G	73	48	2	1	1	TCGA-E2-A15R	0.396694214876033
TCGA-E2-A15R:21:44279796:G	57	31	2	1	1	TCGA-E2-A15R	0.352272727272727
TCGA-E2-A15R:3:13860569:A	65	33	2	1	1	TCGA-E2-A15R	0.336734693877551
TCGA-E2-A15R:3:10327073:G	49	19	2	1	1	TCGA-E2-A15R	0.279411764705882
TCGA-E2-A15R:9:134354682:G	184	32	2	1	1	TCGA-E2-A15R	0.148148148148148
