mutation_id	ref_counts	var_counts	normal_cn	minor_cn	major_cn	variant_case	variant_freq
TCGA-D8-A1XU:2:207431970:C	87	30	2	2	2	TCGA-D8-A1XU	0.256410256410256
TCGA-D8-A1XU:5:10618519:C	49	15	2	2	2	TCGA-D8-A1XU	0.234375
TCGA-D8-A1XU:19:47424345:C	94	49	2	2	2	TCGA-D8-A1XU	0.342657342657343
TCGA-D8-A1XU:20:31041156:C	32	16	2	2	2	TCGA-D8-A1XU	0.333333333333333
TCGA-D8-A1XU:6:151869573:A	9	28	2	0	4	TCGA-D8-A1XU	0.756756756756757
TCGA-D8-A1XU:1:152329961:T	76	32	2	2	2	TCGA-D8-A1XU	0.296296296296296
TCGA-D8-A1XU:4:173150860:G	36	31	2	0	2	TCGA-D8-A1XU	0.462686567164179
TCGA-D8-A1XU:3:169847215:T	158	70	2	2	2	TCGA-D8-A1XU	0.307017543859649
TCGA-D8-A1XU:2:130832873:G	36	7	2	2	2	TCGA-D8-A1XU	0.162790697674419
TCGA-D8-A1XU:22:51215160:G	52	49	2	0	2	TCGA-D8-A1XU	0.485148514851485
TCGA-D8-A1XU:6:117658378:C	47	87	2	0	4	TCGA-D8-A1XU	0.649253731343284
TCGA-D8-A1XU:15:68124619:G	24	13	2	0	2	TCGA-D8-A1XU	0.351351351351351
TCGA-D8-A1XU:12:40223928:A	66	32	2	2	2	TCGA-D8-A1XU	0.326530612244898
TCGA-D8-A1XU:1:158590173:C	74	30	2	2	2	TCGA-D8-A1XU	0.288461538461538
TCGA-D8-A1XU:10:17373535:A	139	45	2	2	8	TCGA-D8-A1XU	0.244565217391304
TCGA-D8-A1XU:19:51132704:C	37	26	2	2	2	TCGA-D8-A1XU	0.412698412698413
TCGA-D8-A1XU:3:39174599:G	21	33	2	0	2	TCGA-D8-A1XU	0.611111111111111
TCGA-D8-A1XU:22:28494912:C	24	44	2	0	2	TCGA-D8-A1XU	0.647058823529412
TCGA-D8-A1XU:15:54590048:G	26	12	2	0	2	TCGA-D8-A1XU	0.315789473684211
TCGA-D8-A1XU:19:52521732:C	71	37	2	2	2	TCGA-D8-A1XU	0.342592592592593
