mutation_id	ref_counts	var_counts	normal_cn	minor_cn	major_cn	variant_case	variant_freq
TCGA-BH-A1FU:19:49526242:G	47	14	2	1	1	TCGA-BH-A1FU	0.229508196721311
TCGA-BH-A1FU:12:56705098:C	183	29	2	1	1	TCGA-BH-A1FU	0.136792452830189
TCGA-BH-A1FU:16:30198152:G	50	11	2	1	1	TCGA-BH-A1FU	0.180327868852459
TCGA-BH-A1FU:6:38816466:T	127	25	2	1	2	TCGA-BH-A1FU	0.164473684210526
TCGA-BH-A1FU:3:27760081:T	113	15	2	0	1	TCGA-BH-A1FU	0.1171875
TCGA-BH-A1FU:1:160969973:T	141	17	2	1	2	TCGA-BH-A1FU	0.107594936708861
TCGA-BH-A1FU:11:27016367:G	42	13	2	1	1	TCGA-BH-A1FU	0.236363636363636
TCGA-BH-A1FU:17:72850911:G	92	14	2	1	1	TCGA-BH-A1FU	0.132075471698113
TCGA-BH-A1FU:2:197105255:C	129	16	2	1	1	TCGA-BH-A1FU	0.110344827586207
TCGA-BH-A1FU:16:30005704:C	262	34	2	1	1	TCGA-BH-A1FU	0.114864864864865
TCGA-BH-A1FU:1:1337496:T	83	14	2	1	1	TCGA-BH-A1FU	0.144329896907216
TCGA-BH-A1FU:12:104208797:T	107	18	2	0	1	TCGA-BH-A1FU	0.144
TCGA-BH-A1FU:5:140769344:C	111	17	2	0	1	TCGA-BH-A1FU	0.1328125
TCGA-BH-A1FU:9:114997150:T	57	15	2	0	1	TCGA-BH-A1FU	0.208333333333333
TCGA-BH-A1FU:8:95403934:C	77	22	2	1	4	TCGA-BH-A1FU	0.222222222222222
TCGA-BH-A1FU:5:130857147:G	84	12	2	0	1	TCGA-BH-A1FU	0.125
TCGA-BH-A1FU:1:210415429:T	108	17	2	1	2	TCGA-BH-A1FU	0.136
TCGA-BH-A1FU:13:45983070:G	129	19	2	0	1	TCGA-BH-A1FU	0.128378378378378
TCGA-BH-A1FU:1:158637768:T	220	52	2	1	2	TCGA-BH-A1FU	0.191176470588235
TCGA-BH-A1FU:20:23016467:C	101	22	2	1	1	TCGA-BH-A1FU	0.178861788617886
TCGA-BH-A1FU:19:46341822:G	70	11	2	1	1	TCGA-BH-A1FU	0.135802469135802
TCGA-BH-A1FU:14:20871929:G	75	9	2	1	2	TCGA-BH-A1FU	0.107142857142857
TCGA-BH-A1FU:1:36751975:G	66	9	2	1	1	TCGA-BH-A1FU	0.12
TCGA-BH-A1FU:19:39973556:G	63	10	2	1	1	TCGA-BH-A1FU	0.136986301369863
TCGA-BH-A1FU:17:7578406:C	63	19	2	0	1	TCGA-BH-A1FU	0.231707317073171
