mutation_id	ref_counts	var_counts	normal_cn	minor_cn	major_cn	variant_case	variant_freq
TCGA-B6-A0WS:5:14716838:A	82	16	2	1	1	TCGA-B6-A0WS	0.163265306122449
TCGA-B6-A0WS:17:29220890:T	187	42	2	1	1	TCGA-B6-A0WS	0.183406113537118
TCGA-B6-A0WS:19:408200:G	31	15	2	1	1	TCGA-B6-A0WS	0.326086956521739
TCGA-B6-A0WS:3:46399915:C	93	35	2	0	1	TCGA-B6-A0WS	0.2734375
TCGA-B6-A0WS:1:158150918:C	42	14	2	1	1	TCGA-B6-A0WS	0.25
TCGA-B6-A0WS:19:4428843:C	23	13	2	1	1	TCGA-B6-A0WS	0.361111111111111
TCGA-B6-A0WS:8:124796718:C	83	45	2	1	2	TCGA-B6-A0WS	0.3515625
TCGA-B6-A0WS:19:40392719:G	40	19	2	1	1	TCGA-B6-A0WS	0.322033898305085
TCGA-B6-A0WS:4:162577518:T	77	21	2	1	1	TCGA-B6-A0WS	0.214285714285714
TCGA-B6-A0WS:1:206648210:C	118	35	2	1	1	TCGA-B6-A0WS	0.228758169934641
TCGA-B6-A0WS:12:109895450:T	353	118	2	1	1	TCGA-B6-A0WS	0.250530785562633
TCGA-B6-A0WS:8:48882407:G	152	27	2	1	2	TCGA-B6-A0WS	0.150837988826816
TCGA-B6-A0WS:11:5221911:A	59	18	2	1	1	TCGA-B6-A0WS	0.233766233766234
TCGA-B6-A0WS:21:44106372:G	53	21	2	1	1	TCGA-B6-A0WS	0.283783783783784
TCGA-B6-A0WS:9:127994885:A	56	25	2	1	1	TCGA-B6-A0WS	0.308641975308642
TCGA-B6-A0WS:17:61489359:G	84	28	2	1	1	TCGA-B6-A0WS	0.25
TCGA-B6-A0WS:11:62603453:T	154	44	2	1	1	TCGA-B6-A0WS	0.222222222222222
TCGA-B6-A0WS:6:44150736:G	120	23	2	0	2	TCGA-B6-A0WS	0.160839160839161
TCGA-B6-A0WS:6:74228163:C	68	8	2	0	2	TCGA-B6-A0WS	0.105263157894737
TCGA-B6-A0WS:3:44970893:G	93	25	2	0	1	TCGA-B6-A0WS	0.211864406779661
