mutation_id	ref_counts	var_counts	normal_cn	minor_cn	major_cn	variant_case	variant_freq
TCGA-A8-A08H:15:40750982:G	26	12	2	1	1	TCGA-A8-A08H	0.315789473684211
TCGA-A8-A08H:4:120221825:A	27	7	2	1	1	TCGA-A8-A08H	0.205882352941176
TCGA-A8-A08H:2:227872899:G	27	8	2	1	1	TCGA-A8-A08H	0.228571428571429
TCGA-A8-A08H:12:111746104:G	106	89	2	0	2	TCGA-A8-A08H	0.456410256410256
TCGA-A8-A08H:13:113803265:G	22	26	2	1	1	TCGA-A8-A08H	0.541666666666667
TCGA-A8-A08H:2:10192628:T	24	10	2	1	1	TCGA-A8-A08H	0.294117647058824
TCGA-A8-A08H:16:3304386:G	11	26	2	1	1	TCGA-A8-A08H	0.702702702702703
TCGA-A8-A08H:10:129914073:G	92	38	2	1	1	TCGA-A8-A08H	0.292307692307692
TCGA-A8-A08H:19:36216136:G	15	15	2	1	1	TCGA-A8-A08H	0.5
TCGA-A8-A08H:17:43163979:G	41	16	2	1	1	TCGA-A8-A08H	0.280701754385965
TCGA-A8-A08H:4:2952735:A	51	77	2	1	1	TCGA-A8-A08H	0.6015625
TCGA-A8-A08H:17:74068439:G	56	27	2	1	1	TCGA-A8-A08H	0.325301204819277
TCGA-A8-A08H:14:68229469:C	131	52	2	1	1	TCGA-A8-A08H	0.284153005464481
TCGA-A8-A08H:19:5455855:C	27	17	2	1	1	TCGA-A8-A08H	0.386363636363636
TCGA-A8-A08H:1:157803094:C	187	32	2	1	1	TCGA-A8-A08H	0.146118721461187
TCGA-A8-A08H:2:227924177:G	136	34	2	1	1	TCGA-A8-A08H	0.2
TCGA-A8-A08H:15:43500959:C	36	6	2	1	1	TCGA-A8-A08H	0.142857142857143
TCGA-A8-A08H:1:32713099:C	36	9	2	1	1	TCGA-A8-A08H	0.2
TCGA-A8-A08H:1:60103948:G	319	92	2	1	1	TCGA-A8-A08H	0.223844282238443
TCGA-A8-A08H:5:56178411:C	177	28	2	1	1	TCGA-A8-A08H	0.136585365853659
TCGA-A8-A08H:19:12979921:C	90	11	2	1	1	TCGA-A8-A08H	0.108910891089109
TCGA-A8-A08H:3:195346862:G	30	5	2	1	1	TCGA-A8-A08H	0.142857142857143
TCGA-A8-A08H:12:102040637:G	78	18	2	1	1	TCGA-A8-A08H	0.1875
TCGA-A8-A08H:8:116434:G	86	14	2	1	1	TCGA-A8-A08H	0.14
TCGA-A8-A08H:20:422288:G	105	14	2	1	1	TCGA-A8-A08H	0.117647058823529
TCGA-A8-A08H:15:85334030:A	84	12	2	1	1	TCGA-A8-A08H	0.125
