mutation_id	ref_counts	var_counts	normal_cn	minor_cn	major_cn	variant_case	variant_freq
TCGA-CV-5971:9:138379027:C	57	15	2	1	1	TCGA-CV-5971	0.208333333333333
TCGA-CV-5971:10:12867572:C	80	5	2	1	1	TCGA-CV-5971	0.0588235294117647
TCGA-CV-5971:10:104359280:G	51	6	2	1	1	TCGA-CV-5971	0.105263157894737
TCGA-CV-5971:14:64746775:G	207	12	2	1	1	TCGA-CV-5971	0.0547945205479452
TCGA-CV-5971:2:27804893:G	104	6	2	1	1	TCGA-CV-5971	0.0545454545454545
TCGA-CV-5971:5:71492944:G	44	5	2	1	1	TCGA-CV-5971	0.102040816326531
TCGA-CV-5971:5:140723793:C	136	14	2	1	1	TCGA-CV-5971	0.0933333333333333
TCGA-CV-5971:9:71992331:G	55	7	2	1	1	TCGA-CV-5971	0.112903225806452
