mutation_id	ref_counts	var_counts	normal_cn	minor_cn	major_cn	variant_case	variant_freq
TCGA-BH-A1FG:5:89986809:A	45	29	2	1	1	TCGA-BH-A1FG	0.391891891891892
TCGA-BH-A1FG:13:35785239:G	70	44	2	1	1	TCGA-BH-A1FG	0.385964912280702
TCGA-BH-A1FG:8:26227655:T	11	24	2	0	1	TCGA-BH-A1FG	0.685714285714286
TCGA-BH-A1FG:12:120635133:C	29	15	2	1	1	TCGA-BH-A1FG	0.340909090909091
TCGA-BH-A1FG:1:173155705:C	23	7	2	1	1	TCGA-BH-A1FG	0.233333333333333
TCGA-BH-A1FG:10:5254676:G	57	9	2	1	1	TCGA-BH-A1FG	0.136363636363636
TCGA-BH-A1FG:7:44043475:C	33	5	2	1	1	TCGA-BH-A1FG	0.131578947368421
TCGA-BH-A1FG:2:27262671:G	44	15	2	1	1	TCGA-BH-A1FG	0.254237288135593
TCGA-BH-A1FG:1:109553818:A	62	9	2	1	1	TCGA-BH-A1FG	0.126760563380282
TCGA-BH-A1FG:2:74652076:A	50	17	2	1	1	TCGA-BH-A1FG	0.253731343283582
