mutation_id	ref_counts	var_counts	normal_cn	minor_cn	major_cn	variant_case	variant_freq
TCGA-BH-A18R:2:111875316:T	28	9	2	1	1	TCGA-BH-A18R	0.243243243243243
TCGA-BH-A18R:6:151672994:G	97	27	2	1	2	TCGA-BH-A18R	0.217741935483871
TCGA-BH-A18R:9:35664108:T	96	26	2	1	1	TCGA-BH-A18R	0.213114754098361
TCGA-BH-A18R:20:17474951:G	67	21	2	1	1	TCGA-BH-A18R	0.238636363636364
TCGA-BH-A18R:7:137374734:C	46	23	2	1	1	TCGA-BH-A18R	0.333333333333333
TCGA-BH-A18R:12:124349244:C	205	160	2	1	2	TCGA-BH-A18R	0.438356164383562
TCGA-BH-A18R:13:46124100:A	192	94	2	1	1	TCGA-BH-A18R	0.328671328671329
TCGA-BH-A18R:19:9063011:C	125	38	2	1	1	TCGA-BH-A18R	0.233128834355828
TCGA-BH-A18R:4:111539734:G	49	15	2	1	1	TCGA-BH-A18R	0.234375
TCGA-BH-A18R:1:166819372:G	32	37	2	1	2	TCGA-BH-A18R	0.536231884057971
TCGA-BH-A18R:2:113317039:G	70	42	2	1	1	TCGA-BH-A18R	0.375
TCGA-BH-A18R:19:43262178:C	144	53	2	1	1	TCGA-BH-A18R	0.269035532994924
TCGA-BH-A18R:9:36052308:T	213	77	2	1	1	TCGA-BH-A18R	0.26551724137931
TCGA-BH-A18R:15:34113500:C	74	18	2	1	1	TCGA-BH-A18R	0.195652173913043
TCGA-BH-A18R:4:42069113:C	282	94	2	1	1	TCGA-BH-A18R	0.25
TCGA-BH-A18R:9:91090014:G	45	23	2	1	1	TCGA-BH-A18R	0.338235294117647
TCGA-BH-A18R:17:48941080:G	410	61	2	1	5	TCGA-BH-A18R	0.129511677282378
TCGA-BH-A18R:13:31205227:C	79	26	2	1	1	TCGA-BH-A18R	0.247619047619048
TCGA-BH-A18R:6:147123111:A	236	34	2	1	3	TCGA-BH-A18R	0.125925925925926
TCGA-BH-A18R:9:84547625:C	230	30	2	1	1	TCGA-BH-A18R	0.115384615384615
