mutation_id	ref_counts	var_counts	normal_cn	minor_cn	major_cn	variant_case	variant_freq
TCGA-EW-A2FW:11:66359044:C	21	16	2	1	1	TCGA-EW-A2FW	0.432432432432432
TCGA-EW-A2FW:20:6017787:C	19	29	2	0	1	TCGA-EW-A2FW	0.604166666666667
TCGA-EW-A2FW:7:30662033:A	37	32	2	1	1	TCGA-EW-A2FW	0.463768115942029
TCGA-EW-A2FW:19:54746380:C	36	15	2	1	1	TCGA-EW-A2FW	0.294117647058824
TCGA-EW-A2FW:2:141259275:T	13	51	2	0	1	TCGA-EW-A2FW	0.796875
TCGA-EW-A2FW:7:107823285:C	39	15	2	1	1	TCGA-EW-A2FW	0.277777777777778
TCGA-EW-A2FW:21:15870837:A	57	46	2	1	1	TCGA-EW-A2FW	0.446601941747573
TCGA-EW-A2FW:10:12209886:G	18	17	2	1	1	TCGA-EW-A2FW	0.485714285714286
TCGA-EW-A2FW:20:2591102:C	74	53	2	1	1	TCGA-EW-A2FW	0.417322834645669
TCGA-EW-A2FW:20:57597974:G	279	48	2	1	11	TCGA-EW-A2FW	0.146788990825688
TCGA-EW-A2FW:20:57598598:G	445	88	2	1	11	TCGA-EW-A2FW	0.165103189493433
TCGA-EW-A2FW:1:75198992:C	15	49	2	0	1	TCGA-EW-A2FW	0.765625
TCGA-EW-A2FW:17:18682399:A	39	5	2	1	1	TCGA-EW-A2FW	0.113636363636364
TCGA-EW-A2FW:20:39795424:G	87	59	2	1	2	TCGA-EW-A2FW	0.404109589041096
TCGA-EW-A2FW:2:27822524:C	69	10	2	0	1	TCGA-EW-A2FW	0.126582278481013
