mutation_id	ref_counts	var_counts	normal_cn	minor_cn	major_cn	variant_case	variant_freq
TCGA-69-7761:10:31810592:C	53	12	2	1	1	TCGA-69-7761	0.184615384615385
TCGA-69-7761:11:134158730:G	26	5	2	1	1	TCGA-69-7761	0.161290322580645
TCGA-69-7761:12:5154827:T	59	8	2	1	1	TCGA-69-7761	0.119402985074627
TCGA-69-7761:12:68619484:A	96	25	2	1	1	TCGA-69-7761	0.206611570247934
TCGA-69-7761:12:102315025:A	76	14	2	1	1	TCGA-69-7761	0.155555555555556
TCGA-69-7761:2:179592542:T	22	8	2	1	1	TCGA-69-7761	0.266666666666667
TCGA-69-7761:20:62839705:G	32	9	2	1	1	TCGA-69-7761	0.219512195121951
TCGA-69-7761:21:35147397:A	34	6	2	0	1	TCGA-69-7761	0.15
TCGA-69-7761:22:20760303:C	38	7	2	1	1	TCGA-69-7761	0.155555555555556
TCGA-69-7761:3:38798590:G	39	9	2	1	1	TCGA-69-7761	0.1875
TCGA-69-7761:5:79733547:G	27	10	2	1	1	TCGA-69-7761	0.27027027027027
TCGA-69-7761:6:74497176:G	30	10	2	1	1	TCGA-69-7761	0.25
TCGA-69-7761:8:26441458:A	84	18	2	1	1	TCGA-69-7761	0.176470588235294
TCGA-69-7761:19:43258606:T	212	21	2	1	1	TCGA-69-7761	0.0901287553648069
TCGA-69-7761:2:8822342:C	39	5	2	0	1	TCGA-69-7761	0.113636363636364
TCGA-69-7761:3:48454284:C	71	8	2	0	1	TCGA-69-7761	0.10126582278481
TCGA-69-7761:4:48622705:C	74	7	2	1	1	TCGA-69-7761	0.0864197530864197
TCGA-69-7761:4:113356393:A	111	11	2	1	1	TCGA-69-7761	0.0901639344262295
TCGA-69-7761:8:68140474:C	102	9	2	1	1	TCGA-69-7761	0.0810810810810811
TCGA-69-7761:8:144406735:C	113	6	2	1	1	TCGA-69-7761	0.0504201680672269
