mutation_id	ref_counts	var_counts	normal_cn	minor_cn	major_cn	variant_case	variant_freq
TCGA-BH-A0HQ:15:73048722:T	170	95	2	1	1	TCGA-BH-A0HQ	0.358490566037736
TCGA-BH-A0HQ:8:11703257:C	22	16	2	2	2	TCGA-BH-A0HQ	0.421052631578947
TCGA-BH-A0HQ:2:197081794:T	104	70	2	1	1	TCGA-BH-A0HQ	0.402298850574713
TCGA-BH-A0HQ:6:26271388:G	59	26	2	1	2	TCGA-BH-A0HQ	0.305882352941176
TCGA-BH-A0HQ:3:197670853:G	24	14	2	1	1	TCGA-BH-A0HQ	0.368421052631579
TCGA-BH-A0HQ:4:154556719:C	80	18	2	1	1	TCGA-BH-A0HQ	0.183673469387755
TCGA-BH-A0HQ:1:200958025:C	35	7	2	1	5	TCGA-BH-A0HQ	0.166666666666667
TCGA-BH-A0HQ:14:36946266:G	84	45	2	1	1	TCGA-BH-A0HQ	0.348837209302326
TCGA-BH-A0HQ:16:46617506:T	46	28	2	0	1	TCGA-BH-A0HQ	0.378378378378378
TCGA-BH-A0HQ:1:31769548:G	25	13	2	1	1	TCGA-BH-A0HQ	0.342105263157895
TCGA-BH-A0HQ:12:115118782:G	80	16	2	1	1	TCGA-BH-A0HQ	0.166666666666667
TCGA-BH-A0HQ:9:100862246:G	51	18	2	1	1	TCGA-BH-A0HQ	0.260869565217391
TCGA-BH-A0HQ:10:75843202:G	130	64	2	1	1	TCGA-BH-A0HQ	0.329896907216495
TCGA-BH-A0HQ:16:72830109:G	19	37	2	0	1	TCGA-BH-A0HQ	0.660714285714286
TCGA-BH-A0HQ:16:68714903:C	65	14	2	0	1	TCGA-BH-A0HQ	0.177215189873418
TCGA-BH-A0HQ:3:31725367:C	132	16	2	1	1	TCGA-BH-A0HQ	0.108108108108108
TCGA-BH-A0HQ:22:25158460:C	83	15	2	1	1	TCGA-BH-A0HQ	0.153061224489796
TCGA-BH-A0HQ:14:68157923:C	144	32	2	1	1	TCGA-BH-A0HQ	0.181818181818182
