mutation_id	ref_counts	var_counts	normal_cn	minor_cn	major_cn	variant_case	variant_freq
TCGA-A2-A0T2:17:67017883:C	36	90	2	0	1	TCGA-A2-A0T2	0.714285714285714
TCGA-A2-A0T2:1:154543819:C	74	22	2	1	3	TCGA-A2-A0T2	0.229166666666667
TCGA-A2-A0T2:9:19296154:C	334	233	2	1	2	TCGA-A2-A0T2	0.410934744268078
TCGA-A2-A0T2:1:36381040:A	163	100	2	1	2	TCGA-A2-A0T2	0.380228136882129
TCGA-A2-A0T2:3:185823093:C	80	46	2	1	2	TCGA-A2-A0T2	0.365079365079365
TCGA-A2-A0T2:8:72211886:T	329	227	2	1	2	TCGA-A2-A0T2	0.408273381294964
TCGA-A2-A0T2:11:22646798:T	26	7	2	1	2	TCGA-A2-A0T2	0.212121212121212
TCGA-A2-A0T2:4:57180616:G	8	26	2	0	1	TCGA-A2-A0T2	0.764705882352941
TCGA-A2-A0T2:6:20152998:C	174	120	2	0	3	TCGA-A2-A0T2	0.408163265306122
TCGA-A2-A0T2:6:41318437:C	83	60	2	1	2	TCGA-A2-A0T2	0.41958041958042
TCGA-A2-A0T2:16:136809:C	19	21	2	1	2	TCGA-A2-A0T2	0.525
TCGA-A2-A0T2:19:39908303:C	31	19	2	1	2	TCGA-A2-A0T2	0.38
TCGA-A2-A0T2:13:113814455:A	12	19	2	0	1	TCGA-A2-A0T2	0.612903225806452
TCGA-A2-A0T2:8:27315867:G	38	23	2	1	2	TCGA-A2-A0T2	0.377049180327869
TCGA-A2-A0T2:12:56630189:A	16	36	2	0	1	TCGA-A2-A0T2	0.692307692307692
TCGA-A2-A0T2:7:123335910:T	138	76	2	1	2	TCGA-A2-A0T2	0.355140186915888
TCGA-A2-A0T2:19:58017763:G	199	132	2	1	2	TCGA-A2-A0T2	0.398791540785498
TCGA-A2-A0T2:16:28909621:C	43	37	2	1	2	TCGA-A2-A0T2	0.4625
TCGA-A2-A0T2:4:48037625:G	56	101	2	0	1	TCGA-A2-A0T2	0.643312101910828
TCGA-A2-A0T2:15:34151902:G	274	478	2	0	1	TCGA-A2-A0T2	0.63563829787234
TCGA-A2-A0T2:17:7578190:T	180	394	2	0	1	TCGA-A2-A0T2	0.686411149825784
