mutation_id	ref_counts	var_counts	normal_cn	minor_cn	major_cn	variant_case	variant_freq
TCGA-BH-A0E9:12:109617027:G	83	13	2	1	2	TCGA-BH-A0E9	0.135416666666667
TCGA-BH-A0E9:17:4883016:G	60	15	2	0	2	TCGA-BH-A0E9	0.2
TCGA-BH-A0E9:8:88365988:C	107	21	2	1	2	TCGA-BH-A0E9	0.1640625
TCGA-BH-A0E9:12:53663662:C	115	18	2	1	2	TCGA-BH-A0E9	0.135338345864662
TCGA-BH-A0E9:3:183209733:G	38	7	2	2	2	TCGA-BH-A0E9	0.155555555555556
TCGA-BH-A0E9:1:87805767:C	184	71	2	0	2	TCGA-BH-A0E9	0.27843137254902
TCGA-BH-A0E9:4:86243:C	35	7	2	1	1	TCGA-BH-A0E9	0.166666666666667
