mutation_id	ref_counts	var_counts	normal_cn	minor_cn	major_cn	variant_case	variant_freq
TCGA-AN-A0FK:6:3140669:T	47	24	2	2	2	TCGA-AN-A0FK	0.338028169014085
TCGA-AN-A0FK:19:17516273:C	84	45	2	2	2	TCGA-AN-A0FK	0.348837209302326
TCGA-AN-A0FK:4:151153908:C	87	39	2	1	1	TCGA-AN-A0FK	0.30952380952381
TCGA-AN-A0FK:8:1497608:C	34	12	2	2	2	TCGA-AN-A0FK	0.260869565217391
TCGA-AN-A0FK:19:12991929:C	24	24	2	2	2	TCGA-AN-A0FK	0.5
TCGA-AN-A0FK:16:30018123:C	53	32	2	2	3	TCGA-AN-A0FK	0.376470588235294
TCGA-AN-A0FK:3:109031471:G	107	81	2	1	2	TCGA-AN-A0FK	0.430851063829787
TCGA-AN-A0FK:15:45396252:C	79	24	2	1	1	TCGA-AN-A0FK	0.233009708737864
TCGA-AN-A0FK:19:8032461:G	31	34	2	2	2	TCGA-AN-A0FK	0.523076923076923
TCGA-AN-A0FK:1:27219895:C	44	16	2	0	2	TCGA-AN-A0FK	0.266666666666667
TCGA-AN-A0FK:7:27134949:C	76	24	2	1	2	TCGA-AN-A0FK	0.24
TCGA-AN-A0FK:5:143853657:T	30	15	2	2	2	TCGA-AN-A0FK	0.333333333333333
TCGA-AN-A0FK:1:220986673:A	175	51	2	2	5	TCGA-AN-A0FK	0.225663716814159
TCGA-AN-A0FK:7:15666489:C	166	163	2	1	2	TCGA-AN-A0FK	0.495440729483283
TCGA-AN-A0FK:1:156708153:G	234	79	2	2	5	TCGA-AN-A0FK	0.252396166134185
TCGA-AN-A0FK:19:9061379:T	256	150	2	2	2	TCGA-AN-A0FK	0.369458128078818
TCGA-AN-A0FK:19:56466066:C	52	32	2	2	2	TCGA-AN-A0FK	0.380952380952381
TCGA-AN-A0FK:2:113993061:G	27	12	2	1	1	TCGA-AN-A0FK	0.307692307692308
TCGA-AN-A0FK:21:47819611:T	39	10	2	1	2	TCGA-AN-A0FK	0.204081632653061
TCGA-AN-A0FK:3:49135886:C	51	9	2	1	2	TCGA-AN-A0FK	0.15
TCGA-AN-A0FK:3:51664777:G	155	40	2	1	2	TCGA-AN-A0FK	0.205128205128205
TCGA-AN-A0FK:2:167298248:C	76	44	2	0	1	TCGA-AN-A0FK	0.366666666666667
TCGA-AN-A0FK:9:86894959:T	59	82	2	2	2	TCGA-AN-A0FK	0.581560283687943
TCGA-AN-A0FK:18:8796377:C	58	63	2	1	2	TCGA-AN-A0FK	0.520661157024793
TCGA-AN-A0FK:6:170871216:C	147	92	2	2	2	TCGA-AN-A0FK	0.384937238493724
TCGA-AN-A0FK:7:115892485:T	73	63	2	1	2	TCGA-AN-A0FK	0.463235294117647
TCGA-AN-A0FK:2:230678717:C	36	21	2	1	1	TCGA-AN-A0FK	0.368421052631579
TCGA-AN-A0FK:19:13218608:G	73	47	2	2	2	TCGA-AN-A0FK	0.391666666666667
TCGA-AN-A0FK:4:39247000:G	65	24	2	1	1	TCGA-AN-A0FK	0.269662921348315
TCGA-AN-A0FK:3:124380761:C	105	13	2	1	2	TCGA-AN-A0FK	0.110169491525424
