mutation_id	ref_counts	var_counts	normal_cn	minor_cn	major_cn	variant_case	variant_freq
TCGA-BH-A201:10:70737326:A	122	43	2	1	1	TCGA-BH-A201	0.260606060606061
TCGA-BH-A201:20:49575041:C	65	27	2	1	1	TCGA-BH-A201	0.293478260869565
TCGA-BH-A201:2:231775625:A	63	22	2	1	1	TCGA-BH-A201	0.258823529411765
TCGA-BH-A201:16:15702158:T	52	22	2	1	1	TCGA-BH-A201	0.297297297297297
TCGA-BH-A201:9:133917083:G	69	20	2	1	1	TCGA-BH-A201	0.224719101123595
TCGA-BH-A201:18:9524597:C	83	48	2	1	1	TCGA-BH-A201	0.366412213740458
TCGA-BH-A201:2:198266834:T	88	27	2	1	1	TCGA-BH-A201	0.234782608695652
TCGA-BH-A201:11:116766967:A	69	32	2	0	1	TCGA-BH-A201	0.316831683168317
TCGA-BH-A201:15:102263346:C	329	116	2	1	1	TCGA-BH-A201	0.260674157303371
TCGA-BH-A201:1:7980932:C	185	60	2	1	1	TCGA-BH-A201	0.244897959183673
TCGA-BH-A201:2:31588379:G	96	31	2	1	1	TCGA-BH-A201	0.244094488188976
TCGA-BH-A201:2:184023015:C	124	26	2	1	1	TCGA-BH-A201	0.173333333333333
