mutation_id	ref_counts	var_counts	normal_cn	minor_cn	major_cn	variant_case	variant_freq
TCGA-A8-A09R:6:26452000:A	99	31	2	0	2	TCGA-A8-A09R	0.238461538461538
TCGA-A8-A09R:9:100675677:G	70	43	2	1	1	TCGA-A8-A09R	0.380530973451327
TCGA-A8-A09R:13:110839539:C	47	12	2	1	1	TCGA-A8-A09R	0.203389830508475
TCGA-A8-A09R:1:159175674:T	58	10	2	1	4	TCGA-A8-A09R	0.147058823529412
TCGA-A8-A09R:7:111535769:C	928	206	2	1	2	TCGA-A8-A09R	0.181657848324515
TCGA-A8-A09R:6:7585725:A	103	26	2	0	2	TCGA-A8-A09R	0.201550387596899
TCGA-A8-A09R:1:220307827:G	97	45	2	1	5	TCGA-A8-A09R	0.316901408450704
TCGA-A8-A09R:8:75227343:G	40	15	2	2	3	TCGA-A8-A09R	0.272727272727273
TCGA-A8-A09R:17:68172397:T	247	49	2	2	4	TCGA-A8-A09R	0.165540540540541
TCGA-A8-A09R:4:120981377:G	56	30	2	0	1	TCGA-A8-A09R	0.348837209302326
TCGA-A8-A09R:6:119569483:A	111	57	2	0	2	TCGA-A8-A09R	0.339285714285714
TCGA-A8-A09R:16:15797924:A	134	47	2	1	1	TCGA-A8-A09R	0.259668508287293
TCGA-A8-A09R:20:36662443:C	66	17	2	1	2	TCGA-A8-A09R	0.204819277108434
TCGA-A8-A09R:9:35546754:G	28	27	2	0	1	TCGA-A8-A09R	0.490909090909091
TCGA-A8-A09R:19:38976764:G	79	21	2	1	1	TCGA-A8-A09R	0.21
TCGA-A8-A09R:15:34115275:T	41	33	2	0	2	TCGA-A8-A09R	0.445945945945946
TCGA-A8-A09R:5:156186373:G	132	60	2	2	2	TCGA-A8-A09R	0.3125
TCGA-A8-A09R:14:72171448:T	25	36	2	0	1	TCGA-A8-A09R	0.590163934426229
TCGA-A8-A09R:7:127326706:C	128	28	2	1	2	TCGA-A8-A09R	0.179487179487179
TCGA-A8-A09R:20:47734496:C	113	58	2	1	2	TCGA-A8-A09R	0.339181286549708
TCGA-A8-A09R:12:115118832:C	86	29	2	1	1	TCGA-A8-A09R	0.252173913043478
TCGA-A8-A09R:5:133477961:G	63	38	2	2	2	TCGA-A8-A09R	0.376237623762376
TCGA-A8-A09R:11:4621685:C	40	31	2	1	2	TCGA-A8-A09R	0.436619718309859
TCGA-A8-A09R:15:89401208:C	41	6	2	0	2	TCGA-A8-A09R	0.127659574468085
TCGA-A8-A09R:12:120156521:C	88	17	2	1	1	TCGA-A8-A09R	0.161904761904762
TCGA-A8-A09R:9:17332708:G	123	15	2	0	1	TCGA-A8-A09R	0.108695652173913
TCGA-A8-A09R:11:58477428:C	85	26	2	0	1	TCGA-A8-A09R	0.234234234234234
TCGA-A8-A09R:17:56247170:G	662	217	2	2	3	TCGA-A8-A09R	0.246871444823663
TCGA-A8-A09R:12:81851615:C	65	10	2	1	1	TCGA-A8-A09R	0.133333333333333
TCGA-A8-A09R:6:2833961:C	101	19	2	0	2	TCGA-A8-A09R	0.158333333333333
TCGA-A8-A09R:16:18847853:A	268	66	2	1	1	TCGA-A8-A09R	0.197604790419162
TCGA-A8-A09R:2:231379957:G	271	51	2	1	1	TCGA-A8-A09R	0.158385093167702
TCGA-A8-A09R:8:30705950:C	102	17	2	0	1	TCGA-A8-A09R	0.142857142857143
TCGA-A8-A09R:1:92177900:C	66	16	2	0	1	TCGA-A8-A09R	0.195121951219512
