mutation_id	ref_counts	var_counts	normal_cn	minor_cn	major_cn	variant_case	variant_freq
TCGA-B6-A0IH:10:98742433:A	53	16	2	1	2	TCGA-B6-A0IH	0.231884057971014
TCGA-B6-A0IH:9:105767619:G	116	42	2	1	2	TCGA-B6-A0IH	0.265822784810127
TCGA-B6-A0IH:10:76863684:G	44	7	2	1	3	TCGA-B6-A0IH	0.137254901960784
TCGA-B6-A0IH:9:125377831:G	64	12	2	1	2	TCGA-B6-A0IH	0.157894736842105
TCGA-B6-A0IH:12:48535119:T	87	37	2	0	2	TCGA-B6-A0IH	0.298387096774194
TCGA-B6-A0IH:9:86617271:A	39	10	2	1	2	TCGA-B6-A0IH	0.204081632653061
TCGA-B6-A0IH:21:36206716:G	263	84	2	2	2	TCGA-B6-A0IH	0.24207492795389
TCGA-B6-A0IH:17:61498693:C	119	30	2	1	2	TCGA-B6-A0IH	0.201342281879195
TCGA-B6-A0IH:9:14658806:C	80	50	2	1	2	TCGA-B6-A0IH	0.384615384615385
TCGA-B6-A0IH:11:6645151:C	68	9	2	1	2	TCGA-B6-A0IH	0.116883116883117
TCGA-B6-A0IH:12:113599787:C	157	24	2	0	2	TCGA-B6-A0IH	0.132596685082873
TCGA-B6-A0IH:7:50663154:T	141	73	2	1	2	TCGA-B6-A0IH	0.341121495327103
TCGA-B6-A0IH:7:74211389:T	148	77	2	1	2	TCGA-B6-A0IH	0.342222222222222
TCGA-B6-A0IH:15:28357017:G	116	49	2	0	1	TCGA-B6-A0IH	0.296969696969697
TCGA-B6-A0IH:15:79760670:G	107	46	2	0	1	TCGA-B6-A0IH	0.300653594771242
TCGA-B6-A0IH:17:39726220:T	96	20	2	1	1	TCGA-B6-A0IH	0.172413793103448
TCGA-B6-A0IH:2:136579662:T	275	32	2	0	3	TCGA-B6-A0IH	0.104234527687296
TCGA-B6-A0IH:17:71364597:C	61	9	2	1	2	TCGA-B6-A0IH	0.128571428571429
TCGA-B6-A0IH:3:38347837:G	112	21	2	1	1	TCGA-B6-A0IH	0.157894736842105
TCGA-B6-A0IH:16:28157469:T	280	42	2	1	2	TCGA-B6-A0IH	0.130434782608696
