mutation_id	ref_counts	var_counts	normal_cn	minor_cn	major_cn	variant_case	variant_freq
TCGA-A8-A08T:14:105420635:G	27	11	2	1	1	TCGA-A8-A08T	0.289473684210526
TCGA-A8-A08T:8:41552742:C	25	16	2	1	1	TCGA-A8-A08T	0.390243902439024
TCGA-A8-A08T:22:36661744:C	90	50	2	1	1	TCGA-A8-A08T	0.357142857142857
TCGA-A8-A08T:3:53842707:C	22	14	2	1	1	TCGA-A8-A08T	0.388888888888889
TCGA-A8-A08T:16:67070595:G	27	44	2	0	1	TCGA-A8-A08T	0.619718309859155
TCGA-A8-A08T:16:67070596:C	26	43	2	0	1	TCGA-A8-A08T	0.623188405797101
TCGA-A8-A08T:2:220404537:G	26	15	2	1	1	TCGA-A8-A08T	0.365853658536585
TCGA-A8-A08T:5:11346597:C	35	23	2	1	1	TCGA-A8-A08T	0.396551724137931
TCGA-A8-A08T:1:65301180:T	150	80	2	1	1	TCGA-A8-A08T	0.347826086956522
TCGA-A8-A08T:19:54802507:C	23	14	2	1	1	TCGA-A8-A08T	0.378378378378378
TCGA-A8-A08T:11:82877733:A	171	99	2	1	1	TCGA-A8-A08T	0.366666666666667
TCGA-A8-A08T:3:178936091:G	82	45	2	1	1	TCGA-A8-A08T	0.354330708661417
TCGA-A8-A08T:4:147561836:G	59	20	2	1	2	TCGA-A8-A08T	0.253164556962025
TCGA-A8-A08T:2:73316121:G	17	16	2	1	1	TCGA-A8-A08T	0.484848484848485
TCGA-A8-A08T:19:4283129:C	20	11	2	1	1	TCGA-A8-A08T	0.354838709677419
TCGA-A8-A08T:3:111988846:T	154	93	2	1	1	TCGA-A8-A08T	0.376518218623482
TCGA-A8-A08T:14:21961324:G	103	73	2	1	1	TCGA-A8-A08T	0.414772727272727
TCGA-A8-A08T:11:89774388:G	190	119	2	1	1	TCGA-A8-A08T	0.385113268608414
TCGA-A8-A08T:3:179051631:G	94	51	2	1	1	TCGA-A8-A08T	0.351724137931034
TCGA-A8-A08T:12:52387803:G	35	44	2	0	1	TCGA-A8-A08T	0.556962025316456
TCGA-A8-A08T:10:27326874:C	103	34	2	1	1	TCGA-A8-A08T	0.248175182481752
TCGA-A8-A08T:2:26505908:A	153	59	2	1	1	TCGA-A8-A08T	0.278301886792453
TCGA-A8-A08T:19:17169452:C	105	32	2	1	1	TCGA-A8-A08T	0.233576642335766
TCGA-A8-A08T:1:196311258:C	227	32	2	1	3	TCGA-A8-A08T	0.123552123552124
TCGA-A8-A08T:11:25098915:C	392	196	2	1	1	TCGA-A8-A08T	0.333333333333333
TCGA-A8-A08T:20:46264773:T	180	90	2	1	1	TCGA-A8-A08T	0.333333333333333
TCGA-A8-A08T:10:119043132:A	233	107	2	1	1	TCGA-A8-A08T	0.314705882352941
TCGA-A8-A08T:7:6031635:T	65	20	2	1	1	TCGA-A8-A08T	0.235294117647059
TCGA-A8-A08T:5:149212267:C	90	11	2	1	1	TCGA-A8-A08T	0.108910891089109
TCGA-A8-A08T:18:23731889:G	239	66	2	1	2	TCGA-A8-A08T	0.216393442622951
TCGA-A8-A08T:1:226173176:C	414	55	2	1	3	TCGA-A8-A08T	0.11727078891258
