mutation_id	ref_counts	var_counts	normal_cn	minor_cn	major_cn	variant_case	variant_freq
TCGA-AO-A0JJ:7:5567503:C	25	12	2	1	1	TCGA-AO-A0JJ	0.324324324324324
TCGA-AO-A0JJ:2:74146651:G	128	45	2	1	1	TCGA-AO-A0JJ	0.260115606936416
TCGA-AO-A0JJ:10:50532174:A	79	23	2	1	1	TCGA-AO-A0JJ	0.225490196078431
TCGA-AO-A0JJ:19:50208555:G	49	20	2	1	1	TCGA-AO-A0JJ	0.289855072463768
TCGA-AO-A0JJ:5:65370946:A	176	51	2	1	1	TCGA-AO-A0JJ	0.224669603524229
TCGA-AO-A0JJ:2:112786351:C	33	15	2	1	1	TCGA-AO-A0JJ	0.3125
TCGA-AO-A0JJ:4:5399971:G	51	17	2	1	1	TCGA-AO-A0JJ	0.25
TCGA-AO-A0JJ:1:110020512:G	45	15	2	1	1	TCGA-AO-A0JJ	0.25
TCGA-AO-A0JJ:15:54825146:C	49	23	2	1	1	TCGA-AO-A0JJ	0.319444444444444
