mutation_id	ref_counts	var_counts	normal_cn	minor_cn	major_cn	variant_case	variant_freq
TCGA-E2-A14X:15:35168164:A	121	50	2	1	1	TCGA-E2-A14X	0.292397660818713
TCGA-E2-A14X:14:32562091:G	69	9	2	1	2	TCGA-E2-A14X	0.115384615384615
TCGA-E2-A14X:17:76471537:G	24	11	2	0	2	TCGA-E2-A14X	0.314285714285714
TCGA-E2-A14X:14:31071093:C	104	44	2	1	2	TCGA-E2-A14X	0.297297297297297
TCGA-E2-A14X:7:43591895:C	218	44	2	1	1	TCGA-E2-A14X	0.16793893129771
TCGA-E2-A14X:14:21109743:G	47	16	2	1	2	TCGA-E2-A14X	0.253968253968254
TCGA-E2-A14X:6:31922367:C	131	17	2	1	5	TCGA-E2-A14X	0.114864864864865
TCGA-E2-A14X:17:4496467:G	26	10	2	0	2	TCGA-E2-A14X	0.277777777777778
TCGA-E2-A14X:5:33453503:G	113	24	2	1	1	TCGA-E2-A14X	0.175182481751825
TCGA-E2-A14X:4:187003591:C	109	60	2	1	1	TCGA-E2-A14X	0.355029585798817
TCGA-E2-A14X:17:7578212:G	166	97	2	0	2	TCGA-E2-A14X	0.368821292775665
TCGA-E2-A14X:13:19748195:G	186	34	2	1	3	TCGA-E2-A14X	0.154545454545455
TCGA-E2-A14X:15:42740787:G	58	22	2	1	2	TCGA-E2-A14X	0.275
TCGA-E2-A14X:19:23542476:C	127	62	2	1	2	TCGA-E2-A14X	0.328042328042328
TCGA-E2-A14X:5:11346626:C	124	21	2	1	1	TCGA-E2-A14X	0.144827586206897
TCGA-E2-A14X:3:115382754:G	264	36	2	1	1	TCGA-E2-A14X	0.12
TCGA-E2-A14X:3:122459884:G	226	38	2	1	1	TCGA-E2-A14X	0.143939393939394
TCGA-E2-A14X:3:108129643:G	43	5	2	1	1	TCGA-E2-A14X	0.104166666666667
TCGA-E2-A14X:2:1670056:G	54	6	2	1	1	TCGA-E2-A14X	0.1
TCGA-E2-A14X:16:23116870:T	139	48	2	1	2	TCGA-E2-A14X	0.25668449197861
