mutation_id	ref_counts	var_counts	normal_cn	minor_cn	major_cn	variant_case	variant_freq
TCGA-CQ-5329:11:5809766:A	95	24	2	2	4	TCGA-CQ-5329	0.201680672268908
TCGA-CQ-5329:11:12278373:C	43	11	2	2	4	TCGA-CQ-5329	0.203703703703704
TCGA-CQ-5329:11:30032556:G	25	25	2	2	4	TCGA-CQ-5329	0.5
TCGA-CQ-5329:11:62373575:A	95	11	2	2	4	TCGA-CQ-5329	0.10377358490566
TCGA-CQ-5329:11:117054508:C	37	12	2	2	2	TCGA-CQ-5329	0.244897959183673
TCGA-CQ-5329:12:52758101:C	44	14	2	0	4	TCGA-CQ-5329	0.241379310344828
TCGA-CQ-5329:12:96288808:G	82	46	2	2	4	TCGA-CQ-5329	0.359375
TCGA-CQ-5329:13:101759893:G	35	15	2	0	4	TCGA-CQ-5329	0.3
TCGA-CQ-5329:17:1675210:T	33	7	2	0	6	TCGA-CQ-5329	0.175
TCGA-CQ-5329:17:3181737:C	89	21	2	0	6	TCGA-CQ-5329	0.190909090909091
TCGA-CQ-5329:17:3850835:G	28	53	2	0	6	TCGA-CQ-5329	0.654320987654321
TCGA-CQ-5329:17:7132326:G	21	46	2	0	6	TCGA-CQ-5329	0.686567164179104
TCGA-CQ-5329:17:7910382:G	59	14	2	0	6	TCGA-CQ-5329	0.191780821917808
TCGA-CQ-5329:18:50832067:C	49	15	2	2	2	TCGA-CQ-5329	0.234375
TCGA-CQ-5329:19:6908712:G	42	15	2	2	2	TCGA-CQ-5329	0.263157894736842
TCGA-CQ-5329:2:27822848:C	15	15	2	2	4	TCGA-CQ-5329	0.5
TCGA-CQ-5329:2:200298060:C	27	12	2	2	2	TCGA-CQ-5329	0.307692307692308
TCGA-CQ-5329:5:140745185:C	62	25	2	0	4	TCGA-CQ-5329	0.28735632183908
TCGA-CQ-5329:6:39271892:G	32	8	2	2	4	TCGA-CQ-5329	0.2
TCGA-CQ-5329:6:43471425:G	36	8	2	2	4	TCGA-CQ-5329	0.181818181818182
TCGA-CQ-5329:6:76023395:C	77	36	2	2	2	TCGA-CQ-5329	0.31858407079646
TCGA-CQ-5329:6:159653380:G	28	11	2	0	4	TCGA-CQ-5329	0.282051282051282
TCGA-CQ-5329:7:76984647:C	70	21	2	2	2	TCGA-CQ-5329	0.230769230769231
TCGA-CQ-5329:9:85950554:G	23	10	2	0	4	TCGA-CQ-5329	0.303030303030303
TCGA-CQ-5329:9:104048520:T	38	13	2	0	4	TCGA-CQ-5329	0.254901960784314
TCGA-CQ-5329:9:139393579:C	33	44	2	0	4	TCGA-CQ-5329	0.571428571428571
TCGA-CQ-5329:17:60342311:G	66	5	2	0	4	TCGA-CQ-5329	0.0704225352112676
TCGA-CQ-5329:7:142459656:A	132	7	2	2	2	TCGA-CQ-5329	0.0503597122302158
