mutation_id	ref_counts	var_counts	normal_cn	minor_cn	major_cn	variant_case	variant_freq
TCGA-BH-A1ET:1:229567787:G	34	20	2	1	1	TCGA-BH-A1ET	0.37037037037037
TCGA-BH-A1ET:11:107518302:G	281	114	2	1	1	TCGA-BH-A1ET	0.288607594936709
TCGA-BH-A1ET:4:152571037:A	104	43	2	1	1	TCGA-BH-A1ET	0.292517006802721
TCGA-BH-A1ET:8:125047696:G	48	27	2	1	1	TCGA-BH-A1ET	0.36
TCGA-BH-A1ET:8:125076805:A	80	44	2	1	1	TCGA-BH-A1ET	0.354838709677419
TCGA-BH-A1ET:6:97247418:T	121	82	2	1	1	TCGA-BH-A1ET	0.403940886699507
TCGA-BH-A1ET:19:46815779:G	48	21	2	1	1	TCGA-BH-A1ET	0.304347826086957
TCGA-BH-A1ET:12:57849486:A	64	24	2	1	1	TCGA-BH-A1ET	0.272727272727273
TCGA-BH-A1ET:1:160850420:C	110	75	2	1	1	TCGA-BH-A1ET	0.405405405405405
TCGA-BH-A1ET:11:67010479:G	416	161	2	1	1	TCGA-BH-A1ET	0.279029462738302
TCGA-BH-A1ET:3:66431242:C	26	13	2	1	1	TCGA-BH-A1ET	0.333333333333333
TCGA-BH-A1ET:6:11191135:C	57	32	2	1	1	TCGA-BH-A1ET	0.359550561797753
TCGA-BH-A1ET:5:140532071:C	142	74	2	1	1	TCGA-BH-A1ET	0.342592592592593
TCGA-BH-A1ET:3:178936082:G	167	93	2	1	1	TCGA-BH-A1ET	0.357692307692308
TCGA-BH-A1ET:8:48743255:C	74	40	2	1	1	TCGA-BH-A1ET	0.350877192982456
TCGA-BH-A1ET:8:11188822:G	190	108	2	1	1	TCGA-BH-A1ET	0.36241610738255
TCGA-BH-A1ET:3:137483952:G	31	18	2	1	1	TCGA-BH-A1ET	0.36734693877551
TCGA-BH-A1ET:11:73717218:C	28	15	2	1	1	TCGA-BH-A1ET	0.348837209302326
TCGA-BH-A1ET:17:10436640:G	179	59	2	1	1	TCGA-BH-A1ET	0.247899159663866
TCGA-BH-A1ET:12:112687979:G	130	17	2	1	1	TCGA-BH-A1ET	0.115646258503401
TCGA-BH-A1ET:10:30602780:G	136	40	2	1	1	TCGA-BH-A1ET	0.227272727272727
TCGA-BH-A1ET:18:10855367:T	137	36	2	1	1	TCGA-BH-A1ET	0.208092485549133
