mutation_id	ref_counts	var_counts	normal_cn	minor_cn	major_cn	variant_case	variant_freq
TCGA-A8-A06P:12:53708115:A	52	17	2	1	3	TCGA-A8-A06P	0.246376811594203
TCGA-A8-A06P:4:170988516:G	90	23	2	1	2	TCGA-A8-A06P	0.20353982300885
TCGA-A8-A06P:18:77137328:T	25	10	2	2	2	TCGA-A8-A06P	0.285714285714286
TCGA-A8-A06P:3:196234930:C	111	22	2	2	2	TCGA-A8-A06P	0.165413533834586
TCGA-A8-A06P:14:21216114:C	108	16	2	2	2	TCGA-A8-A06P	0.129032258064516
TCGA-A8-A06P:8:75276444:A	241	34	2	2	6	TCGA-A8-A06P	0.123636363636364
TCGA-A8-A06P:5:56178400:A	89	35	2	2	2	TCGA-A8-A06P	0.282258064516129
TCGA-A8-A06P:7:151904386:T	176	134	2	2	2	TCGA-A8-A06P	0.432258064516129
TCGA-A8-A06P:13:77671946:T	129	106	2	1	2	TCGA-A8-A06P	0.451063829787234
TCGA-A8-A06P:3:178936091:G	72	30	2	1	2	TCGA-A8-A06P	0.294117647058824
TCGA-A8-A06P:6:86350199:G	195	69	2	1	2	TCGA-A8-A06P	0.261363636363636
TCGA-A8-A06P:19:59061549:C	22	21	2	1	2	TCGA-A8-A06P	0.488372093023256
TCGA-A8-A06P:3:121207309:A	203	25	2	1	2	TCGA-A8-A06P	0.109649122807018
