mutation_id	ref_counts	var_counts	normal_cn	minor_cn	major_cn	variant_case	variant_freq
TCGA-A2-A0CS:4:100341731:C	149	34	2	0	2	TCGA-A2-A0CS	0.185792349726776
TCGA-A2-A0CS:14:96797849:T	158	30	2	2	2	TCGA-A2-A0CS	0.159574468085106
TCGA-A2-A0CS:9:93375893:G	185	65	2	2	2	TCGA-A2-A0CS	0.26
TCGA-A2-A0CS:1:171236862:C	289	49	2	1	4	TCGA-A2-A0CS	0.144970414201183
TCGA-A2-A0CS:12:129467539:C	283	53	2	2	2	TCGA-A2-A0CS	0.157738095238095
TCGA-A2-A0CS:1:167024281:G	200	28	2	1	4	TCGA-A2-A0CS	0.12280701754386
TCGA-A2-A0CS:5:90086905:T	393	77	2	1	3	TCGA-A2-A0CS	0.163829787234043
TCGA-A2-A0CS:20:16486798:C	81	44	2	2	3	TCGA-A2-A0CS	0.352
TCGA-A2-A0CS:17:39633898:G	210	110	2	2	2	TCGA-A2-A0CS	0.34375
TCGA-A2-A0CS:10:871788:C	46	54	2	0	3	TCGA-A2-A0CS	0.54
TCGA-A2-A0CS:9:27949369:G	296	55	2	2	2	TCGA-A2-A0CS	0.156695156695157
TCGA-A2-A0CS:11:6891161:G	496	97	2	2	2	TCGA-A2-A0CS	0.163575042158516
TCGA-A2-A0CS:11:55419253:G	163	96	2	2	2	TCGA-A2-A0CS	0.370656370656371
TCGA-A2-A0CS:3:178952085:A	197	33	2	1	3	TCGA-A2-A0CS	0.143478260869565
TCGA-A2-A0CS:6:51637584:A	116	86	2	1	2	TCGA-A2-A0CS	0.425742574257426
TCGA-A2-A0CS:16:2834663:C	51	23	2	2	3	TCGA-A2-A0CS	0.310810810810811
TCGA-A2-A0CS:12:48141337:G	107	35	2	2	2	TCGA-A2-A0CS	0.246478873239437
TCGA-A2-A0CS:11:61404548:G	82	36	2	2	2	TCGA-A2-A0CS	0.305084745762712
TCGA-A2-A0CS:7:122635049:G	269	60	2	2	2	TCGA-A2-A0CS	0.182370820668693
TCGA-A2-A0CS:3:176752091:T	187	41	2	1	3	TCGA-A2-A0CS	0.179824561403509
TCGA-A2-A0CS:17:18638608:C	267	112	2	2	2	TCGA-A2-A0CS	0.295514511873351
TCGA-A2-A0CS:6:133015262:T	309	65	2	1	2	TCGA-A2-A0CS	0.17379679144385
TCGA-A2-A0CS:1:12445347:G	103	36	2	1	1	TCGA-A2-A0CS	0.258992805755396
TCGA-A2-A0CS:6:87865327:C	27	9	2	1	2	TCGA-A2-A0CS	0.25
TCGA-A2-A0CS:2:203242213:C	116	40	2	1	2	TCGA-A2-A0CS	0.256410256410256
