mutation_id	ref_counts	var_counts	normal_cn	minor_cn	major_cn	variant_case	variant_freq
TCGA-BH-A0E7:10:127708377:G	53	35	2	1	1	TCGA-BH-A0E7	0.397727272727273
TCGA-BH-A0E7:14:60938273:G	49	33	2	1	1	TCGA-BH-A0E7	0.402439024390244
TCGA-BH-A0E7:7:80285857:A	79	45	2	1	1	TCGA-BH-A0E7	0.362903225806452
TCGA-BH-A0E7:17:45219239:C	26	15	2	1	1	TCGA-BH-A0E7	0.365853658536585
TCGA-BH-A0E7:8:139890151:C	37	14	2	1	3	TCGA-BH-A0E7	0.274509803921569
TCGA-BH-A0E7:2:204137424:A	23	13	2	1	1	TCGA-BH-A0E7	0.361111111111111
TCGA-BH-A0E7:2:71744138:T	156	99	2	1	1	TCGA-BH-A0E7	0.388235294117647
TCGA-BH-A0E7:3:134880927:G	106	61	2	1	1	TCGA-BH-A0E7	0.365269461077844
TCGA-BH-A0E7:22:19349345:G	74	55	2	1	1	TCGA-BH-A0E7	0.426356589147287
TCGA-BH-A0E7:22:22453360:G	134	83	2	1	1	TCGA-BH-A0E7	0.382488479262673
TCGA-BH-A0E7:15:100271565:T	34	28	2	1	1	TCGA-BH-A0E7	0.451612903225806
TCGA-BH-A0E7:1:38289483:G	95	52	2	1	1	TCGA-BH-A0E7	0.353741496598639
TCGA-BH-A0E7:10:72298084:C	26	16	2	1	1	TCGA-BH-A0E7	0.380952380952381
TCGA-BH-A0E7:22:24040406:G	20	26	2	1	1	TCGA-BH-A0E7	0.565217391304348
TCGA-BH-A0E7:11:65305349:C	168	101	2	1	1	TCGA-BH-A0E7	0.37546468401487
TCGA-BH-A0E7:11:64323714:G	17	13	2	1	1	TCGA-BH-A0E7	0.433333333333333
TCGA-BH-A0E7:6:44223035:T	51	57	2	1	1	TCGA-BH-A0E7	0.527777777777778
TCGA-BH-A0E7:13:38237581:A	79	54	2	1	1	TCGA-BH-A0E7	0.406015037593985
TCGA-BH-A0E7:19:29698494:C	85	48	2	1	1	TCGA-BH-A0E7	0.360902255639098
TCGA-BH-A0E7:5:43174806:A	22	16	2	1	1	TCGA-BH-A0E7	0.421052631578947
TCGA-BH-A0E7:19:22586248:C	86	63	2	1	1	TCGA-BH-A0E7	0.422818791946309
TCGA-BH-A0E7:1:27099478:G	222	121	2	1	1	TCGA-BH-A0E7	0.352769679300292
TCGA-BH-A0E7:11:65116380:G	152	74	2	1	1	TCGA-BH-A0E7	0.327433628318584
TCGA-BH-A0E7:1:158061187:C	88	41	2	1	1	TCGA-BH-A0E7	0.317829457364341
TCGA-BH-A0E7:1:17084538:G	108	18	2	1	1	TCGA-BH-A0E7	0.142857142857143
TCGA-BH-A0E7:4:154624747:C	56	18	2	1	1	TCGA-BH-A0E7	0.243243243243243
TCGA-BH-A0E7:9:100308545:C	84	37	2	1	1	TCGA-BH-A0E7	0.305785123966942
TCGA-BH-A0E7:14:92436128:G	129	39	2	1	1	TCGA-BH-A0E7	0.232142857142857
TCGA-BH-A0E7:2:106761718:C	77	35	2	1	1	TCGA-BH-A0E7	0.3125
TCGA-BH-A0E7:12:64818467:T	93	36	2	1	1	TCGA-BH-A0E7	0.27906976744186
