mutation_id	ref_counts	var_counts	normal_cn	minor_cn	major_cn	variant_case	variant_freq
TCGA-E2-A10A:12:51128870:A	183	96	2	1	1	TCGA-E2-A10A	0.344086021505376
TCGA-E2-A10A:13:73349502:C	105	85	2	1	1	TCGA-E2-A10A	0.447368421052632
TCGA-E2-A10A:19:41125311:G	130	70	2	1	1	TCGA-E2-A10A	0.35
TCGA-E2-A10A:7:141752647:G	155	98	2	1	1	TCGA-E2-A10A	0.387351778656126
TCGA-E2-A10A:11:76872024:C	174	77	2	1	2	TCGA-E2-A10A	0.306772908366534
TCGA-E2-A10A:20:44665941:G	121	82	2	1	1	TCGA-E2-A10A	0.403940886699507
TCGA-E2-A10A:16:84050323:C	15	21	2	0	1	TCGA-E2-A10A	0.583333333333333
TCGA-E2-A10A:16:50709816:C	51	53	2	1	1	TCGA-E2-A10A	0.509615384615385
TCGA-E2-A10A:6:2785389:G	36	15	2	1	1	TCGA-E2-A10A	0.294117647058824
TCGA-E2-A10A:19:39216514:G	102	24	2	1	1	TCGA-E2-A10A	0.19047619047619
TCGA-E2-A10A:17:57326133:C	423	69	2	1	1	TCGA-E2-A10A	0.140243902439024
TCGA-E2-A10A:1:158577134:G	139	52	2	1	4	TCGA-E2-A10A	0.272251308900524
