mutation_id	ref_counts	var_counts	normal_cn	minor_cn	major_cn	variant_case	variant_freq
TCGA-C8-A1HE:12:21953991:C	32	10	2	1	1	TCGA-C8-A1HE	0.238095238095238
TCGA-C8-A1HE:2:32824940:C	41	21	2	1	1	TCGA-C8-A1HE	0.338709677419355
TCGA-C8-A1HE:15:101718167:A	25	8	2	1	1	TCGA-C8-A1HE	0.242424242424242
TCGA-C8-A1HE:16:3808953:G	19	16	2	1	1	TCGA-C8-A1HE	0.457142857142857
TCGA-C8-A1HE:13:36367617:C	64	32	2	1	1	TCGA-C8-A1HE	0.333333333333333
TCGA-C8-A1HE:6:52329847:G	29	18	2	1	1	TCGA-C8-A1HE	0.382978723404255
TCGA-C8-A1HE:14:23745649:G	32	20	2	1	1	TCGA-C8-A1HE	0.384615384615385
TCGA-C8-A1HE:6:159197489:G	38	25	2	1	1	TCGA-C8-A1HE	0.396825396825397
TCGA-C8-A1HE:7:92207495:C	48	29	2	1	1	TCGA-C8-A1HE	0.376623376623377
TCGA-C8-A1HE:2:234749835:G	36	25	2	1	1	TCGA-C8-A1HE	0.409836065573771
TCGA-C8-A1HE:6:161502011:C	23	11	2	1	1	TCGA-C8-A1HE	0.323529411764706
TCGA-C8-A1HE:17:59668409:G	34	27	2	1	1	TCGA-C8-A1HE	0.442622950819672
TCGA-C8-A1HE:5:167673880:C	20	15	2	1	1	TCGA-C8-A1HE	0.428571428571429
TCGA-C8-A1HE:4:39846302:C	62	23	2	1	1	TCGA-C8-A1HE	0.270588235294118
TCGA-C8-A1HE:3:178952085:A	22	25	2	1	1	TCGA-C8-A1HE	0.531914893617021
TCGA-C8-A1HE:17:71427712:G	25	7	2	1	1	TCGA-C8-A1HE	0.21875
TCGA-C8-A1HE:8:121644761:C	18	14	2	1	1	TCGA-C8-A1HE	0.4375
TCGA-C8-A1HE:7:116863013:A	25	27	2	1	1	TCGA-C8-A1HE	0.519230769230769
TCGA-C8-A1HE:19:50381800:G	24	21	2	1	1	TCGA-C8-A1HE	0.466666666666667
TCGA-C8-A1HE:19:12461860:C	61	25	2	1	1	TCGA-C8-A1HE	0.290697674418605
TCGA-C8-A1HE:19:37643456:A	36	16	2	1	1	TCGA-C8-A1HE	0.307692307692308
TCGA-C8-A1HE:21:40670464:G	35	9	2	1	1	TCGA-C8-A1HE	0.204545454545455
TCGA-C8-A1HE:2:225362533:G	71	11	2	1	1	TCGA-C8-A1HE	0.134146341463415
TCGA-C8-A1HE:3:37089169:G	51	6	2	1	1	TCGA-C8-A1HE	0.105263157894737
TCGA-C8-A1HE:7:31864536:T	37	5	2	1	1	TCGA-C8-A1HE	0.119047619047619
TCGA-C8-A1HE:1:156702141:G	38	5	2	1	2	TCGA-C8-A1HE	0.116279069767442
TCGA-C8-A1HE:2:220073995:C	27	7	2	1	1	TCGA-C8-A1HE	0.205882352941176
