mutation_id	ref_counts	var_counts	normal_cn	minor_cn	major_cn	variant_case	variant_freq
TCGA-A7-A0CH:1:230979500:A	196	60	2	1	3	TCGA-A7-A0CH	0.234375
TCGA-A7-A0CH:4:10566399:T	38	25	2	1	1	TCGA-A7-A0CH	0.396825396825397
TCGA-A7-A0CH:3:153995455:C	52	51	2	1	1	TCGA-A7-A0CH	0.495145631067961
TCGA-A7-A0CH:18:28669470:C	43	22	2	1	1	TCGA-A7-A0CH	0.338461538461538
TCGA-A7-A0CH:4:48588708:A	149	100	2	1	1	TCGA-A7-A0CH	0.401606425702811
TCGA-A7-A0CH:6:27776209:C	40	24	2	1	1	TCGA-A7-A0CH	0.375
TCGA-A7-A0CH:3:183368623:A	166	91	2	1	1	TCGA-A7-A0CH	0.35408560311284
TCGA-A7-A0CH:5:52097628:C	43	28	2	1	1	TCGA-A7-A0CH	0.394366197183099
TCGA-A7-A0CH:3:178936091:G	36	43	2	1	1	TCGA-A7-A0CH	0.544303797468354
TCGA-A7-A0CH:1:237947546:C	211	59	2	1	3	TCGA-A7-A0CH	0.218518518518519
TCGA-A7-A0CH:10:106959855:C	91	55	2	1	1	TCGA-A7-A0CH	0.376712328767123
TCGA-A7-A0CH:7:134890683:T	59	40	2	1	1	TCGA-A7-A0CH	0.404040404040404
TCGA-A7-A0CH:7:138738313:A	139	82	2	1	1	TCGA-A7-A0CH	0.3710407239819
TCGA-A7-A0CH:7:62752861:G	56	24	2	1	1	TCGA-A7-A0CH	0.3
TCGA-A7-A0CH:2:64780391:G	144	29	2	1	1	TCGA-A7-A0CH	0.167630057803468
TCGA-A7-A0CH:19:54745682:C	31	6	2	1	1	TCGA-A7-A0CH	0.162162162162162
TCGA-A7-A0CH:12:57348901:G	38	6	2	1	1	TCGA-A7-A0CH	0.136363636363636
TCGA-A7-A0CH:15:92647538:C	157	41	2	1	1	TCGA-A7-A0CH	0.207070707070707
TCGA-A7-A0CH:8:35425642:A	184	74	2	1	1	TCGA-A7-A0CH	0.286821705426357
