mutation_id	ref_counts	var_counts	normal_cn	minor_cn	major_cn	variant_case	variant_freq
TCGA-BH-A0BJ:13:39266380:T	79	41	2	0	1	TCGA-BH-A0BJ	0.341666666666667
TCGA-BH-A0BJ:11:123894588:G	196	58	2	1	1	TCGA-BH-A0BJ	0.228346456692913
TCGA-BH-A0BJ:5:110835685:T	89	38	2	1	1	TCGA-BH-A0BJ	0.299212598425197
TCGA-BH-A0BJ:6:170871052:G	35	13	2	0	1	TCGA-BH-A0BJ	0.270833333333333
TCGA-BH-A0BJ:17:46152423:C	348	44	2	1	1	TCGA-BH-A0BJ	0.112244897959184
TCGA-BH-A0BJ:1:86904570:C	199	33	2	1	1	TCGA-BH-A0BJ	0.142241379310345
TCGA-BH-A0BJ:3:3084016:T	114	21	2	0	1	TCGA-BH-A0BJ	0.155555555555556
TCGA-BH-A0BJ:10:35500300:G	73	10	2	1	1	TCGA-BH-A0BJ	0.120481927710843
TCGA-BH-A0BJ:22:26860722:C	43	12	2	0	1	TCGA-BH-A0BJ	0.218181818181818
TCGA-BH-A0BJ:3:178921553:T	104	14	2	1	1	TCGA-BH-A0BJ	0.11864406779661
TCGA-BH-A0BJ:17:47780313:T	90	15	2	1	1	TCGA-BH-A0BJ	0.142857142857143
TCGA-BH-A0BJ:11:26720081:C	161	24	2	1	1	TCGA-BH-A0BJ	0.12972972972973
