mutation_id	ref_counts	var_counts	normal_cn	minor_cn	major_cn	variant_case	variant_freq
TCGA-A2-A1FV:16:16255417:G	13	18	2	1	1	TCGA-A2-A1FV	0.580645161290323
TCGA-A2-A1FV:8:68130367:C	46	13	2	2	2	TCGA-A2-A1FV	0.220338983050847
TCGA-A2-A1FV:20:35060343:C	27	19	2	1	1	TCGA-A2-A1FV	0.41304347826087
TCGA-A2-A1FV:2:233655446:C	64	76	2	1	2	TCGA-A2-A1FV	0.542857142857143
TCGA-A2-A1FV:5:153143997:C	41	16	2	1	1	TCGA-A2-A1FV	0.280701754385965
TCGA-A2-A1FV:19:10398280:G	16	16	2	1	1	TCGA-A2-A1FV	0.5
TCGA-A2-A1FV:1:54479914:G	31	13	2	1	1	TCGA-A2-A1FV	0.295454545454545
TCGA-A2-A1FV:10:100013398:G	55	26	2	1	1	TCGA-A2-A1FV	0.320987654320988
TCGA-A2-A1FV:1:85397158:T	18	16	2	1	1	TCGA-A2-A1FV	0.470588235294118
TCGA-A2-A1FV:5:37310654:C	45	19	2	1	1	TCGA-A2-A1FV	0.296875
TCGA-A2-A1FV:1:248224884:A	29	24	2	1	1	TCGA-A2-A1FV	0.452830188679245
TCGA-A2-A1FV:9:112151535:G	24	24	2	1	2	TCGA-A2-A1FV	0.5
TCGA-A2-A1FV:17:72739280:G	35	13	2	1	1	TCGA-A2-A1FV	0.270833333333333
TCGA-A2-A1FV:20:1209137:T	16	17	2	1	1	TCGA-A2-A1FV	0.515151515151515
TCGA-A2-A1FV:9:86617623:C	88	22	2	1	2	TCGA-A2-A1FV	0.2
TCGA-A2-A1FV:15:33961576:C	36	32	2	1	1	TCGA-A2-A1FV	0.470588235294118
TCGA-A2-A1FV:17:48248012:A	20	17	2	1	1	TCGA-A2-A1FV	0.459459459459459
TCGA-A2-A1FV:6:146240555:G	48	38	2	1	1	TCGA-A2-A1FV	0.441860465116279
TCGA-A2-A1FV:3:133524816:G	33	18	2	1	1	TCGA-A2-A1FV	0.352941176470588
TCGA-A2-A1FV:2:182765477:T	47	60	2	1	2	TCGA-A2-A1FV	0.560747663551402
TCGA-A2-A1FV:9:113219551:G	51	16	2	1	2	TCGA-A2-A1FV	0.238805970149254
TCGA-A2-A1FV:6:170871052:G	35	31	2	0	2	TCGA-A2-A1FV	0.46969696969697
TCGA-A2-A1FV:9:77354721:A	23	29	2	1	2	TCGA-A2-A1FV	0.557692307692308
TCGA-A2-A1FV:17:40091966:C	37	22	2	1	1	TCGA-A2-A1FV	0.372881355932203
TCGA-A2-A1FV:8:74717957:C	121	101	2	2	2	TCGA-A2-A1FV	0.454954954954955
TCGA-A2-A1FV:12:72037937:G	139	101	2	1	1	TCGA-A2-A1FV	0.420833333333333
TCGA-A2-A1FV:5:153175111:C	71	23	2	1	1	TCGA-A2-A1FV	0.24468085106383
TCGA-A2-A1FV:17:15640806:A	27	10	2	0	1	TCGA-A2-A1FV	0.27027027027027
TCGA-A2-A1FV:6:170871004:G	40	8	2	0	2	TCGA-A2-A1FV	0.166666666666667
TCGA-A2-A1FV:6:149275038:G	93	19	2	1	1	TCGA-A2-A1FV	0.169642857142857
