mutation_id	ref_counts	var_counts	normal_cn	minor_cn	major_cn	variant_case	variant_freq
TCGA-A1-A0SP:11:119028976:C	78	81	2	0	1	TCGA-A1-A0SP	0.509433962264151
TCGA-A1-A0SP:10:97371060:A	174	135	2	0	1	TCGA-A1-A0SP	0.436893203883495
TCGA-A1-A0SP:19:580426:C	73	23	2	1	1	TCGA-A1-A0SP	0.239583333333333
TCGA-A1-A0SP:2:232653392:C	85	43	2	1	1	TCGA-A1-A0SP	0.3359375
TCGA-A1-A0SP:15:22947066:G	195	80	2	1	1	TCGA-A1-A0SP	0.290909090909091
TCGA-A1-A0SP:17:76433854:C	74	33	2	0	2	TCGA-A1-A0SP	0.308411214953271
TCGA-A1-A0SP:8:144947299:C	40	11	2	1	2	TCGA-A1-A0SP	0.215686274509804
TCGA-A1-A0SP:17:42477336:C	100	98	2	0	1	TCGA-A1-A0SP	0.494949494949495
TCGA-A1-A0SP:16:84270972:G	44	18	2	1	1	TCGA-A1-A0SP	0.290322580645161
TCGA-A1-A0SP:20:62045493:A	113	46	2	1	1	TCGA-A1-A0SP	0.289308176100629
TCGA-A1-A0SP:1:215753269:C	191	112	2	1	1	TCGA-A1-A0SP	0.36963696369637
TCGA-A1-A0SP:4:110789053:C	98	71	2	1	1	TCGA-A1-A0SP	0.420118343195266
TCGA-A1-A0SP:19:51022151:G	103	48	2	1	1	TCGA-A1-A0SP	0.317880794701987
TCGA-A1-A0SP:19:42599447:G	27	11	2	1	1	TCGA-A1-A0SP	0.289473684210526
TCGA-A1-A0SP:9:113170187:C	57	25	2	1	1	TCGA-A1-A0SP	0.304878048780488
TCGA-A1-A0SP:17:25746626:A	16	15	2	0	1	TCGA-A1-A0SP	0.483870967741935
TCGA-A1-A0SP:5:79375018:G	67	67	2	0	1	TCGA-A1-A0SP	0.5
TCGA-A1-A0SP:17:7578382:G	36	35	2	0	1	TCGA-A1-A0SP	0.492957746478873
TCGA-A1-A0SP:14:52978095:C	54	50	2	0	1	TCGA-A1-A0SP	0.480769230769231
TCGA-A1-A0SP:1:145440077:A	63	23	2	1	1	TCGA-A1-A0SP	0.267441860465116
TCGA-A1-A0SP:1:203798941:C	55	17	2	1	1	TCGA-A1-A0SP	0.236111111111111
TCGA-A1-A0SP:1:151259248:G	33	26	2	1	1	TCGA-A1-A0SP	0.440677966101695
TCGA-A1-A0SP:1:27106816:C	94	12	2	1	1	TCGA-A1-A0SP	0.113207547169811
TCGA-A1-A0SP:11:64668490:C	28	6	2	1	1	TCGA-A1-A0SP	0.176470588235294
TCGA-A1-A0SP:11:64756807:G	90	21	2	1	1	TCGA-A1-A0SP	0.189189189189189
TCGA-A1-A0SP:1:17275337:C	45	8	2	1	1	TCGA-A1-A0SP	0.150943396226415
TCGA-A1-A0SP:4:88537153:T	182	42	2	1	1	TCGA-A1-A0SP	0.1875
TCGA-A1-A0SP:7:100637074:G	154	27	2	1	1	TCGA-A1-A0SP	0.149171270718232
TCGA-A1-A0SP:10:95394645:A	113	17	2	0	1	TCGA-A1-A0SP	0.130769230769231
TCGA-A1-A0SP:2:162757469:G	85	20	2	1	1	TCGA-A1-A0SP	0.19047619047619
