mutation_id	ref_counts	var_counts	normal_cn	minor_cn	major_cn	variant_case	variant_freq
TCGA-BH-A0B8:10:127530357:A	65	43	2	1	1	TCGA-BH-A0B8	0.398148148148148
TCGA-BH-A0B8:4:83277695:T	46	117	2	0	1	TCGA-BH-A0B8	0.717791411042945
TCGA-BH-A0B8:1:248685620:G	289	174	2	1	1	TCGA-BH-A0B8	0.375809935205184
TCGA-BH-A0B8:12:121018957:C	41	21	2	1	1	TCGA-BH-A0B8	0.338709677419355
TCGA-BH-A0B8:9:79324439:A	73	184	2	0	1	TCGA-BH-A0B8	0.715953307392996
TCGA-BH-A0B8:12:64474111:C	102	69	2	1	1	TCGA-BH-A0B8	0.403508771929825
TCGA-BH-A0B8:17:40371806:G	17	15	2	1	1	TCGA-BH-A0B8	0.46875
TCGA-BH-A0B8:1:215955505:C	145	111	2	1	1	TCGA-BH-A0B8	0.43359375
TCGA-BH-A0B8:19:44834085:C	59	45	2	1	1	TCGA-BH-A0B8	0.432692307692308
TCGA-BH-A0B8:19:37879753:C	398	260	2	1	1	TCGA-BH-A0B8	0.395136778115502
TCGA-BH-A0B8:8:124693590:G	431	150	2	1	1	TCGA-BH-A0B8	0.258175559380379
TCGA-BH-A0B8:5:180420116:C	82	21	2	1	1	TCGA-BH-A0B8	0.203883495145631
TCGA-BH-A0B8:2:132289349:A	41	5	2	1	1	TCGA-BH-A0B8	0.108695652173913
TCGA-BH-A0B8:20:58520079:C	219	28	2	0	1	TCGA-BH-A0B8	0.11336032388664
TCGA-BH-A0B8:5:16675085:G	147	23	2	1	1	TCGA-BH-A0B8	0.135294117647059
TCGA-BH-A0B8:5:140167742:C	59	20	2	1	1	TCGA-BH-A0B8	0.253164556962025
TCGA-BH-A0B8:1:15987818:C	120	14	2	0	1	TCGA-BH-A0B8	0.104477611940299
TCGA-BH-A0B8:2:192700907:C	164	78	2	1	1	TCGA-BH-A0B8	0.322314049586777
TCGA-BH-A0B8:7:128852230:C	71	18	2	1	1	TCGA-BH-A0B8	0.202247191011236
TCGA-BH-A0B8:12:56750353:C	192	32	2	1	1	TCGA-BH-A0B8	0.142857142857143
TCGA-BH-A0B8:12:57499326:C	51	8	2	1	1	TCGA-BH-A0B8	0.135593220338983
TCGA-BH-A0B8:6:152652194:G	362	46	2	0	1	TCGA-BH-A0B8	0.112745098039216
