mutation_id	ref_counts	var_counts	normal_cn	minor_cn	major_cn	variant_case	variant_freq
TCGA-A8-A08S:16:16244574:T	23	28	2	3	5	TCGA-A8-A08S	0.549019607843137
TCGA-A8-A08S:6:16328427:G	24	25	2	2	4	TCGA-A8-A08S	0.510204081632653
TCGA-A8-A08S:2:200826596:G	61	27	2	2	2	TCGA-A8-A08S	0.306818181818182
TCGA-A8-A08S:20:58547144:G	115	92	2	3	3	TCGA-A8-A08S	0.444444444444444
TCGA-A8-A08S:12:58144765:T	109	42	2	2	4	TCGA-A8-A08S	0.278145695364238
TCGA-A8-A08S:8:145625003:C	25	13	2	3	7	TCGA-A8-A08S	0.342105263157895
TCGA-A8-A08S:5:137801480:G	28	11	2	0	5	TCGA-A8-A08S	0.282051282051282
TCGA-A8-A08S:2:55090940:A	40	15	2	2	2	TCGA-A8-A08S	0.272727272727273
TCGA-A8-A08S:6:30698819:C	50	15	2	2	4	TCGA-A8-A08S	0.230769230769231
TCGA-A8-A08S:17:42636265:C	20	17	2	0	5	TCGA-A8-A08S	0.459459459459459
TCGA-A8-A08S:2:158115248:G	49	37	2	2	2	TCGA-A8-A08S	0.430232558139535
TCGA-A8-A08S:19:19746227:C	47	27	2	2	2	TCGA-A8-A08S	0.364864864864865
TCGA-A8-A08S:1:202746170:C	198	51	2	2	3	TCGA-A8-A08S	0.204819277108434
TCGA-A8-A08S:5:61876059:G	6	32	2	0	5	TCGA-A8-A08S	0.842105263157895
TCGA-A8-A08S:6:29454672:C	122	34	2	2	4	TCGA-A8-A08S	0.217948717948718
TCGA-A8-A08S:17:41909250:C	26	16	2	0	5	TCGA-A8-A08S	0.380952380952381
TCGA-A8-A08S:1:11319442:C	26	58	2	0	2	TCGA-A8-A08S	0.69047619047619
TCGA-A8-A08S:3:195511959:G	45	8	2	2	3	TCGA-A8-A08S	0.150943396226415
TCGA-A8-A08S:19:55494133:T	26	5	2	2	2	TCGA-A8-A08S	0.161290322580645
TCGA-A8-A08S:18:21114479:C	60	24	2	2	2	TCGA-A8-A08S	0.285714285714286
TCGA-A8-A08S:1:179523663:C	85	47	2	2	3	TCGA-A8-A08S	0.356060606060606
TCGA-A8-A08S:3:111604184:A	43	43	2	2	3	TCGA-A8-A08S	0.5
TCGA-A8-A08S:19:16942408:G	108	18	2	2	2	TCGA-A8-A08S	0.142857142857143
TCGA-A8-A08S:14:24727530:A	43	8	2	3	5	TCGA-A8-A08S	0.156862745098039
TCGA-A8-A08S:2:99725408:C	67	21	2	2	2	TCGA-A8-A08S	0.238636363636364
TCGA-A8-A08S:19:52497121:C	54	33	2	2	2	TCGA-A8-A08S	0.379310344827586
TCGA-A8-A08S:19:22363549:G	37	31	2	2	2	TCGA-A8-A08S	0.455882352941176
TCGA-A8-A08S:19:40761100:G	89	12	2	2	2	TCGA-A8-A08S	0.118811881188119
TCGA-A8-A08S:4:36126581:C	293	200	2	2	3	TCGA-A8-A08S	0.405679513184584
TCGA-A8-A08S:11:122774779:A	46	9	2	0	2	TCGA-A8-A08S	0.163636363636364
