mutation_id	ref_counts	var_counts	normal_cn	minor_cn	major_cn	variant_case	variant_freq
TCGA-E2-A14Y:11:62297977:T	227	187	2	1	1	TCGA-E2-A14Y	0.451690821256039
TCGA-E2-A14Y:19:15511970:G	101	44	2	1	1	TCGA-E2-A14Y	0.303448275862069
TCGA-E2-A14Y:8:41582042:G	26	32	2	0	1	TCGA-E2-A14Y	0.551724137931034
TCGA-E2-A14Y:10:61946501:C	237	151	2	1	1	TCGA-E2-A14Y	0.389175257731959
TCGA-E2-A14Y:17:4621248:C	43	53	2	0	1	TCGA-E2-A14Y	0.552083333333333
TCGA-E2-A14Y:1:116933404:G	134	204	2	0	1	TCGA-E2-A14Y	0.603550295857988
TCGA-E2-A14Y:1:16950820:G	35	15	2	1	1	TCGA-E2-A14Y	0.3
TCGA-E2-A14Y:8:16961987:G	18	25	2	0	1	TCGA-E2-A14Y	0.581395348837209
TCGA-E2-A14Y:4:15964689:G	35	22	2	1	1	TCGA-E2-A14Y	0.385964912280702
TCGA-E2-A14Y:1:152278409:A	21	15	2	1	2	TCGA-E2-A14Y	0.416666666666667
TCGA-E2-A14Y:9:19096691:G	122	54	2	1	1	TCGA-E2-A14Y	0.306818181818182
TCGA-E2-A14Y:3:49159432:C	65	44	2	1	1	TCGA-E2-A14Y	0.403669724770642
TCGA-E2-A14Y:19:49014822:G	20	25	2	1	1	TCGA-E2-A14Y	0.555555555555556
TCGA-E2-A14Y:5:7889262:C	250	182	2	1	3	TCGA-E2-A14Y	0.421296296296296
TCGA-E2-A14Y:1:158436273:A	201	87	2	1	2	TCGA-E2-A14Y	0.302083333333333
TCGA-E2-A14Y:10:119078457:C	233	99	2	1	1	TCGA-E2-A14Y	0.298192771084337
TCGA-E2-A14Y:3:178952085:A	131	96	2	1	1	TCGA-E2-A14Y	0.422907488986784
TCGA-E2-A14Y:12:6426507:C	134	66	2	1	1	TCGA-E2-A14Y	0.33
TCGA-E2-A14Y:17:27296863:G	115	32	2	1	4	TCGA-E2-A14Y	0.217687074829932
TCGA-E2-A14Y:16:69294160:A	45	90	2	0	1	TCGA-E2-A14Y	0.666666666666667
TCGA-E2-A14Y:15:66629421:C	270	188	2	1	1	TCGA-E2-A14Y	0.410480349344978
TCGA-E2-A14Y:17:7578524:G	49	75	2	0	1	TCGA-E2-A14Y	0.604838709677419
TCGA-E2-A14Y:13:19751640:G	259	141	2	1	1	TCGA-E2-A14Y	0.3525
TCGA-E2-A14Y:19:38104051:G	55	40	2	1	1	TCGA-E2-A14Y	0.421052631578947
TCGA-E2-A14Y:19:11277272:C	183	71	2	1	1	TCGA-E2-A14Y	0.279527559055118
