mutation_id	ref_counts	var_counts	normal_cn	minor_cn	major_cn	variant_case	variant_freq
TCGA-A2-A0SV:17:40030163:C	45	26	2	1	1	TCGA-A2-A0SV	0.366197183098592
TCGA-A2-A0SV:20:50235558:G	17	39	2	0	2	TCGA-A2-A0SV	0.696428571428571
TCGA-A2-A0SV:19:16611796:A	49	17	2	1	1	TCGA-A2-A0SV	0.257575757575758
TCGA-A2-A0SV:18:12697393:T	91	38	2	1	1	TCGA-A2-A0SV	0.294573643410853
TCGA-A2-A0SV:12:120146063:G	64	55	2	0	1	TCGA-A2-A0SV	0.46218487394958
TCGA-A2-A0SV:11:103055626:A	169	84	2	1	1	TCGA-A2-A0SV	0.33201581027668
TCGA-A2-A0SV:5:150925419:T	43	109	2	0	2	TCGA-A2-A0SV	0.717105263157895
TCGA-A2-A0SV:11:92543074:G	55	24	2	1	1	TCGA-A2-A0SV	0.30379746835443
TCGA-A2-A0SV:7:18801793:G	39	76	2	0	2	TCGA-A2-A0SV	0.660869565217391
TCGA-A2-A0SV:17:42454377:C	48	22	2	1	1	TCGA-A2-A0SV	0.314285714285714
TCGA-A2-A0SV:10:15628600:C	143	60	2	1	1	TCGA-A2-A0SV	0.295566502463054
TCGA-A2-A0SV:7:151896496:T	33	77	2	0	2	TCGA-A2-A0SV	0.7
TCGA-A2-A0SV:9:124936830:C	107	55	2	1	1	TCGA-A2-A0SV	0.339506172839506
TCGA-A2-A0SV:22:50553671:G	33	13	2	0	2	TCGA-A2-A0SV	0.282608695652174
TCGA-A2-A0SV:11:4976683:G	34	50	2	0	1	TCGA-A2-A0SV	0.595238095238095
TCGA-A2-A0SV:5:140740551:T	38	22	2	0	2	TCGA-A2-A0SV	0.366666666666667
TCGA-A2-A0SV:17:28545941:G	71	35	2	1	1	TCGA-A2-A0SV	0.330188679245283
TCGA-A2-A0SV:4:186544158:A	32	24	2	0	1	TCGA-A2-A0SV	0.428571428571429
TCGA-A2-A0SV:16:31104727:G	32	21	2	1	1	TCGA-A2-A0SV	0.39622641509434
TCGA-A2-A0SV:17:41008381:C	45	29	2	0	1	TCGA-A2-A0SV	0.391891891891892
TCGA-A2-A0SV:1:92445220:G	85	22	2	0	1	TCGA-A2-A0SV	0.205607476635514
TCGA-A2-A0SV:8:3216673:C	24	10	2	0	1	TCGA-A2-A0SV	0.294117647058824
TCGA-A2-A0SV:9:22451646:T	61	44	2	0	1	TCGA-A2-A0SV	0.419047619047619
TCGA-A2-A0SV:12:68051820:G	93	38	2	0	1	TCGA-A2-A0SV	0.290076335877863
TCGA-A2-A0SV:3:184299398:T	38	11	2	1	1	TCGA-A2-A0SV	0.224489795918367
TCGA-A2-A0SV:5:127855061:G	53	12	2	0	2	TCGA-A2-A0SV	0.184615384615385
TCGA-A2-A0SV:11:5905807:C	82	29	2	0	1	TCGA-A2-A0SV	0.261261261261261
TCGA-A2-A0SV:12:63042385:G	81	44	2	0	1	TCGA-A2-A0SV	0.352
