mutation_id	ref_counts	var_counts	normal_cn	minor_cn	major_cn	variant_case	variant_freq
TCGA-A2-A0T1:17:42226188:C	120	24	2	0	2	TCGA-A2-A0T1	0.166666666666667
TCGA-A2-A0T1:12:2714892:C	66	8	2	1	1	TCGA-A2-A0T1	0.108108108108108
TCGA-A2-A0T1:6:27114334:C	50	10	2	1	2	TCGA-A2-A0T1	0.166666666666667
TCGA-A2-A0T1:3:148750037:A	260	104	2	1	2	TCGA-A2-A0T1	0.285714285714286
TCGA-A2-A0T1:12:120636935:A	82	17	2	1	1	TCGA-A2-A0T1	0.171717171717172
TCGA-A2-A0T1:17:7577121:G	39	9	2	0	2	TCGA-A2-A0T1	0.1875
TCGA-A2-A0T1:2:118864382:A	233	47	2	1	2	TCGA-A2-A0T1	0.167857142857143
