mutation_id	ref_counts	var_counts	normal_cn	minor_cn	major_cn	variant_case	variant_freq
TCGA-E2-A156:5:156945842:C	215	132	2	2	2	TCGA-E2-A156	0.380403458213256
TCGA-E2-A156:9:80856675:T	268	60	2	2	2	TCGA-E2-A156	0.182926829268293
TCGA-E2-A156:16:67644796:G	5	31	2	0	2	TCGA-E2-A156	0.861111111111111
TCGA-E2-A156:11:61105416:T	81	51	2	2	2	TCGA-E2-A156	0.386363636363636
TCGA-E2-A156:6:7583485:G	143	92	2	2	2	TCGA-E2-A156	0.391489361702128
TCGA-E2-A156:4:88537151:G	44	6	2	2	2	TCGA-E2-A156	0.12
TCGA-E2-A156:2:242202328:G	304	222	2	2	2	TCGA-E2-A156	0.422053231939163
TCGA-E2-A156:8:145535048:C	49	37	2	2	2	TCGA-E2-A156	0.430232558139535
TCGA-E2-A156:3:178936082:G	25	240	2	0	4	TCGA-E2-A156	0.905660377358491
TCGA-E2-A156:7:142168485:G	109	75	2	2	2	TCGA-E2-A156	0.407608695652174
TCGA-E2-A156:3:32933232:G	48	28	2	2	2	TCGA-E2-A156	0.368421052631579
TCGA-E2-A156:15:77406833:G	347	52	2	2	2	TCGA-E2-A156	0.130325814536341
TCGA-E2-A156:11:6964815:G	225	112	2	2	2	TCGA-E2-A156	0.332344213649852
