mutation_id	ref_counts	var_counts	normal_cn	minor_cn	major_cn	variant_case	variant_freq
TCGA-BH-A0HU:2:220402756:T	32	32	2	0	1	TCGA-BH-A0HU	0.5
TCGA-BH-A0HU:6:70639432:G	226	148	2	1	1	TCGA-BH-A0HU	0.39572192513369
TCGA-BH-A0HU:1:240371704:C	12	21	2	1	2	TCGA-BH-A0HU	0.636363636363636
TCGA-BH-A0HU:9:128001807:G	53	27	2	1	1	TCGA-BH-A0HU	0.3375
TCGA-BH-A0HU:6:90402292:C	60	43	2	1	1	TCGA-BH-A0HU	0.41747572815534
TCGA-BH-A0HU:11:1090919:A	28	10	2	1	1	TCGA-BH-A0HU	0.263157894736842
TCGA-BH-A0HU:9:102626006:G	142	72	2	1	1	TCGA-BH-A0HU	0.336448598130841
TCGA-BH-A0HU:1:158532693:G	170	51	2	1	2	TCGA-BH-A0HU	0.230769230769231
TCGA-BH-A0HU:5:74998503:C	168	127	2	1	1	TCGA-BH-A0HU	0.430508474576271
TCGA-BH-A0HU:14:94845800:C	77	55	2	1	1	TCGA-BH-A0HU	0.416666666666667
TCGA-BH-A0HU:9:141070909:A	23	8	2	1	1	TCGA-BH-A0HU	0.258064516129032
TCGA-BH-A0HU:19:37619086:A	128	76	2	1	1	TCGA-BH-A0HU	0.372549019607843
TCGA-BH-A0HU:19:12541421:T	174	96	2	1	1	TCGA-BH-A0HU	0.355555555555556
TCGA-BH-A0HU:2:169842673:C	193	70	2	0	1	TCGA-BH-A0HU	0.26615969581749
TCGA-BH-A0HU:15:86123003:G	40	5	2	0	1	TCGA-BH-A0HU	0.111111111111111
TCGA-BH-A0HU:2:175624061:G	51	42	2	0	1	TCGA-BH-A0HU	0.451612903225806
TCGA-BH-A0HU:4:155180776:T	110	93	2	0	1	TCGA-BH-A0HU	0.458128078817734
TCGA-BH-A0HU:2:99993052:C	329	106	2	0	1	TCGA-BH-A0HU	0.24367816091954
TCGA-BH-A0HU:1:67266829:C	263	80	2	1	2	TCGA-BH-A0HU	0.233236151603499
TCGA-BH-A0HU:1:17083888:C	30	6	2	0	1	TCGA-BH-A0HU	0.166666666666667
TCGA-BH-A0HU:1:248616883:T	173	24	2	1	2	TCGA-BH-A0HU	0.121827411167513
TCGA-BH-A0HU:9:117092701:C	58	12	2	1	1	TCGA-BH-A0HU	0.171428571428571
TCGA-BH-A0HU:12:130827144:G	69	25	2	1	1	TCGA-BH-A0HU	0.265957446808511
TCGA-BH-A0HU:2:152320145:A	35	31	2	0	1	TCGA-BH-A0HU	0.46969696969697
TCGA-BH-A0HU:17:3346557:C	48	17	2	0	1	TCGA-BH-A0HU	0.261538461538462
TCGA-BH-A0HU:19:58489891:C	300	82	2	1	1	TCGA-BH-A0HU	0.214659685863874
