mutation_id	ref_counts	var_counts	normal_cn	minor_cn	major_cn	variant_case	variant_freq
TCGA-A2-A25E:17:67190107:G	74	29	2	1	2	TCGA-A2-A25E	0.281553398058252
TCGA-A2-A25E:1:160134150:C	103	29	2	1	2	TCGA-A2-A25E	0.21969696969697
TCGA-A2-A25E:20:50238636:G	74	17	2	2	2	TCGA-A2-A25E	0.186813186813187
TCGA-A2-A25E:9:123789552:T	56	29	2	1	1	TCGA-A2-A25E	0.341176470588235
TCGA-A2-A25E:12:119966483:G	28	11	2	1	2	TCGA-A2-A25E	0.282051282051282
TCGA-A2-A25E:12:102117039:A	79	41	2	1	2	TCGA-A2-A25E	0.341666666666667
TCGA-A2-A25E:12:1517405:C	47	20	2	1	1	TCGA-A2-A25E	0.298507462686567
TCGA-A2-A25E:2:121685040:C	22	16	2	1	1	TCGA-A2-A25E	0.421052631578947
TCGA-A2-A25E:19:42744148:G	38	17	2	1	1	TCGA-A2-A25E	0.309090909090909
TCGA-A2-A25E:7:72658429:G	70	33	2	1	1	TCGA-A2-A25E	0.320388349514563
TCGA-A2-A25E:6:27776320:C	35	17	2	1	1	TCGA-A2-A25E	0.326923076923077
TCGA-A2-A25E:5:75970488:C	15	15	2	0	1	TCGA-A2-A25E	0.5
TCGA-A2-A25E:10:7773943:T	35	20	2	1	1	TCGA-A2-A25E	0.363636363636364
TCGA-A2-A25E:6:24559272:C	33	11	2	1	1	TCGA-A2-A25E	0.25
TCGA-A2-A25E:1:226426761:G	52	45	2	0	3	TCGA-A2-A25E	0.463917525773196
TCGA-A2-A25E:13:28134091:G	89	50	2	1	1	TCGA-A2-A25E	0.359712230215827
TCGA-A2-A25E:1:235891402:T	59	22	2	0	3	TCGA-A2-A25E	0.271604938271605
TCGA-A2-A25E:3:185165736:G	23	8	2	1	1	TCGA-A2-A25E	0.258064516129032
TCGA-A2-A25E:4:155719029:A	65	27	2	1	1	TCGA-A2-A25E	0.293478260869565
TCGA-A2-A25E:18:18586456:G	53	29	2	1	1	TCGA-A2-A25E	0.353658536585366
TCGA-A2-A25E:12:108920132:G	22	33	2	1	2	TCGA-A2-A25E	0.6
TCGA-A2-A25E:11:62652118:C	64	30	2	1	1	TCGA-A2-A25E	0.319148936170213
TCGA-A2-A25E:11:18723330:G	24	14	2	1	1	TCGA-A2-A25E	0.368421052631579
TCGA-A2-A25E:1:173157660:C	70	21	2	1	2	TCGA-A2-A25E	0.230769230769231
TCGA-A2-A25E:11:43411360:C	44	32	2	1	1	TCGA-A2-A25E	0.421052631578947
TCGA-A2-A25E:17:19699025:C	72	27	2	1	1	TCGA-A2-A25E	0.272727272727273
TCGA-A2-A25E:1:62905637:T	29	19	2	1	1	TCGA-A2-A25E	0.395833333333333
TCGA-A2-A25E:2:128526530:G	45	28	2	1	1	TCGA-A2-A25E	0.383561643835616
TCGA-A2-A25E:8:146157623:C	44	10	2	1	3	TCGA-A2-A25E	0.185185185185185
TCGA-A2-A25E:19:40520249:G	50	25	2	1	1	TCGA-A2-A25E	0.333333333333333
TCGA-A2-A25E:2:71012744:T	86	22	2	1	1	TCGA-A2-A25E	0.203703703703704
TCGA-A2-A25E:7:150325382:G	29	7	2	1	1	TCGA-A2-A25E	0.194444444444444
TCGA-A2-A25E:20:1435746:G	69	19	2	1	1	TCGA-A2-A25E	0.215909090909091
TCGA-A2-A25E:9:87563383:A	28	6	2	1	1	TCGA-A2-A25E	0.176470588235294
TCGA-A2-A25E:13:25058867:C	37	5	2	0	1	TCGA-A2-A25E	0.119047619047619
