mutation_id	ref_counts	var_counts	normal_cn	minor_cn	major_cn	variant_case	variant_freq
TCGA-AO-A0JI:16:65032486:C	46	95	2	0	1	TCGA-AO-A0JI	0.673758865248227
TCGA-AO-A0JI:5:43277278:G	165	106	2	1	1	TCGA-AO-A0JI	0.391143911439114
TCGA-AO-A0JI:1:247769321:C	353	250	2	1	1	TCGA-AO-A0JI	0.414593698175788
TCGA-AO-A0JI:1:248436408:C	142	82	2	1	1	TCGA-AO-A0JI	0.366071428571429
TCGA-AO-A0JI:12:29604408:C	60	32	2	1	1	TCGA-AO-A0JI	0.347826086956522
TCGA-AO-A0JI:3:64133064:C	34	40	2	1	1	TCGA-AO-A0JI	0.540540540540541
TCGA-AO-A0JI:9:72338284:A	227	118	2	1	1	TCGA-AO-A0JI	0.342028985507246
TCGA-AO-A0JI:4:72429510:T	120	84	2	1	1	TCGA-AO-A0JI	0.411764705882353
TCGA-AO-A0JI:10:121591584:C	99	36	2	1	1	TCGA-AO-A0JI	0.266666666666667
TCGA-AO-A0JI:10:75408227:G	26	5	2	1	1	TCGA-AO-A0JI	0.161290322580645
