mutation_id	ref_counts	var_counts	normal_cn	minor_cn	major_cn	variant_case	variant_freq
TCGA-E2-A15O:17:40042364:C	50	33	2	1	1	TCGA-E2-A15O	0.397590361445783
TCGA-E2-A15O:5:180377233:G	35	101	2	1	1	TCGA-E2-A15O	0.742647058823529
TCGA-E2-A15O:7:86825961:C	82	56	2	1	1	TCGA-E2-A15O	0.405797101449275
TCGA-E2-A15O:1:160261650:G	96	40	2	1	1	TCGA-E2-A15O	0.294117647058824
TCGA-E2-A15O:1:21546502:G	34	53	2	0	1	TCGA-E2-A15O	0.609195402298851
TCGA-E2-A15O:8:125047696:G	92	34	2	2	2	TCGA-E2-A15O	0.26984126984127
TCGA-E2-A15O:17:36491508:T	55	21	2	1	1	TCGA-E2-A15O	0.276315789473684
TCGA-E2-A15O:5:179044055:A	91	63	2	1	1	TCGA-E2-A15O	0.409090909090909
TCGA-E2-A15O:20:36869418:G	30	12	2	1	2	TCGA-E2-A15O	0.285714285714286
TCGA-E2-A15O:2:74762803:C	24	19	2	1	1	TCGA-E2-A15O	0.441860465116279
TCGA-E2-A15O:19:51021653:C	23	8	2	1	1	TCGA-E2-A15O	0.258064516129032
TCGA-E2-A15O:1:11188177:T	43	66	2	0	1	TCGA-E2-A15O	0.605504587155963
TCGA-E2-A15O:13:52684534:T	72	107	2	0	1	TCGA-E2-A15O	0.597765363128492
TCGA-E2-A15O:5:140182767:C	20	23	2	1	1	TCGA-E2-A15O	0.534883720930233
TCGA-E2-A15O:12:114386694:C	164	48	2	1	2	TCGA-E2-A15O	0.226415094339623
TCGA-E2-A15O:14:95053768:C	26	15	2	1	1	TCGA-E2-A15O	0.365853658536585
TCGA-E2-A15O:1:234367371:C	53	19	2	1	1	TCGA-E2-A15O	0.263888888888889
TCGA-E2-A15O:1:179310278:C	163	90	2	1	1	TCGA-E2-A15O	0.355731225296443
TCGA-E2-A15O:3:136078054:G	35	65	2	0	1	TCGA-E2-A15O	0.65
TCGA-E2-A15O:5:149773041:C	83	50	2	1	1	TCGA-E2-A15O	0.37593984962406
TCGA-E2-A15O:1:10205077:C	19	37	2	0	1	TCGA-E2-A15O	0.660714285714286
TCGA-E2-A15O:17:16691307:T	34	12	2	1	1	TCGA-E2-A15O	0.260869565217391
TCGA-E2-A15O:5:98236686:T	200	78	2	1	1	TCGA-E2-A15O	0.280575539568345
TCGA-E2-A15O:15:23685786:G	27	7	2	1	1	TCGA-E2-A15O	0.205882352941176
TCGA-E2-A15O:4:174254765:T	87	30	2	1	1	TCGA-E2-A15O	0.256410256410256
TCGA-E2-A15O:1:59042071:A	25	5	2	1	1	TCGA-E2-A15O	0.166666666666667
