mutation_id	ref_counts	var_counts	normal_cn	minor_cn	major_cn	variant_case	variant_freq
TCGA-AO-A1KT:16:4042196:T	61	19	2	1	2	TCGA-AO-A1KT	0.2375
TCGA-AO-A1KT:3:153972529:G	71	32	2	1	1	TCGA-AO-A1KT	0.310679611650485
TCGA-AO-A1KT:21:40571242:T	68	27	2	1	2	TCGA-AO-A1KT	0.284210526315789
TCGA-AO-A1KT:5:73931216:G	17	13	2	1	1	TCGA-AO-A1KT	0.433333333333333
TCGA-AO-A1KT:5:73931919:T	41	22	2	1	1	TCGA-AO-A1KT	0.349206349206349
TCGA-AO-A1KT:17:42636438:G	20	24	2	1	1	TCGA-AO-A1KT	0.545454545454545
TCGA-AO-A1KT:5:178416347:C	62	29	2	1	2	TCGA-AO-A1KT	0.318681318681319
TCGA-AO-A1KT:11:112020809:T	34	38	2	0	1	TCGA-AO-A1KT	0.527777777777778
TCGA-AO-A1KT:11:71712520:G	13	19	2	0	1	TCGA-AO-A1KT	0.59375
TCGA-AO-A1KT:19:1585126:C	16	17	2	0	1	TCGA-AO-A1KT	0.515151515151515
TCGA-AO-A1KT:12:49445333:C	29	14	2	1	1	TCGA-AO-A1KT	0.325581395348837
TCGA-AO-A1KT:8:97258550:T	143	43	2	1	4	TCGA-AO-A1KT	0.231182795698925
TCGA-AO-A1KT:12:4796146:G	82	56	2	1	1	TCGA-AO-A1KT	0.405797101449275
TCGA-AO-A1KT:19:55489137:C	49	28	2	1	1	TCGA-AO-A1KT	0.363636363636364
TCGA-AO-A1KT:2:209136284:C	125	69	2	1	1	TCGA-AO-A1KT	0.355670103092784
TCGA-AO-A1KT:22:25124287:A	154	69	2	0	2	TCGA-AO-A1KT	0.309417040358744
TCGA-AO-A1KT:8:96166631:C	49	61	2	1	4	TCGA-AO-A1KT	0.554545454545455
TCGA-AO-A1KT:22:46627967:G	93	47	2	1	1	TCGA-AO-A1KT	0.335714285714286
TCGA-AO-A1KT:5:81046829:G	47	18	2	1	1	TCGA-AO-A1KT	0.276923076923077
TCGA-AO-A1KT:9:84202743:C	33	37	2	1	1	TCGA-AO-A1KT	0.528571428571429
TCGA-AO-A1KT:4:70460341:G	109	56	2	1	1	TCGA-AO-A1KT	0.339393939393939
TCGA-AO-A1KT:16:28177893:A	39	39	2	1	2	TCGA-AO-A1KT	0.5
TCGA-AO-A1KT:8:106815010:C	74	17	2	1	4	TCGA-AO-A1KT	0.186813186813187
TCGA-AO-A1KT:3:44488743:C	43	32	2	1	1	TCGA-AO-A1KT	0.426666666666667
TCGA-AO-A1KT:4:436212:T	144	61	2	0	2	TCGA-AO-A1KT	0.297560975609756
TCGA-AO-A1KT:12:52284892:C	42	11	2	1	1	TCGA-AO-A1KT	0.207547169811321
TCGA-AO-A1KT:3:112546236:A	128	24	2	1	1	TCGA-AO-A1KT	0.157894736842105
TCGA-AO-A1KT:2:97276810:G	60	13	2	1	1	TCGA-AO-A1KT	0.178082191780822
TCGA-AO-A1KT:10:13222513:T	100	37	2	1	1	TCGA-AO-A1KT	0.27007299270073
TCGA-AO-A1KT:8:8747876:T	44	5	2	0	1	TCGA-AO-A1KT	0.102040816326531
TCGA-AO-A1KT:14:23855313:C	85	26	2	0	2	TCGA-AO-A1KT	0.234234234234234
TCGA-AO-A1KT:20:3209652:A	37	11	2	0	1	TCGA-AO-A1KT	0.229166666666667
TCGA-AO-A1KT:9:77339648:C	82	21	2	1	1	TCGA-AO-A1KT	0.203883495145631
