mutation_id	ref_counts	var_counts	normal_cn	minor_cn	major_cn	variant_case	variant_freq
TCGA-A8-A099:1:179399655:A	192	148	2	2	3	TCGA-A8-A099	0.435294117647059
TCGA-A8-A099:9:89771612:G	26	109	2	0	2	TCGA-A8-A099	0.807407407407407
TCGA-A8-A099:7:94052368:G	11	47	2	0	1	TCGA-A8-A099	0.810344827586207
TCGA-A8-A099:11:62396766:T	69	44	2	1	1	TCGA-A8-A099	0.389380530973451
TCGA-A8-A099:20:62073861:G	56	39	2	1	1	TCGA-A8-A099	0.410526315789474
TCGA-A8-A099:1:82445611:T	13	41	2	0	1	TCGA-A8-A099	0.759259259259259
TCGA-A8-A099:10:27536596:T	42	26	2	1	1	TCGA-A8-A099	0.382352941176471
TCGA-A8-A099:3:169492273:G	56	41	2	1	1	TCGA-A8-A099	0.422680412371134
TCGA-A8-A099:2:204045211:C	33	22	2	1	1	TCGA-A8-A099	0.4
TCGA-A8-A099:1:145457308:C	166	43	2	2	2	TCGA-A8-A099	0.205741626794258
TCGA-A8-A099:13:79190282:G	48	112	2	0	1	TCGA-A8-A099	0.7
TCGA-A8-A099:15:45560544:G	85	71	2	1	1	TCGA-A8-A099	0.455128205128205
TCGA-A8-A099:4:165961589:C	46	43	2	1	1	TCGA-A8-A099	0.48314606741573
TCGA-A8-A099:7:74482534:C	39	16	2	1	2	TCGA-A8-A099	0.290909090909091
TCGA-A8-A099:8:109498777:C	92	15	2	1	1	TCGA-A8-A099	0.14018691588785
TCGA-A8-A099:15:49880251:C	201	113	2	1	1	TCGA-A8-A099	0.359872611464968
TCGA-A8-A099:13:20797608:C	135	32	2	0	1	TCGA-A8-A099	0.191616766467066
