mutation_id	ref_counts	var_counts	normal_cn	minor_cn	major_cn	variant_case	variant_freq
TCGA-E9-A1N5:8:25341520:A	29	18	2	2	3	TCGA-E9-A1N5	0.382978723404255
TCGA-E9-A1N5:20:31376692:G	29	20	2	2	3	TCGA-E9-A1N5	0.408163265306122
TCGA-E9-A1N5:11:65350230:C	23	29	2	0	2	TCGA-E9-A1N5	0.557692307692308
TCGA-E9-A1N5:4:155533321:T	72	11	2	2	2	TCGA-E9-A1N5	0.132530120481928
TCGA-E9-A1N5:4:22749308:G	28	20	2	2	2	TCGA-E9-A1N5	0.416666666666667
TCGA-E9-A1N5:15:64041947:G	25	7	2	2	2	TCGA-E9-A1N5	0.21875
TCGA-E9-A1N5:5:73985157:C	47	7	2	2	2	TCGA-E9-A1N5	0.12962962962963
TCGA-E9-A1N5:15:100247006:A	26	19	2	2	2	TCGA-E9-A1N5	0.422222222222222
TCGA-E9-A1N5:3:175520852:G	37	9	2	0	4	TCGA-E9-A1N5	0.195652173913043
TCGA-E9-A1N5:1:16905718:A	28	7	2	2	2	TCGA-E9-A1N5	0.2
TCGA-E9-A1N5:7:143747698:T	41	18	2	2	2	TCGA-E9-A1N5	0.305084745762712
TCGA-E9-A1N5:3:178936082:G	21	45	2	0	4	TCGA-E9-A1N5	0.681818181818182
TCGA-E9-A1N5:1:198697545:C	42	20	2	2	2	TCGA-E9-A1N5	0.32258064516129
TCGA-E9-A1N5:20:35533890:C	76	9	2	2	3	TCGA-E9-A1N5	0.105882352941176
TCGA-E9-A1N5:12:20905442:G	40	14	2	2	2	TCGA-E9-A1N5	0.259259259259259
TCGA-E9-A1N5:17:7578271:T	23	17	2	0	2	TCGA-E9-A1N5	0.425
TCGA-E9-A1N5:6:42585066:C	38	19	2	2	2	TCGA-E9-A1N5	0.333333333333333
