mutation_id	ref_counts	var_counts	normal_cn	minor_cn	major_cn	variant_case	variant_freq
TCGA-BH-A0BF:2:144525681:C	78	19	2	1	1	TCGA-BH-A0BF	0.195876288659794
TCGA-BH-A0BF:5:60199504:T	100	19	2	1	1	TCGA-BH-A0BF	0.159663865546218
TCGA-BH-A0BF:7:5644991:C	25	6	2	1	1	TCGA-BH-A0BF	0.193548387096774
TCGA-BH-A0BF:2:239057685:G	29	9	2	1	1	TCGA-BH-A0BF	0.236842105263158
TCGA-BH-A0BF:17:38935976:G	43	14	2	0	1	TCGA-BH-A0BF	0.245614035087719
TCGA-BH-A0BF:11:95825407:C	189	45	2	1	1	TCGA-BH-A0BF	0.192307692307692
TCGA-BH-A0BF:7:91503433:C	65	18	2	1	1	TCGA-BH-A0BF	0.216867469879518
TCGA-BH-A0BF:20:42311462:G	86	42	2	1	2	TCGA-BH-A0BF	0.328125
TCGA-BH-A0BF:20:33581196:C	40	14	2	1	2	TCGA-BH-A0BF	0.259259259259259
TCGA-BH-A0BF:6:17669532:G	87	23	2	1	1	TCGA-BH-A0BF	0.209090909090909
TCGA-BH-A0BF:12:56721335:C	65	18	2	1	1	TCGA-BH-A0BF	0.216867469879518
TCGA-BH-A0BF:3:178921553:T	64	17	2	1	1	TCGA-BH-A0BF	0.209876543209877
TCGA-BH-A0BF:17:26680331:A	84	23	2	1	1	TCGA-BH-A0BF	0.214953271028037
TCGA-BH-A0BF:6:42976144:C	75	25	2	1	1	TCGA-BH-A0BF	0.25
TCGA-BH-A0BF:19:45997923:C	61	15	2	1	1	TCGA-BH-A0BF	0.197368421052632
TCGA-BH-A0BF:6:43141698:G	102	23	2	1	1	TCGA-BH-A0BF	0.184
TCGA-BH-A0BF:2:179647587:T	49	15	2	1	1	TCGA-BH-A0BF	0.234375
TCGA-BH-A0BF:19:22170078:G	184	43	2	1	1	TCGA-BH-A0BF	0.18942731277533
TCGA-BH-A0BF:6:3119540:C	36	5	2	0	1	TCGA-BH-A0BF	0.121951219512195
TCGA-BH-A0BF:15:78894311:C	258	54	2	1	1	TCGA-BH-A0BF	0.173076923076923
TCGA-BH-A0BF:7:81392029:G	272	51	2	1	1	TCGA-BH-A0BF	0.157894736842105
TCGA-BH-A0BF:1:62673212:C	97	24	2	0	1	TCGA-BH-A0BF	0.198347107438017
TCGA-BH-A0BF:1:20964471:T	71	15	2	0	1	TCGA-BH-A0BF	0.174418604651163
