mutation_id	ref_counts	var_counts	normal_cn	minor_cn	major_cn	variant_case	variant_freq
TCGA-BH-A0HI:9:130289586:G	45	30	2	1	1	TCGA-BH-A0HI	0.4
TCGA-BH-A0HI:18:44122702:G	136	70	2	1	1	TCGA-BH-A0HI	0.339805825242718
TCGA-BH-A0HI:19:12969490:G	149	55	2	1	1	TCGA-BH-A0HI	0.269607843137255
TCGA-BH-A0HI:17:56581178:C	45	24	2	1	1	TCGA-BH-A0HI	0.347826086956522
TCGA-BH-A0HI:10:69934047:C	89	47	2	1	1	TCGA-BH-A0HI	0.345588235294118
TCGA-BH-A0HI:3:178936091:G	100	38	2	1	1	TCGA-BH-A0HI	0.27536231884058
TCGA-BH-A0HI:5:98115336:C	69	25	2	1	1	TCGA-BH-A0HI	0.265957446808511
TCGA-BH-A0HI:1:237954734:T	242	101	2	1	2	TCGA-BH-A0HI	0.294460641399417
TCGA-BH-A0HI:1:151111915:G	221	53	2	1	2	TCGA-BH-A0HI	0.193430656934307
TCGA-BH-A0HI:8:92406479:C	126	42	2	1	1	TCGA-BH-A0HI	0.25
TCGA-BH-A0HI:20:46307432:C	52	23	2	1	1	TCGA-BH-A0HI	0.306666666666667
TCGA-BH-A0HI:7:142428804:G	70	32	2	1	1	TCGA-BH-A0HI	0.313725490196078
TCGA-BH-A0HI:14:92460257:C	159	87	2	1	1	TCGA-BH-A0HI	0.353658536585366
TCGA-BH-A0HI:2:145158777:C	148	60	2	1	1	TCGA-BH-A0HI	0.288461538461538
TCGA-BH-A0HI:6:27419341:C	160	78	2	1	1	TCGA-BH-A0HI	0.327731092436975
TCGA-BH-A0HI:7:100647276:C	25	6	2	0	1	TCGA-BH-A0HI	0.193548387096774
TCGA-BH-A0HI:3:97851563:T	63	8	2	1	1	TCGA-BH-A0HI	0.112676056338028
TCGA-BH-A0HI:4:658672:C	48	9	2	1	1	TCGA-BH-A0HI	0.157894736842105
TCGA-BH-A0HI:9:120474783:C	78	11	2	1	1	TCGA-BH-A0HI	0.123595505617978
TCGA-BH-A0HI:2:179427389:T	117	19	2	1	1	TCGA-BH-A0HI	0.139705882352941
TCGA-BH-A0HI:12:95645809:G	116	24	2	1	1	TCGA-BH-A0HI	0.171428571428571
