mutation_id	ref_counts	var_counts	normal_cn	minor_cn	major_cn	variant_case	variant_freq
TCGA-B6-A1KI:17:67246096:G	86	24	2	3	3	TCGA-B6-A1KI	0.218181818181818
TCGA-B6-A1KI:2:27351965:T	45	13	2	2	2	TCGA-B6-A1KI	0.224137931034483
TCGA-B6-A1KI:1:145556634:A	86	12	2	2	6	TCGA-B6-A1KI	0.122448979591837
TCGA-B6-A1KI:13:113512469:C	100	29	2	2	2	TCGA-B6-A1KI	0.224806201550388
TCGA-B6-A1KI:17:42744021:C	115	49	2	3	3	TCGA-B6-A1KI	0.298780487804878
TCGA-B6-A1KI:5:134347257:C	106	50	2	3	3	TCGA-B6-A1KI	0.320512820512821
TCGA-B6-A1KI:14:65406536:C	37	7	2	2	2	TCGA-B6-A1KI	0.159090909090909
TCGA-B6-A1KI:22:24037232:G	121	29	2	2	3	TCGA-B6-A1KI	0.193333333333333
TCGA-B6-A1KI:9:110249348:T	195	234	2	0	6	TCGA-B6-A1KI	0.545454545454545
TCGA-B6-A1KI:7:77789414:G	96	37	2	2	3	TCGA-B6-A1KI	0.278195488721804
TCGA-B6-A1KI:11:1268064:C	100	48	2	3	3	TCGA-B6-A1KI	0.324324324324324
TCGA-B6-A1KI:11:56085814:A	107	33	2	3	3	TCGA-B6-A1KI	0.235714285714286
TCGA-B6-A1KI:5:140720953:G	82	19	2	3	3	TCGA-B6-A1KI	0.188118811881188
TCGA-B6-A1KI:3:178936095:A	75	36	2	2	2	TCGA-B6-A1KI	0.324324324324324
TCGA-B6-A1KI:10:43609956:G	40	10	2	2	2	TCGA-B6-A1KI	0.2
TCGA-B6-A1KI:15:70347454:G	39	18	2	1	3	TCGA-B6-A1KI	0.315789473684211
TCGA-B6-A1KI:3:194877239:A	68	10	2	2	2	TCGA-B6-A1KI	0.128205128205128
