mutation_id	ref_counts	var_counts	normal_cn	minor_cn	major_cn	variant_case	variant_freq
TCGA-BH-A18N:19:36051382:C	75	63	2	2	2	TCGA-BH-A18N	0.456521739130435
TCGA-BH-A18N:16:19554266:C	580	70	2	2	5	TCGA-BH-A18N	0.107692307692308
TCGA-BH-A18N:17:7484092:C	62	51	2	2	2	TCGA-BH-A18N	0.451327433628319
TCGA-BH-A18N:12:122825568:A	178	148	2	2	2	TCGA-BH-A18N	0.45398773006135
TCGA-BH-A18N:13:100518497:C	44	89	2	1	3	TCGA-BH-A18N	0.669172932330827
TCGA-BH-A18N:11:68579905:G	127	39	2	1	2	TCGA-BH-A18N	0.234939759036145
TCGA-BH-A18N:11:107925435:A	39	50	2	1	2	TCGA-BH-A18N	0.561797752808989
TCGA-BH-A18N:18:50432563:C	97	66	2	2	2	TCGA-BH-A18N	0.404907975460123
TCGA-BH-A18N:2:197171902:C	124	118	2	1	2	TCGA-BH-A18N	0.487603305785124
TCGA-BH-A18N:12:68552013:A	128	112	2	2	2	TCGA-BH-A18N	0.466666666666667
TCGA-BH-A18N:7:141721528:A	92	131	2	1	2	TCGA-BH-A18N	0.587443946188341
TCGA-BH-A18N:11:19955784:A	56	66	2	1	2	TCGA-BH-A18N	0.540983606557377
TCGA-BH-A18N:2:18767558:A	153	56	2	1	2	TCGA-BH-A18N	0.267942583732057
TCGA-BH-A18N:1:2452259:T	180	63	2	1	2	TCGA-BH-A18N	0.259259259259259
TCGA-BH-A18N:5:140167950:C	46	9	2	2	3	TCGA-BH-A18N	0.163636363636364
TCGA-BH-A18N:5:140789281:C	23	15	2	2	3	TCGA-BH-A18N	0.394736842105263
TCGA-BH-A18N:17:66511561:C	98	62	2	2	2	TCGA-BH-A18N	0.3875
TCGA-BH-A18N:1:11589972:G	95	27	2	1	2	TCGA-BH-A18N	0.221311475409836
TCGA-BH-A18N:1:160720169:T	460	143	2	1	2	TCGA-BH-A18N	0.237147595356551
TCGA-BH-A18N:5:140024286:T	79	44	2	2	3	TCGA-BH-A18N	0.357723577235772
TCGA-BH-A18N:6:158922767:T	76	24	2	1	2	TCGA-BH-A18N	0.24
TCGA-BH-A18N:13:100617886:C	117	180	2	1	3	TCGA-BH-A18N	0.606060606060606
TCGA-BH-A18N:16:61689592:C	136	17	2	0	2	TCGA-BH-A18N	0.111111111111111
TCGA-BH-A18N:6:42931381:T	105	18	2	1	2	TCGA-BH-A18N	0.146341463414634
TCGA-BH-A18N:14:47389322:G	208	44	2	1	2	TCGA-BH-A18N	0.174603174603175
TCGA-BH-A18N:3:110831214:G	141	71	2	2	2	TCGA-BH-A18N	0.334905660377358
TCGA-BH-A18N:6:152804248:G	338	89	2	1	2	TCGA-BH-A18N	0.208430913348946
