mutation_id	ref_counts	var_counts	normal_cn	minor_cn	major_cn	variant_case	variant_freq
TCGA-E9-A22H:4:175897839:C	41	26	2	1	1	TCGA-E9-A22H	0.388059701492537
TCGA-E9-A22H:12:50452677:G	25	12	2	1	1	TCGA-E9-A22H	0.324324324324324
TCGA-E9-A22H:1:55331049:C	42	21	2	1	1	TCGA-E9-A22H	0.333333333333333
TCGA-E9-A22H:6:125598270:T	61	34	2	1	1	TCGA-E9-A22H	0.357894736842105
TCGA-E9-A22H:5:56161678:A	41	22	2	1	1	TCGA-E9-A22H	0.349206349206349
TCGA-E9-A22H:7:100485396:G	28	17	2	1	1	TCGA-E9-A22H	0.377777777777778
TCGA-E9-A22H:6:96990799:G	29	19	2	1	1	TCGA-E9-A22H	0.395833333333333
TCGA-E9-A22H:12:108626636:G	25	9	2	1	1	TCGA-E9-A22H	0.264705882352941
TCGA-E9-A22H:2:202141586:C	55	10	2	1	1	TCGA-E9-A22H	0.153846153846154
TCGA-E9-A22H:1:28304975:G	88	23	2	1	1	TCGA-E9-A22H	0.207207207207207
TCGA-E9-A22H:6:6182361:A	41	8	2	1	1	TCGA-E9-A22H	0.163265306122449
TCGA-E9-A22H:3:195506775:G	56	13	2	1	1	TCGA-E9-A22H	0.188405797101449
TCGA-E9-A22H:12:11546742:T	73	20	2	1	1	TCGA-E9-A22H	0.21505376344086
TCGA-E9-A22H:15:62214879:G	59	7	2	1	1	TCGA-E9-A22H	0.106060606060606
