mutation_id	ref_counts	var_counts	normal_cn	minor_cn	major_cn	variant_case	variant_freq
TCGA-A7-A0CD:5:132232866:C	179	121	2	2	2	TCGA-A7-A0CD	0.403333333333333
TCGA-A7-A0CD:20:31023224:G	59	47	2	2	2	TCGA-A7-A0CD	0.443396226415094
TCGA-A7-A0CD:1:197875018:G	112	23	2	1	4	TCGA-A7-A0CD	0.17037037037037
TCGA-A7-A0CD:7:2983933:G	13	42	2	0	2	TCGA-A7-A0CD	0.763636363636364
TCGA-A7-A0CD:3:112648015:C	337	257	2	2	2	TCGA-A7-A0CD	0.432659932659933
TCGA-A7-A0CD:20:40050464:G	73	53	2	2	2	TCGA-A7-A0CD	0.420634920634921
TCGA-A7-A0CD:17:71199175:G	46	60	2	2	4	TCGA-A7-A0CD	0.566037735849057
TCGA-A7-A0CD:5:170883698:C	19	19	2	2	2	TCGA-A7-A0CD	0.5
TCGA-A7-A0CD:12:2977870:C	90	76	2	2	2	TCGA-A7-A0CD	0.457831325301205
TCGA-A7-A0CD:7:107638937:C	22	14	2	0	2	TCGA-A7-A0CD	0.388888888888889
TCGA-A7-A0CD:1:82456779:C	65	24	2	1	2	TCGA-A7-A0CD	0.269662921348315
TCGA-A7-A0CD:17:10543517:C	33	93	2	0	2	TCGA-A7-A0CD	0.738095238095238
TCGA-A7-A0CD:5:37006526:C	60	31	2	1	4	TCGA-A7-A0CD	0.340659340659341
TCGA-A7-A0CD:11:7982638:G	110	77	2	2	2	TCGA-A7-A0CD	0.411764705882353
TCGA-A7-A0CD:17:38079470:G	74	19	2	2	4	TCGA-A7-A0CD	0.204301075268817
TCGA-A7-A0CD:17:7412461:A	3	37	2	0	2	TCGA-A7-A0CD	0.925
TCGA-A7-A0CD:11:76062581:T	199	134	2	2	2	TCGA-A7-A0CD	0.402402402402402
TCGA-A7-A0CD:17:62034875:G	12	20	2	2	4	TCGA-A7-A0CD	0.625
TCGA-A7-A0CD:7:142247224:C	90	60	2	0	2	TCGA-A7-A0CD	0.4
TCGA-A7-A0CD:7:142247229:T	89	58	2	0	2	TCGA-A7-A0CD	0.394557823129252
TCGA-A7-A0CD:15:101009639:C	98	77	2	1	2	TCGA-A7-A0CD	0.44
TCGA-A7-A0CD:19:22157191:G	308	199	2	2	2	TCGA-A7-A0CD	0.392504930966469
