mutation_id	ref_counts	var_counts	normal_cn	minor_cn	major_cn	variant_case	variant_freq
TCGA-E9-A1N8:19:19168318:C	12	21	2	1	2	TCGA-E9-A1N8	0.636363636363636
TCGA-E9-A1N8:11:61727502:A	14	20	2	1	1	TCGA-E9-A1N8	0.588235294117647
TCGA-E9-A1N8:9:36211699:C	22	10	2	1	1	TCGA-E9-A1N8	0.3125
TCGA-E9-A1N8:11:92507249:G	25	261	2	1	11	TCGA-E9-A1N8	0.912587412587413
TCGA-E9-A1N8:6:90503844:C	20	27	2	1	1	TCGA-E9-A1N8	0.574468085106383
TCGA-E9-A1N8:3:158543842:C	58	39	2	1	1	TCGA-E9-A1N8	0.402061855670103
TCGA-E9-A1N8:15:55497761:G	58	55	2	0	2	TCGA-E9-A1N8	0.486725663716814
TCGA-E9-A1N8:2:109367878:T	149	96	2	1	1	TCGA-E9-A1N8	0.391836734693878
TCGA-E9-A1N8:1:36752151:A	22	18	2	1	1	TCGA-E9-A1N8	0.45
TCGA-E9-A1N8:1:32657943:T	22	18	2	1	1	TCGA-E9-A1N8	0.45
TCGA-E9-A1N8:2:159170392:C	33	7	2	1	1	TCGA-E9-A1N8	0.175
TCGA-E9-A1N8:6:31238886:A	26	9	2	1	1	TCGA-E9-A1N8	0.257142857142857
TCGA-E9-A1N8:2:112740526:G	56	9	2	0	1	TCGA-E9-A1N8	0.138461538461538
TCGA-E9-A1N8:7:151962208:G	88	27	2	1	1	TCGA-E9-A1N8	0.234782608695652
TCGA-E9-A1N8:6:24409715:G	41	37	2	1	2	TCGA-E9-A1N8	0.474358974358974
TCGA-E9-A1N8:6:126965011:C	96	12	2	1	4	TCGA-E9-A1N8	0.111111111111111
TCGA-E9-A1N8:9:79324112:A	29	24	2	0	1	TCGA-E9-A1N8	0.452830188679245
TCGA-E9-A1N8:19:52394487:C	72	9	2	1	1	TCGA-E9-A1N8	0.111111111111111
