mutation_id	ref_counts	var_counts	normal_cn	minor_cn	major_cn	variant_case	variant_freq
TCGA-EW-A1OZ:11:44289064:G	36	7	2	1	2	TCGA-EW-A1OZ	0.162790697674419
TCGA-EW-A1OZ:4:104013865:A	29	6	2	0	3	TCGA-EW-A1OZ	0.171428571428571
TCGA-EW-A1OZ:19:4659991:T	55	12	2	1	3	TCGA-EW-A1OZ	0.17910447761194
TCGA-EW-A1OZ:19:11537373:C	28	6	2	2	3	TCGA-EW-A1OZ	0.176470588235294
TCGA-EW-A1OZ:20:57570749:G	44	10	2	3	4	TCGA-EW-A1OZ	0.185185185185185
TCGA-EW-A1OZ:6:43167709:A	13	21	2	1	4	TCGA-EW-A1OZ	0.617647058823529
TCGA-EW-A1OZ:1:197515103:G	38	7	2	1	5	TCGA-EW-A1OZ	0.155555555555556
TCGA-EW-A1OZ:8:124042882:T	14	21	2	1	6	TCGA-EW-A1OZ	0.6
TCGA-EW-A1OZ:1:55349418:T	20	13	2	1	1	TCGA-EW-A1OZ	0.393939393939394
TCGA-EW-A1OZ:2:25861883:G	42	10	2	3	3	TCGA-EW-A1OZ	0.192307692307692
TCGA-EW-A1OZ:19:8152732:C	23	15	2	2	3	TCGA-EW-A1OZ	0.394736842105263
TCGA-EW-A1OZ:7:151810418:G	37	9	2	2	4	TCGA-EW-A1OZ	0.195652173913043
TCGA-EW-A1OZ:12:42491739:A	46	20	2	2	3	TCGA-EW-A1OZ	0.303030303030303
TCGA-EW-A1OZ:10:75557625:C	84	13	2	4	16	TCGA-EW-A1OZ	0.134020618556701
TCGA-EW-A1OZ:17:18046135:G	34	6	2	0	6	TCGA-EW-A1OZ	0.15
TCGA-EW-A1OZ:19:48018149:C	24	6	2	2	2	TCGA-EW-A1OZ	0.2
TCGA-EW-A1OZ:3:179322623:T	59	7	2	4	9	TCGA-EW-A1OZ	0.106060606060606
TCGA-EW-A1OZ:14:57268782:G	42	8	2	1	5	TCGA-EW-A1OZ	0.16
TCGA-EW-A1OZ:22:31731814:C	19	20	2	3	4	TCGA-EW-A1OZ	0.512820512820513
TCGA-EW-A1OZ:10:79784451:C	114	25	2	0	18	TCGA-EW-A1OZ	0.179856115107914
TCGA-EW-A1OZ:2:153515699:G	32	13	2	1	2	TCGA-EW-A1OZ	0.288888888888889
TCGA-EW-A1OZ:20:62163955:G	21	12	2	3	4	TCGA-EW-A1OZ	0.363636363636364
TCGA-EW-A1OZ:7:158109540:C	15	18	2	2	4	TCGA-EW-A1OZ	0.545454545454545
TCGA-EW-A1OZ:20:44673645:C	42	7	2	2	7	TCGA-EW-A1OZ	0.142857142857143
TCGA-EW-A1OZ:17:78210729:C	36	8	2	1	11	TCGA-EW-A1OZ	0.181818181818182
TCGA-EW-A1OZ:2:239233967:C	47	11	2	1	3	TCGA-EW-A1OZ	0.189655172413793
TCGA-EW-A1OZ:9:119460255:C	27	6	2	3	3	TCGA-EW-A1OZ	0.181818181818182
TCGA-EW-A1OZ:17:25637155:C	181	26	2	3	20	TCGA-EW-A1OZ	0.1256038647343
TCGA-EW-A1OZ:16:3434862:G	26	5	2	3	3	TCGA-EW-A1OZ	0.161290322580645
TCGA-EW-A1OZ:19:52909856:C	60	13	2	2	3	TCGA-EW-A1OZ	0.178082191780822
TCGA-EW-A1OZ:19:53209818:G	61	15	2	2	3	TCGA-EW-A1OZ	0.197368421052632
