mutation_id	ref_counts	var_counts	normal_cn	minor_cn	major_cn	variant_case	variant_freq
TCGA-A2-A25C:6:131602771:G	18	16	2	0	1	TCGA-A2-A25C	0.470588235294118
TCGA-A2-A25C:3:148930428:C	37	22	2	1	1	TCGA-A2-A25C	0.372881355932203
TCGA-A2-A25C:6:74229730:T	31	13	2	1	2	TCGA-A2-A25C	0.295454545454545
TCGA-A2-A25C:1:225707102:C	94	39	2	1	2	TCGA-A2-A25C	0.293233082706767
TCGA-A2-A25C:1:185962313:G	104	26	2	1	2	TCGA-A2-A25C	0.2
TCGA-A2-A25C:14:90650606:G	40	8	2	1	2	TCGA-A2-A25C	0.166666666666667
TCGA-A2-A25C:7:141365078:G	25	14	2	1	1	TCGA-A2-A25C	0.358974358974359
TCGA-A2-A25C:6:131921249:G	13	17	2	0	1	TCGA-A2-A25C	0.566666666666667
TCGA-A2-A25C:9:125240172:A	35	14	2	1	1	TCGA-A2-A25C	0.285714285714286
TCGA-A2-A25C:14:71445273:C	35	6	2	1	2	TCGA-A2-A25C	0.146341463414634
TCGA-A2-A25C:3:178952085:A	23	16	2	1	1	TCGA-A2-A25C	0.41025641025641
TCGA-A2-A25C:7:132169630:T	23	7	2	1	1	TCGA-A2-A25C	0.233333333333333
TCGA-A2-A25C:13:26788550:C	28	24	2	1	2	TCGA-A2-A25C	0.461538461538462
TCGA-A2-A25C:2:179446724:G	31	17	2	1	1	TCGA-A2-A25C	0.354166666666667
TCGA-A2-A25C:4:166403460:C	40	18	2	0	1	TCGA-A2-A25C	0.310344827586207
TCGA-A2-A25C:5:94289001:T	66	18	2	1	1	TCGA-A2-A25C	0.214285714285714
TCGA-A2-A25C:11:124440230:G	37	9	2	0	1	TCGA-A2-A25C	0.195652173913043
