mutation_id	ref_counts	var_counts	normal_cn	minor_cn	major_cn	variant_case	variant_freq
TCGA-BH-A0C1:2:234201936:G	124	133	2	1	2	TCGA-BH-A0C1	0.517509727626459
TCGA-BH-A0C1:1:65120486:G	126	110	2	0	2	TCGA-BH-A0C1	0.466101694915254
TCGA-BH-A0C1:1:10714168:T	89	72	2	0	2	TCGA-BH-A0C1	0.447204968944099
TCGA-BH-A0C1:10:105801282:G	70	13	2	1	2	TCGA-BH-A0C1	0.156626506024096
TCGA-BH-A0C1:8:144662795:C	86	49	2	1	2	TCGA-BH-A0C1	0.362962962962963
TCGA-BH-A0C1:17:37881000:G	77	46	2	1	2	TCGA-BH-A0C1	0.373983739837398
TCGA-BH-A0C1:10:5945053:G	108	23	2	1	1	TCGA-BH-A0C1	0.175572519083969
TCGA-BH-A0C1:7:43484146:G	35	15	2	2	2	TCGA-BH-A0C1	0.3
TCGA-BH-A0C1:1:149858180:G	231	348	2	2	6	TCGA-BH-A0C1	0.601036269430052
TCGA-BH-A0C1:9:95027830:T	267	66	2	1	2	TCGA-BH-A0C1	0.198198198198198
TCGA-BH-A0C1:5:109183450:C	260	107	2	2	2	TCGA-BH-A0C1	0.291553133514986
TCGA-BH-A0C1:11:55418854:G	159	96	2	1	2	TCGA-BH-A0C1	0.376470588235294
TCGA-BH-A0C1:21:47836277:G	131	23	2	1	2	TCGA-BH-A0C1	0.149350649350649
TCGA-BH-A0C1:1:53537273:C	56	15	2	0	2	TCGA-BH-A0C1	0.211267605633803
TCGA-BH-A0C1:4:148575485:T	213	113	2	1	1	TCGA-BH-A0C1	0.346625766871166
TCGA-BH-A0C1:21:36252958:C	168	85	2	2	2	TCGA-BH-A0C1	0.33596837944664
TCGA-BH-A0C1:3:47467065:G	58	11	2	1	2	TCGA-BH-A0C1	0.159420289855072
TCGA-BH-A0C1:16:46695632:C	99	35	2	0	2	TCGA-BH-A0C1	0.261194029850746
TCGA-BH-A0C1:6:31741200:C	101	61	2	1	2	TCGA-BH-A0C1	0.376543209876543
TCGA-BH-A0C1:11:102100570:C	236	49	2	1	2	TCGA-BH-A0C1	0.171929824561404
TCGA-BH-A0C1:10:27436575:G	172	116	2	1	2	TCGA-BH-A0C1	0.402777777777778
TCGA-BH-A0C1:19:52569331:A	273	48	2	2	2	TCGA-BH-A0C1	0.149532710280374
TCGA-BH-A0C1:3:105397361:G	229	39	2	1	1	TCGA-BH-A0C1	0.145522388059701
TCGA-BH-A0C1:7:6541690:C	99	14	2	1	2	TCGA-BH-A0C1	0.123893805309735
TCGA-BH-A0C1:12:45567613:C	439	60	2	2	2	TCGA-BH-A0C1	0.120240480961924
TCGA-BH-A0C1:16:67190466:G	47	10	2	0	1	TCGA-BH-A0C1	0.175438596491228
