mutation_id	ref_counts	var_counts	normal_cn	minor_cn	major_cn	variant_case	variant_freq
TCGA-AQ-A1H3:15:74032293:T	17	15	2	1	1	TCGA-AQ-A1H3	0.46875
TCGA-AQ-A1H3:19:51729330:C	33	24	2	1	1	TCGA-AQ-A1H3	0.421052631578947
TCGA-AQ-A1H3:12:6702279:C	44	28	2	1	1	TCGA-AQ-A1H3	0.388888888888889
TCGA-AQ-A1H3:9:43822704:G	56	14	2	1	3	TCGA-AQ-A1H3	0.2
TCGA-AQ-A1H3:3:48630811:C	29	12	2	1	1	TCGA-AQ-A1H3	0.292682926829268
TCGA-AQ-A1H3:15:45388167:G	27	23	2	0	2	TCGA-AQ-A1H3	0.46
TCGA-AQ-A1H3:8:28595120:C	98	59	2	1	2	TCGA-AQ-A1H3	0.375796178343949
TCGA-AQ-A1H3:8:38314914:T	56	17	2	1	2	TCGA-AQ-A1H3	0.232876712328767
TCGA-AQ-A1H3:14:73976100:G	58	28	2	1	1	TCGA-AQ-A1H3	0.325581395348837
TCGA-AQ-A1H3:2:141081609:T	53	22	2	1	1	TCGA-AQ-A1H3	0.293333333333333
TCGA-AQ-A1H3:3:168802736:C	55	27	2	1	1	TCGA-AQ-A1H3	0.329268292682927
TCGA-AQ-A1H3:7:100637074:G	99	28	2	1	2	TCGA-AQ-A1H3	0.220472440944882
TCGA-AQ-A1H3:1:61848997:G	55	21	2	1	1	TCGA-AQ-A1H3	0.276315789473684
TCGA-AQ-A1H3:7:4900824:C	156	104	2	1	2	TCGA-AQ-A1H3	0.4
TCGA-AQ-A1H3:5:140180885:G	39	19	2	1	1	TCGA-AQ-A1H3	0.327586206896552
TCGA-AQ-A1H3:5:140725928:G	96	33	2	1	1	TCGA-AQ-A1H3	0.255813953488372
TCGA-AQ-A1H3:8:53596281:T	22	9	2	1	2	TCGA-AQ-A1H3	0.290322580645161
TCGA-AQ-A1H3:14:60976319:G	25	18	2	1	1	TCGA-AQ-A1H3	0.418604651162791
TCGA-AQ-A1H3:2:27598768:G	22	11	2	1	1	TCGA-AQ-A1H3	0.333333333333333
TCGA-AQ-A1H3:12:111085646:A	57	25	2	1	1	TCGA-AQ-A1H3	0.304878048780488
TCGA-AQ-A1H3:1:11982841:T	51	10	2	1	1	TCGA-AQ-A1H3	0.163934426229508
