mutation_id	ref_counts	var_counts	normal_cn	minor_cn	major_cn	variant_case	variant_freq
TCGA-BH-A1EU:8:67356944:C	344	128	2	1	1	TCGA-BH-A1EU	0.271186440677966
TCGA-BH-A1EU:5:76358903:T	235	73	2	1	2	TCGA-BH-A1EU	0.237012987012987
TCGA-BH-A1EU:7:99700554:C	141	55	2	1	1	TCGA-BH-A1EU	0.280612244897959
TCGA-BH-A1EU:2:27460602:C	50	18	2	0	1	TCGA-BH-A1EU	0.264705882352941
TCGA-BH-A1EU:1:152276139:C	509	134	2	1	2	TCGA-BH-A1EU	0.208398133748056
TCGA-BH-A1EU:11:120833362:C	79	21	2	0	1	TCGA-BH-A1EU	0.21
TCGA-BH-A1EU:3:160283041:T	142	44	2	1	1	TCGA-BH-A1EU	0.236559139784946
TCGA-BH-A1EU:21:44182234:A	85	32	2	1	1	TCGA-BH-A1EU	0.273504273504274
TCGA-BH-A1EU:3:178952085:A	194	78	2	1	1	TCGA-BH-A1EU	0.286764705882353
TCGA-BH-A1EU:8:26365461:G	105	25	2	1	1	TCGA-BH-A1EU	0.192307692307692
TCGA-BH-A1EU:11:89018003:C	181	66	2	1	1	TCGA-BH-A1EU	0.267206477732794
TCGA-BH-A1EU:4:123156157:G	133	26	2	0	1	TCGA-BH-A1EU	0.163522012578616
TCGA-BH-A1EU:4:128854182:A	371	48	2	0	1	TCGA-BH-A1EU	0.114558472553699
TCGA-BH-A1EU:4:102117231:A	348	54	2	0	1	TCGA-BH-A1EU	0.134328358208955
