mutation_id	ref_counts	var_counts	normal_cn	minor_cn	major_cn	variant_case	variant_freq
TCGA-D8-A27R:7:91641818:C	49	10	2	1	1	TCGA-D8-A27R	0.169491525423729
TCGA-D8-A27R:2:96581796:G	153	22	2	2	2	TCGA-D8-A27R	0.125714285714286
TCGA-D8-A27R:19:41743948:C	21	17	2	1	2	TCGA-D8-A27R	0.447368421052632
TCGA-D8-A27R:15:45884474:C	57	15	2	1	2	TCGA-D8-A27R	0.208333333333333
TCGA-D8-A27R:5:40853931:C	28	6	2	0	1	TCGA-D8-A27R	0.176470588235294
TCGA-D8-A27R:11:67132963:C	35	7	2	0	4	TCGA-D8-A27R	0.166666666666667
TCGA-D8-A27R:1:220170582:C	84	15	2	2	2	TCGA-D8-A27R	0.151515151515152
TCGA-D8-A27R:14:39870722:C	45	21	2	1	2	TCGA-D8-A27R	0.318181818181818
TCGA-D8-A27R:6:78172317:G	26	9	2	1	2	TCGA-D8-A27R	0.257142857142857
TCGA-D8-A27R:2:191236038:A	36	7	2	1	1	TCGA-D8-A27R	0.162790697674419
TCGA-D8-A27R:4:123254965:G	37	19	2	1	2	TCGA-D8-A27R	0.339285714285714
TCGA-D8-A27R:18:48190626:G	22	8	2	1	1	TCGA-D8-A27R	0.266666666666667
TCGA-D8-A27R:22:50563962:C	87	18	2	1	1	TCGA-D8-A27R	0.171428571428571
TCGA-D8-A27R:5:140348477:T	19	13	2	1	1	TCGA-D8-A27R	0.40625
TCGA-D8-A27R:11:64030194:G	26	8	2	0	1	TCGA-D8-A27R	0.235294117647059
TCGA-D8-A27R:17:27822641:G	59	8	2	1	2	TCGA-D8-A27R	0.119402985074627
TCGA-D8-A27R:4:166999053:A	33	8	2	1	2	TCGA-D8-A27R	0.195121951219512
TCGA-D8-A27R:10:61028447:G	59	8	2	1	1	TCGA-D8-A27R	0.119402985074627
TCGA-D8-A27R:10:882385:G	130	51	2	1	2	TCGA-D8-A27R	0.281767955801105
