mutation_id	ref_counts	var_counts	normal_cn	minor_cn	major_cn	variant_case	variant_freq
TCGA-A7-A13F:7:150741305:G	93	20	2	2	2	TCGA-A7-A13F	0.176991150442478
TCGA-A7-A13F:2:24092569:C	358	112	2	1	2	TCGA-A7-A13F	0.238297872340426
TCGA-A7-A13F:12:56992725:C	69	41	2	2	2	TCGA-A7-A13F	0.372727272727273
TCGA-A7-A13F:2:32822992:G	93	89	2	1	2	TCGA-A7-A13F	0.489010989010989
TCGA-A7-A13F:17:80369359:T	61	19	2	2	3	TCGA-A7-A13F	0.2375
TCGA-A7-A13F:17:3776749:T	99	21	2	0	3	TCGA-A7-A13F	0.175
TCGA-A7-A13F:17:14139888:C	36	7	2	0	3	TCGA-A7-A13F	0.162790697674419
TCGA-A7-A13F:19:54650352:G	128	36	2	2	2	TCGA-A7-A13F	0.219512195121951
TCGA-A7-A13F:19:32968544:G	122	38	2	2	2	TCGA-A7-A13F	0.2375
TCGA-A7-A13F:4:88535329:T	242	68	2	1	2	TCGA-A7-A13F	0.219354838709677
TCGA-A7-A13F:6:116879271:T	56	89	2	0	2	TCGA-A7-A13F	0.613793103448276
TCGA-A7-A13F:17:4837763:C	21	46	2	0	3	TCGA-A7-A13F	0.686567164179104
TCGA-A7-A13F:10:103588945:C	44	18	2	1	2	TCGA-A7-A13F	0.290322580645161
TCGA-A7-A13F:17:39296423:C	76	21	2	2	3	TCGA-A7-A13F	0.216494845360825
TCGA-A7-A13F:14:74975371:G	22	13	2	0	2	TCGA-A7-A13F	0.371428571428571
TCGA-A7-A13F:11:1101090:G	68	14	2	1	2	TCGA-A7-A13F	0.170731707317073
TCGA-A7-A13F:1:228506585:T	27	5	2	2	4	TCGA-A7-A13F	0.15625
TCGA-A7-A13F:11:56185039:C	118	111	2	1	2	TCGA-A7-A13F	0.48471615720524
TCGA-A7-A13F:8:77895909:C	143	26	2	2	3	TCGA-A7-A13F	0.153846153846154
TCGA-A7-A13F:2:46070194:C	300	96	2	1	2	TCGA-A7-A13F	0.242424242424242
TCGA-A7-A13F:14:21796707:A	41	111	2	0	2	TCGA-A7-A13F	0.730263157894737
TCGA-A7-A13F:17:18221324:G	77	35	2	0	3	TCGA-A7-A13F	0.3125
TCGA-A7-A13F:20:48604456:C	83	34	2	1	2	TCGA-A7-A13F	0.290598290598291
TCGA-A7-A13F:6:10410138:A	37	9	2	2	2	TCGA-A7-A13F	0.195652173913043
TCGA-A7-A13F:3:142503607:G	196	142	2	2	2	TCGA-A7-A13F	0.420118343195266
TCGA-A7-A13F:19:6833625:G	303	80	2	2	2	TCGA-A7-A13F	0.2088772845953
TCGA-A7-A13F:2:135745195:G	152	41	2	1	2	TCGA-A7-A13F	0.212435233160622
TCGA-A7-A13F:1:162743378:G	130	126	2	2	4	TCGA-A7-A13F	0.4921875
