mutation_id	ref_counts	var_counts	normal_cn	minor_cn	major_cn	variant_case	variant_freq
TCGA-EW-A1P5:8:39695678:G	65	10	2	2	2	TCGA-EW-A1P5	0.133333333333333
TCGA-EW-A1P5:3:35833914:C	33	15	2	1	2	TCGA-EW-A1P5	0.3125
TCGA-EW-A1P5:12:4874615:G	43	8	2	1	2	TCGA-EW-A1P5	0.156862745098039
TCGA-EW-A1P5:2:30457271:C	34	12	2	1	2	TCGA-EW-A1P5	0.260869565217391
TCGA-EW-A1P5:2:1926290:C	20	17	2	1	2	TCGA-EW-A1P5	0.459459459459459
TCGA-EW-A1P5:11:4703421:G	20	16	2	2	2	TCGA-EW-A1P5	0.444444444444444
TCGA-EW-A1P5:17:25752519:C	31	6	2	2	3	TCGA-EW-A1P5	0.162162162162162
