mutation_id	ref_counts	var_counts	normal_cn	minor_cn	major_cn	variant_case	variant_freq
TCGA-A8-A08I:3:183685546:C	249	239	2	1	2	TCGA-A8-A08I	0.489754098360656
TCGA-A8-A08I:11:111753281:G	49	14	2	0	2	TCGA-A8-A08I	0.222222222222222
TCGA-A8-A08I:6:151859360:G	1213	827	2	2	15	TCGA-A8-A08I	0.405392156862745
TCGA-A8-A08I:3:57616502:A	151	47	2	1	2	TCGA-A8-A08I	0.237373737373737
TCGA-A8-A08I:15:48719825:C	87	35	2	0	2	TCGA-A8-A08I	0.286885245901639
TCGA-A8-A08I:3:99569408:T	776	225	2	1	2	TCGA-A8-A08I	0.224775224775225
TCGA-A8-A08I:13:92408591:A	573	133	2	1	5	TCGA-A8-A08I	0.188385269121813
TCGA-A8-A08I:6:25726475:A	198	57	2	2	3	TCGA-A8-A08I	0.223529411764706
TCGA-A8-A08I:2:89278193:T	139	166	2	1	2	TCGA-A8-A08I	0.544262295081967
TCGA-A8-A08I:3:67053690:C	143	40	2	1	2	TCGA-A8-A08I	0.218579234972678
TCGA-A8-A08I:1:114191882:G	133	49	2	1	1	TCGA-A8-A08I	0.269230769230769
TCGA-A8-A08I:13:29600553:C	121	75	2	1	1	TCGA-A8-A08I	0.38265306122449
TCGA-A8-A08I:14:75584015:T	168	31	2	2	2	TCGA-A8-A08I	0.155778894472362
TCGA-A8-A08I:19:38976819:C	139	37	2	2	3	TCGA-A8-A08I	0.210227272727273
TCGA-A8-A08I:3:38739525:G	316	86	2	1	2	TCGA-A8-A08I	0.213930348258706
TCGA-A8-A08I:2:166152440:G	112	41	2	0	2	TCGA-A8-A08I	0.26797385620915
TCGA-A8-A08I:2:110301779:A	36	12	2	0	2	TCGA-A8-A08I	0.25
TCGA-A8-A08I:13:31195310:G	77	36	2	1	1	TCGA-A8-A08I	0.31858407079646
TCGA-A8-A08I:1:160144375:G	102	19	2	1	2	TCGA-A8-A08I	0.15702479338843
TCGA-A8-A08I:21:43321826:C	54	7	2	1	1	TCGA-A8-A08I	0.114754098360656
TCGA-A8-A08I:9:18928791:C	137	42	2	0	2	TCGA-A8-A08I	0.23463687150838
TCGA-A8-A08I:13:21172876:G	129	28	2	1	2	TCGA-A8-A08I	0.178343949044586
TCGA-A8-A08I:10:115661613:A	231	81	2	1	1	TCGA-A8-A08I	0.259615384615385
TCGA-A8-A08I:10:55782835:G	183	52	2	1	1	TCGA-A8-A08I	0.221276595744681
TCGA-A8-A08I:17:7578442:T	26	39	2	0	3	TCGA-A8-A08I	0.6
TCGA-A8-A08I:4:100479258:C	60	17	2	0	2	TCGA-A8-A08I	0.220779220779221
