mutation_id	ref_counts	var_counts	normal_cn	minor_cn	major_cn	variant_case	variant_freq
TCGA-BH-A0DH:7:70252221:G	30	20	2	1	1	TCGA-BH-A0DH	0.4
TCGA-BH-A0DH:2:182438569:G	112	67	2	1	1	TCGA-BH-A0DH	0.374301675977654
TCGA-BH-A0DH:16:67645922:C	28	37	2	0	1	TCGA-BH-A0DH	0.569230769230769
TCGA-BH-A0DH:4:126239428:C	49	23	2	1	1	TCGA-BH-A0DH	0.319444444444444
TCGA-BH-A0DH:1:186072719:G	56	29	2	1	1	TCGA-BH-A0DH	0.341176470588235
TCGA-BH-A0DH:17:37074895:A	34	18	2	1	1	TCGA-BH-A0DH	0.346153846153846
TCGA-BH-A0DH:9:36651752:G	99	54	2	1	1	TCGA-BH-A0DH	0.352941176470588
TCGA-BH-A0DH:1:167889845:C	44	33	2	1	1	TCGA-BH-A0DH	0.428571428571429
TCGA-BH-A0DH:9:131256860:G	39	20	2	1	1	TCGA-BH-A0DH	0.338983050847458
TCGA-BH-A0DH:20:39796490:A	63	38	2	1	1	TCGA-BH-A0DH	0.376237623762376
TCGA-BH-A0DH:22:50720382:G	17	13	2	0	1	TCGA-BH-A0DH	0.433333333333333
TCGA-BH-A0DH:2:120702704:A	50	37	2	1	1	TCGA-BH-A0DH	0.425287356321839
TCGA-BH-A0DH:2:120702705:A	50	38	2	1	1	TCGA-BH-A0DH	0.431818181818182
TCGA-BH-A0DH:1:46738424:T	117	57	2	1	1	TCGA-BH-A0DH	0.327586206896552
TCGA-BH-A0DH:11:64497587:C	15	16	2	1	1	TCGA-BH-A0DH	0.516129032258065
TCGA-BH-A0DH:10:75527697:G	61	37	2	1	1	TCGA-BH-A0DH	0.377551020408163
TCGA-BH-A0DH:5:140023514:G	96	64	2	1	1	TCGA-BH-A0DH	0.4
TCGA-BH-A0DH:2:170897490:G	50	30	2	1	1	TCGA-BH-A0DH	0.375
TCGA-BH-A0DH:17:11597194:A	59	21	2	1	1	TCGA-BH-A0DH	0.2625
TCGA-BH-A0DH:20:29632643:T	67	10	2	1	1	TCGA-BH-A0DH	0.12987012987013
TCGA-BH-A0DH:4:1838164:A	78	31	2	1	1	TCGA-BH-A0DH	0.284403669724771
TCGA-BH-A0DH:6:161015051:G	71	55	2	0	1	TCGA-BH-A0DH	0.436507936507937
TCGA-BH-A0DH:7:100646235:G	98	15	2	1	1	TCGA-BH-A0DH	0.132743362831858
TCGA-BH-A0DH:7:100661916:G	42	9	2	1	1	TCGA-BH-A0DH	0.176470588235294
TCGA-BH-A0DH:3:195506117:G	64	24	2	1	1	TCGA-BH-A0DH	0.272727272727273
TCGA-BH-A0DH:3:195513168:A	714	104	2	1	1	TCGA-BH-A0DH	0.127139364303178
TCGA-BH-A0DH:6:111697571:C	42	6	2	0	1	TCGA-BH-A0DH	0.125
TCGA-BH-A0DH:20:47736592:T	54	19	2	1	1	TCGA-BH-A0DH	0.26027397260274
TCGA-BH-A0DH:17:80878479:G	175	67	2	1	1	TCGA-BH-A0DH	0.276859504132231
