mutation_id	ref_counts	var_counts	normal_cn	minor_cn	major_cn	variant_case	variant_freq
TCGA-AR-A2LR:12:2800273:G	25	18	2	1	2	TCGA-AR-A2LR	0.418604651162791
TCGA-AR-A2LR:22:39996592:T	48	28	2	0	3	TCGA-AR-A2LR	0.368421052631579
TCGA-AR-A2LR:1:93671144:T	24	13	2	1	2	TCGA-AR-A2LR	0.351351351351351
TCGA-AR-A2LR:2:113343586:G	24	14	2	0	2	TCGA-AR-A2LR	0.368421052631579
TCGA-AR-A2LR:11:46804907:C	41	18	2	1	2	TCGA-AR-A2LR	0.305084745762712
TCGA-AR-A2LR:7:141631601:G	42	15	2	1	2	TCGA-AR-A2LR	0.263157894736842
TCGA-AR-A2LR:7:51095731:G	9	33	2	0	2	TCGA-AR-A2LR	0.785714285714286
TCGA-AR-A2LR:7:55211097:G	29	13	2	1	2	TCGA-AR-A2LR	0.30952380952381
TCGA-AR-A2LR:5:96244775:A	19	12	2	0	2	TCGA-AR-A2LR	0.387096774193548
TCGA-AR-A2LR:22:39024855:A	33	15	2	0	3	TCGA-AR-A2LR	0.3125
TCGA-AR-A2LR:1:213046085:G	54	12	2	1	2	TCGA-AR-A2LR	0.181818181818182
TCGA-AR-A2LR:6:102266342:T	70	17	2	1	2	TCGA-AR-A2LR	0.195402298850575
TCGA-AR-A2LR:14:106805627:G	82	31	2	0	3	TCGA-AR-A2LR	0.274336283185841
TCGA-AR-A2LR:17:48156481:G	4	34	2	0	2	TCGA-AR-A2LR	0.894736842105263
TCGA-AR-A2LR:8:110984916:G	66	41	2	2	2	TCGA-AR-A2LR	0.383177570093458
TCGA-AR-A2LR:9:115408031:C	38	10	2	0	4	TCGA-AR-A2LR	0.208333333333333
TCGA-AR-A2LR:15:75652054:G	30	9	2	0	3	TCGA-AR-A2LR	0.230769230769231
TCGA-AR-A2LR:4:103556107:C	31	17	2	1	2	TCGA-AR-A2LR	0.354166666666667
TCGA-AR-A2LR:19:46087903:A	24	9	2	1	2	TCGA-AR-A2LR	0.272727272727273
TCGA-AR-A2LR:11:5443794:G	46	18	2	1	2	TCGA-AR-A2LR	0.28125
TCGA-AR-A2LR:3:48802461:C	21	10	2	1	1	TCGA-AR-A2LR	0.32258064516129
TCGA-AR-A2LR:1:28477350:C	42	11	2	1	2	TCGA-AR-A2LR	0.207547169811321
TCGA-AR-A2LR:8:53586674:C	68	21	2	1	2	TCGA-AR-A2LR	0.235955056179775
TCGA-AR-A2LR:8:53586675:A	69	21	2	1	2	TCGA-AR-A2LR	0.233333333333333
TCGA-AR-A2LR:7:5330800:C	21	9	2	0	2	TCGA-AR-A2LR	0.3
TCGA-AR-A2LR:8:51363130:C	92	40	2	1	14	TCGA-AR-A2LR	0.303030303030303
TCGA-AR-A2LR:5:14358322:G	19	13	2	2	2	TCGA-AR-A2LR	0.40625
TCGA-AR-A2LR:16:20565132:G	20	12	2	0	1	TCGA-AR-A2LR	0.375
TCGA-AR-A2LR:22:20458076:C	84	19	2	0	3	TCGA-AR-A2LR	0.184466019417476
TCGA-AR-A2LR:3:113164162:C	42	8	2	1	2	TCGA-AR-A2LR	0.16
