mutation_id	ref_counts	var_counts	normal_cn	minor_cn	major_cn	variant_case	variant_freq
TCGA-D8-A27L:4:114158316:C	53	10	2	0	2	TCGA-D8-A27L	0.158730158730159
TCGA-D8-A27L:5:31545752:G	159	49	2	1	1	TCGA-D8-A27L	0.235576923076923
TCGA-D8-A27L:2:27447710:A	76	22	2	1	1	TCGA-D8-A27L	0.224489795918367
TCGA-D8-A27L:3:71021818:G	286	85	2	1	1	TCGA-D8-A27L	0.22911051212938
TCGA-D8-A27L:18:19088425:C	50	8	2	1	1	TCGA-D8-A27L	0.137931034482759
TCGA-D8-A27L:2:97268573:G	68	14	2	1	1	TCGA-D8-A27L	0.170731707317073
TCGA-D8-A27L:16:31141789:C	30	13	2	1	2	TCGA-D8-A27L	0.302325581395349
TCGA-D8-A27L:2:86709187:G	165	41	2	1	1	TCGA-D8-A27L	0.199029126213592
TCGA-D8-A27L:3:194080618:G	55	16	2	1	1	TCGA-D8-A27L	0.225352112676056
TCGA-D8-A27L:3:194080750:C	44	7	2	1	1	TCGA-D8-A27L	0.137254901960784
TCGA-D8-A27L:3:186953790:G	51	17	2	1	1	TCGA-D8-A27L	0.25
TCGA-D8-A27L:7:141785701:C	26	13	2	1	1	TCGA-D8-A27L	0.333333333333333
TCGA-D8-A27L:11:63764394:T	32	9	2	1	1	TCGA-D8-A27L	0.219512195121951
TCGA-D8-A27L:5:140788421:G	26	9	2	1	1	TCGA-D8-A27L	0.257142857142857
TCGA-D8-A27L:3:178936091:G	63	25	2	1	1	TCGA-D8-A27L	0.284090909090909
TCGA-D8-A27L:1:8426006:C	44	8	2	1	1	TCGA-D8-A27L	0.153846153846154
TCGA-D8-A27L:16:723516:C	34	17	2	1	4	TCGA-D8-A27L	0.333333333333333
TCGA-D8-A27L:20:42195054:G	90	26	2	1	2	TCGA-D8-A27L	0.224137931034483
TCGA-D8-A27L:9:114290002:G	79	28	2	1	1	TCGA-D8-A27L	0.261682242990654
TCGA-D8-A27L:3:28381965:G	135	15	2	1	1	TCGA-D8-A27L	0.1
TCGA-D8-A27L:7:143056010:G	38	5	2	1	1	TCGA-D8-A27L	0.116279069767442
TCGA-D8-A27L:1:201772760:C	65	9	2	1	1	TCGA-D8-A27L	0.121621621621622
TCGA-D8-A27L:10:103908402:C	68	36	2	0	2	TCGA-D8-A27L	0.346153846153846
TCGA-D8-A27L:19:24270126:G	79	13	2	1	1	TCGA-D8-A27L	0.141304347826087
TCGA-D8-A27L:19:58423433:G	142	23	2	1	1	TCGA-D8-A27L	0.139393939393939
