mutation_id	ref_counts	var_counts	normal_cn	minor_cn	major_cn	variant_case	variant_freq
TCGA-GM-A2DN:14:96730636:T	51	13	2	1	1	TCGA-GM-A2DN	0.203125
TCGA-GM-A2DN:1:201030401:C	139	55	2	2	2	TCGA-GM-A2DN	0.283505154639175
TCGA-GM-A2DN:2:228141148:G	27	5	2	1	1	TCGA-GM-A2DN	0.15625
TCGA-GM-A2DN:22:31851272:G	60	18	2	1	1	TCGA-GM-A2DN	0.230769230769231
TCGA-GM-A2DN:4:156629403:A	28	6	2	1	1	TCGA-GM-A2DN	0.176470588235294
TCGA-GM-A2DN:15:73616120:C	35	6	2	1	1	TCGA-GM-A2DN	0.146341463414634
TCGA-GM-A2DN:19:49398637:G	63	13	2	1	1	TCGA-GM-A2DN	0.171052631578947
TCGA-GM-A2DN:7:57188319:G	30	5	2	1	1	TCGA-GM-A2DN	0.142857142857143
TCGA-GM-A2DN:17:57725727:T	67	10	2	1	1	TCGA-GM-A2DN	0.12987012987013
TCGA-GM-A2DN:20:16410515:T	53	7	2	1	1	TCGA-GM-A2DN	0.116666666666667
TCGA-GM-A2DN:17:15989687:G	102	16	2	0	1	TCGA-GM-A2DN	0.135593220338983
