mutation_id	ref_counts	var_counts	normal_cn	minor_cn	major_cn	variant_case	variant_freq
TCGA-D8-A1JM:16:28506485:G	82	29	2	1	2	TCGA-D8-A1JM	0.261261261261261
TCGA-D8-A1JM:8:61777880:T	35	32	2	1	1	TCGA-D8-A1JM	0.477611940298507
TCGA-D8-A1JM:8:82670443:C	134	51	2	1	2	TCGA-D8-A1JM	0.275675675675676
TCGA-D8-A1JM:12:7894054:T	457	78	2	1	7	TCGA-D8-A1JM	0.145794392523364
TCGA-D8-A1JM:17:40847798:C	16	30	2	0	1	TCGA-D8-A1JM	0.652173913043478
TCGA-D8-A1JM:17:40847799:T	16	30	2	0	1	TCGA-D8-A1JM	0.652173913043478
TCGA-D8-A1JM:17:40714971:C	8	34	2	0	1	TCGA-D8-A1JM	0.80952380952381
TCGA-D8-A1JM:2:228163516:A	24	15	2	1	1	TCGA-D8-A1JM	0.384615384615385
TCGA-D8-A1JM:10:94679793:A	213	126	2	1	1	TCGA-D8-A1JM	0.371681415929204
TCGA-D8-A1JM:6:168462600:G	24	16	2	1	1	TCGA-D8-A1JM	0.4
TCGA-D8-A1JM:1:32796496:G	77	36	2	1	1	TCGA-D8-A1JM	0.31858407079646
TCGA-D8-A1JM:17:51900535:G	11	36	2	0	1	TCGA-D8-A1JM	0.765957446808511
TCGA-D8-A1JM:19:19735340:G	32	25	2	1	1	TCGA-D8-A1JM	0.43859649122807
TCGA-D8-A1JM:7:139094326:G	56	45	2	1	1	TCGA-D8-A1JM	0.445544554455446
TCGA-D8-A1JM:17:10419585:C	310	200	2	1	1	TCGA-D8-A1JM	0.392156862745098
TCGA-D8-A1JM:12:55420713:C	28	18	2	1	1	TCGA-D8-A1JM	0.391304347826087
TCGA-D8-A1JM:9:33364082:G	33	112	2	0	1	TCGA-D8-A1JM	0.772413793103448
TCGA-D8-A1JM:3:173322406:C	78	129	2	1	2	TCGA-D8-A1JM	0.623188405797101
TCGA-D8-A1JM:7:150697610:G	60	36	2	0	2	TCGA-D8-A1JM	0.375
TCGA-D8-A1JM:1:248756685:G	173	50	2	1	2	TCGA-D8-A1JM	0.224215246636771
TCGA-D8-A1JM:22:25131779:C	33	63	2	0	1	TCGA-D8-A1JM	0.65625
TCGA-D8-A1JM:20:37177429:A	87	57	2	1	1	TCGA-D8-A1JM	0.395833333333333
TCGA-D8-A1JM:16:24921651:C	118	58	2	1	2	TCGA-D8-A1JM	0.329545454545455
TCGA-D8-A1JM:19:1218492:C	12	40	2	0	1	TCGA-D8-A1JM	0.769230769230769
TCGA-D8-A1JM:17:7577120:C	30	59	2	0	1	TCGA-D8-A1JM	0.662921348314607
TCGA-D8-A1JM:6:123892166:C	73	39	2	1	1	TCGA-D8-A1JM	0.348214285714286
TCGA-D8-A1JM:6:170070709:C	78	58	2	1	1	TCGA-D8-A1JM	0.426470588235294
TCGA-D8-A1JM:1:155630341:T	114	43	2	1	2	TCGA-D8-A1JM	0.273885350318471
TCGA-D8-A1JM:3:50379059:C	22	56	2	0	1	TCGA-D8-A1JM	0.717948717948718
TCGA-D8-A1JM:7:100637242:G	65	16	2	1	1	TCGA-D8-A1JM	0.197530864197531
TCGA-D8-A1JM:21:17242407:G	39	17	2	0	1	TCGA-D8-A1JM	0.303571428571429
