mutation_id	ref_counts	var_counts	normal_cn	minor_cn	major_cn	variant_case	variant_freq
TCGA-E9-A24A:1:223567541:G	23	9	2	1	3	TCGA-E9-A24A	0.28125
TCGA-E9-A24A:15:55677882:T	41	15	2	1	1	TCGA-E9-A24A	0.267857142857143
TCGA-E9-A24A:9:111734985:T	64	28	2	1	1	TCGA-E9-A24A	0.304347826086957
TCGA-E9-A24A:4:88584083:G	33	10	2	1	1	TCGA-E9-A24A	0.232558139534884
TCGA-E9-A24A:17:11603195:G	28	15	2	1	1	TCGA-E9-A24A	0.348837209302326
TCGA-E9-A24A:6:80222980:C	73	32	2	1	1	TCGA-E9-A24A	0.304761904761905
TCGA-E9-A24A:8:125555378:A	42	17	2	1	1	TCGA-E9-A24A	0.288135593220339
TCGA-E9-A24A:6:29323445:G	24	9	2	0	2	TCGA-E9-A24A	0.272727272727273
TCGA-E9-A24A:5:140744030:G	20	14	2	1	1	TCGA-E9-A24A	0.411764705882353
TCGA-E9-A24A:4:20541090:G	80	29	2	1	1	TCGA-E9-A24A	0.26605504587156
TCGA-E9-A24A:4:103730974:A	51	30	2	1	1	TCGA-E9-A24A	0.37037037037037
TCGA-E9-A24A:13:109704802:G	43	10	2	1	1	TCGA-E9-A24A	0.188679245283019
