mutation_id	ref_counts	var_counts	normal_cn	minor_cn	major_cn	variant_case	variant_freq
TCGA-B6-A0RN:1:197059075:C	77	56	2	1	3	TCGA-B6-A0RN	0.421052631578947
TCGA-B6-A0RN:12:25307302:G	245	132	2	1	1	TCGA-B6-A0RN	0.350132625994695
TCGA-B6-A0RN:16:67100598:C	112	197	2	0	1	TCGA-B6-A0RN	0.637540453074434
TCGA-B6-A0RN:1:243289876:G	90	22	2	1	3	TCGA-B6-A0RN	0.196428571428571
TCGA-B6-A0RN:1:91727807:A	66	35	2	1	1	TCGA-B6-A0RN	0.346534653465347
TCGA-B6-A0RN:9:6252949:T	93	77	2	1	1	TCGA-B6-A0RN	0.452941176470588
TCGA-B6-A0RN:19:42342215:C	62	63	2	1	1	TCGA-B6-A0RN	0.504
TCGA-B6-A0RN:2:238461047:C	53	32	2	1	1	TCGA-B6-A0RN	0.376470588235294
TCGA-B6-A0RN:22:36697634:C	46	54	2	0	1	TCGA-B6-A0RN	0.54
TCGA-B6-A0RN:22:36697635:T	46	55	2	0	1	TCGA-B6-A0RN	0.544554455445545
TCGA-B6-A0RN:15:75647320:G	35	35	2	1	1	TCGA-B6-A0RN	0.5
TCGA-B6-A0RN:4:170321765:G	139	97	2	1	1	TCGA-B6-A0RN	0.411016949152542
TCGA-B6-A0RN:1:2453186:T	86	56	2	1	1	TCGA-B6-A0RN	0.394366197183099
TCGA-B6-A0RN:5:140857180:A	62	39	2	1	1	TCGA-B6-A0RN	0.386138613861386
TCGA-B6-A0RN:3:178952085:A	75	61	2	1	1	TCGA-B6-A0RN	0.448529411764706
TCGA-B6-A0RN:19:7605077:C	27	10	2	1	1	TCGA-B6-A0RN	0.27027027027027
TCGA-B6-A0RN:9:98215818:C	24	14	2	1	1	TCGA-B6-A0RN	0.368421052631579
TCGA-B6-A0RN:8:55533670:C	114	66	2	1	1	TCGA-B6-A0RN	0.366666666666667
TCGA-B6-A0RN:17:62018350:G	56	44	2	1	1	TCGA-B6-A0RN	0.44
TCGA-B6-A0RN:4:9836553:G	28	24	2	1	1	TCGA-B6-A0RN	0.461538461538462
TCGA-B6-A0RN:3:176765098:C	52	44	2	1	1	TCGA-B6-A0RN	0.458333333333333
TCGA-B6-A0RN:15:39883768:A	139	98	2	1	1	TCGA-B6-A0RN	0.413502109704641
TCGA-B6-A0RN:19:42820840:C	63	41	2	1	1	TCGA-B6-A0RN	0.394230769230769
TCGA-B6-A0RN:10:75276172:C	88	59	2	1	1	TCGA-B6-A0RN	0.401360544217687
TCGA-B6-A0RN:15:85341673:G	41	30	2	1	1	TCGA-B6-A0RN	0.422535211267606
TCGA-B6-A0RN:3:48416853:C	227	55	2	1	1	TCGA-B6-A0RN	0.195035460992908
TCGA-B6-A0RN:5:161522529:G	296	135	2	1	1	TCGA-B6-A0RN	0.31322505800464
TCGA-B6-A0RN:3:149243909:C	88	30	2	1	1	TCGA-B6-A0RN	0.254237288135593
