mutation_id	ref_counts	var_counts	normal_cn	minor_cn	major_cn	variant_case	variant_freq
TCGA-BH-A1F6:8:62460693:C	43	19	2	2	2	TCGA-BH-A1F6	0.306451612903226
TCGA-BH-A1F6:12:7045008:G	42	5	2	1	2	TCGA-BH-A1F6	0.106382978723404
TCGA-BH-A1F6:16:68087509:T	43	28	2	1	2	TCGA-BH-A1F6	0.394366197183099
TCGA-BH-A1F6:16:22262009:G	40	9	2	1	2	TCGA-BH-A1F6	0.183673469387755
TCGA-BH-A1F6:8:38282147:G	58	30	2	1	2	TCGA-BH-A1F6	0.340909090909091
TCGA-BH-A1F6:8:19677944:C	25	6	2	1	2	TCGA-BH-A1F6	0.193548387096774
TCGA-BH-A1F6:6:33374639:G	53	7	2	1	2	TCGA-BH-A1F6	0.116666666666667
TCGA-BH-A1F6:3:183209883:C	17	13	2	1	2	TCGA-BH-A1F6	0.433333333333333
TCGA-BH-A1F6:1:3697704:G	30	10	2	1	2	TCGA-BH-A1F6	0.25
TCGA-BH-A1F6:17:53491548:A	52	14	2	0	2	TCGA-BH-A1F6	0.212121212121212
TCGA-BH-A1F6:17:10443330:C	30	23	2	0	2	TCGA-BH-A1F6	0.433962264150943
TCGA-BH-A1F6:14:50281529:T	25	11	2	0	2	TCGA-BH-A1F6	0.305555555555556
TCGA-BH-A1F6:16:69725862:G	23	15	2	1	2	TCGA-BH-A1F6	0.394736842105263
TCGA-BH-A1F6:7:98257809:T	53	12	2	2	2	TCGA-BH-A1F6	0.184615384615385
TCGA-BH-A1F6:9:125377241:C	73	35	2	1	2	TCGA-BH-A1F6	0.324074074074074
TCGA-BH-A1F6:11:6913561:T	49	9	2	2	2	TCGA-BH-A1F6	0.155172413793103
TCGA-BH-A1F6:2:242065791:C	28	30	2	0	2	TCGA-BH-A1F6	0.517241379310345
TCGA-BH-A1F6:19:40901699:G	133	35	2	2	9	TCGA-BH-A1F6	0.208333333333333
TCGA-BH-A1F6:19:40902909:G	30	11	2	2	9	TCGA-BH-A1F6	0.268292682926829
TCGA-BH-A1F6:19:40903119:G	24	11	2	2	9	TCGA-BH-A1F6	0.314285714285714
TCGA-BH-A1F6:19:6007781:G	34	9	2	1	2	TCGA-BH-A1F6	0.209302325581395
TCGA-BH-A1F6:13:84453897:G	55	12	2	0	2	TCGA-BH-A1F6	0.17910447761194
TCGA-BH-A1F6:19:15224594:C	28	20	2	1	2	TCGA-BH-A1F6	0.416666666666667
TCGA-BH-A1F6:17:41365219:T	23	15	2	0	2	TCGA-BH-A1F6	0.394736842105263
TCGA-BH-A1F6:13:101264696:T	39	17	2	1	2	TCGA-BH-A1F6	0.303571428571429
