mutation_id	ref_counts	var_counts	normal_cn	minor_cn	major_cn	variant_case	variant_freq
TCGA-BH-A0H0:7:34192803:G	150	99	2	1	1	TCGA-BH-A0H0	0.397590361445783
TCGA-BH-A0H0:3:62423869:C	104	58	2	1	1	TCGA-BH-A0H0	0.358024691358025
TCGA-BH-A0H0:9:125289198:G	77	63	2	1	1	TCGA-BH-A0H0	0.45
TCGA-BH-A0H0:7:142749782:C	128	103	2	1	1	TCGA-BH-A0H0	0.445887445887446
TCGA-BH-A0H0:20:62896720:G	143	99	2	1	1	TCGA-BH-A0H0	0.409090909090909
TCGA-BH-A0H0:3:160783305:A	172	132	2	1	1	TCGA-BH-A0H0	0.434210526315789
TCGA-BH-A0H0:3:71821981:T	86	52	2	1	1	TCGA-BH-A0H0	0.376811594202899
TCGA-BH-A0H0:5:38958580:G	121	89	2	1	1	TCGA-BH-A0H0	0.423809523809524
TCGA-BH-A0H0:14:21359857:A	200	155	2	1	1	TCGA-BH-A0H0	0.436619718309859
TCGA-BH-A0H0:8:133764098:C	281	620	2	1	3	TCGA-BH-A0H0	0.688124306326304
TCGA-BH-A0H0:3:9859333:G	95	60	2	1	1	TCGA-BH-A0H0	0.387096774193548
TCGA-BH-A0H0:5:178310408:A	122	65	2	1	1	TCGA-BH-A0H0	0.347593582887701
TCGA-BH-A0H0:7:36552857:C	218	100	2	1	1	TCGA-BH-A0H0	0.314465408805031
TCGA-BH-A0H0:4:7714487:C	50	8	2	1	1	TCGA-BH-A0H0	0.137931034482759
