mutation_id	ref_counts	var_counts	normal_cn	minor_cn	major_cn	variant_case	variant_freq
TCGA-C8-A26X:14:23548943:C	132	34	2	2	2	TCGA-C8-A26X	0.204819277108434
TCGA-C8-A26X:16:90048301:C	42	16	2	0	2	TCGA-C8-A26X	0.275862068965517
TCGA-C8-A26X:12:103700001:G	80	19	2	1	2	TCGA-C8-A26X	0.191919191919192
TCGA-C8-A26X:11:85396110:C	67	19	2	1	2	TCGA-C8-A26X	0.22093023255814
TCGA-C8-A26X:12:10213790:G	37	15	2	1	2	TCGA-C8-A26X	0.288461538461538
TCGA-C8-A26X:15:55742419:C	68	10	2	1	3	TCGA-C8-A26X	0.128205128205128
TCGA-C8-A26X:3:186507018:C	85	10	2	0	6	TCGA-C8-A26X	0.105263157894737
TCGA-C8-A26X:6:46135740:T	40	14	2	1	1	TCGA-C8-A26X	0.259259259259259
TCGA-C8-A26X:2:163072473:G	42	8	2	1	2	TCGA-C8-A26X	0.16
TCGA-C8-A26X:10:104111081:G	27	14	2	1	2	TCGA-C8-A26X	0.341463414634146
TCGA-C8-A26X:22:38206091:T	50	15	2	2	2	TCGA-C8-A26X	0.230769230769231
TCGA-C8-A26X:1:112321061:G	58	15	2	0	3	TCGA-C8-A26X	0.205479452054795
TCGA-C8-A26X:12:49427194:G	25	7	2	2	2	TCGA-C8-A26X	0.21875
TCGA-C8-A26X:5:80088607:A	52	25	2	0	1	TCGA-C8-A26X	0.324675324675325
TCGA-C8-A26X:3:195506579:T	28	8	2	0	3	TCGA-C8-A26X	0.222222222222222
TCGA-C8-A26X:12:124904522:C	68	20	2	2	2	TCGA-C8-A26X	0.227272727272727
TCGA-C8-A26X:1:9784395:G	53	15	2	1	2	TCGA-C8-A26X	0.220588235294118
TCGA-C8-A26X:10:95994013:G	85	11	2	1	1	TCGA-C8-A26X	0.114583333333333
TCGA-C8-A26X:3:121206799:G	60	7	2	2	2	TCGA-C8-A26X	0.104477611940299
TCGA-C8-A26X:8:48801132:C	41	10	2	2	2	TCGA-C8-A26X	0.196078431372549
TCGA-C8-A26X:3:110841072:T	50	6	2	1	2	TCGA-C8-A26X	0.107142857142857
TCGA-C8-A26X:2:61149040:A	33	6	2	2	2	TCGA-C8-A26X	0.153846153846154
TCGA-C8-A26X:3:38592337:C	75	11	2	2	2	TCGA-C8-A26X	0.127906976744186
TCGA-C8-A26X:1:70716188:T	56	10	2	1	1	TCGA-C8-A26X	0.151515151515152
TCGA-C8-A26X:5:68661327:C	58	17	2	0	1	TCGA-C8-A26X	0.226666666666667
TCGA-C8-A26X:4:187004711:C	32	7	2	1	2	TCGA-C8-A26X	0.179487179487179
TCGA-C8-A26X:17:7578413:C	27	10	2	0	2	TCGA-C8-A26X	0.27027027027027
TCGA-C8-A26X:7:130368439:C	124	34	2	0	3	TCGA-C8-A26X	0.215189873417722
TCGA-C8-A26X:2:179440959:C	45	15	2	1	2	TCGA-C8-A26X	0.25
TCGA-C8-A26X:2:179587200:G	25	11	2	1	2	TCGA-C8-A26X	0.305555555555556
TCGA-C8-A26X:17:73832707:G	26	9	2	0	2	TCGA-C8-A26X	0.257142857142857
TCGA-C8-A26X:19:21132063:A	28	9	2	2	2	TCGA-C8-A26X	0.243243243243243
