mutation_id	ref_counts	var_counts	normal_cn	minor_cn	major_cn	variant_case	variant_freq
TCGA-E9-A245:1:12409220:G	32	18	2	1	1	TCGA-E9-A245	0.36
TCGA-E9-A245:14:55647930:C	97	50	2	1	1	TCGA-E9-A245	0.340136054421769
TCGA-E9-A245:8:139190894:T	57	8	2	1	1	TCGA-E9-A245	0.123076923076923
TCGA-E9-A245:3:33110406:T	32	7	2	1	1	TCGA-E9-A245	0.179487179487179
TCGA-E9-A245:11:1642989:C	43	11	2	1	1	TCGA-E9-A245	0.203703703703704
TCGA-E9-A245:2:174777831:C	57	10	2	1	1	TCGA-E9-A245	0.149253731343284
TCGA-E9-A245:14:93652791:C	92	15	2	1	1	TCGA-E9-A245	0.14018691588785
