mutation_id	ref_counts	var_counts	normal_cn	minor_cn	major_cn	variant_case	variant_freq
TCGA-A1-A0SF:12:6753643:C	177	35	2	2	2	TCGA-A1-A0SF	0.165094339622642
TCGA-A1-A0SF:2:153591548:C	49	9	2	1	1	TCGA-A1-A0SF	0.155172413793103
TCGA-A1-A0SF:12:70072563:C	80	11	2	2	2	TCGA-A1-A0SF	0.120879120879121
TCGA-A1-A0SF:6:43018789:G	42	5	2	1	2	TCGA-A1-A0SF	0.106382978723404
TCGA-A1-A0SF:8:144940615:G	36	6	2	1	2	TCGA-A1-A0SF	0.142857142857143
TCGA-A1-A0SF:11:44129420:C	68	10	2	1	2	TCGA-A1-A0SF	0.128205128205128
TCGA-A1-A0SF:4:100870052:G	52	8	2	1	2	TCGA-A1-A0SF	0.133333333333333
TCGA-A1-A0SF:4:174254704:C	30	6	2	1	2	TCGA-A1-A0SF	0.166666666666667
TCGA-A1-A0SF:14:106733410:C	60	16	2	1	2	TCGA-A1-A0SF	0.210526315789474
TCGA-A1-A0SF:1:202743781:T	64	11	2	0	4	TCGA-A1-A0SF	0.146666666666667
TCGA-A1-A0SF:5:61643897:C	54	11	2	1	2	TCGA-A1-A0SF	0.169230769230769
TCGA-A1-A0SF:12:88939633:G	25	6	2	0	2	TCGA-A1-A0SF	0.193548387096774
TCGA-A1-A0SF:6:117013507:G	51	13	2	1	2	TCGA-A1-A0SF	0.203125
TCGA-A1-A0SF:6:129722392:C	28	5	2	1	2	TCGA-A1-A0SF	0.151515151515152
TCGA-A1-A0SF:6:74176211:G	48	8	2	1	2	TCGA-A1-A0SF	0.142857142857143
TCGA-A1-A0SF:19:9072222:C	36	11	2	1	2	TCGA-A1-A0SF	0.234042553191489
TCGA-A1-A0SF:11:1266400:C	27	9	2	1	1	TCGA-A1-A0SF	0.25
TCGA-A1-A0SF:1:6676836:A	34	12	2	1	1	TCGA-A1-A0SF	0.260869565217391
TCGA-A1-A0SF:7:131831430:C	47	7	2	1	2	TCGA-A1-A0SF	0.12962962962963
TCGA-A1-A0SF:11:7672087:C	52	16	2	1	2	TCGA-A1-A0SF	0.235294117647059
TCGA-A1-A0SF:5:177420032:C	45	22	2	1	1	TCGA-A1-A0SF	0.328358208955224
TCGA-A1-A0SF:9:8471022:C	58	10	2	1	2	TCGA-A1-A0SF	0.147058823529412
TCGA-A1-A0SF:18:40323522:C	52	12	2	1	1	TCGA-A1-A0SF	0.1875
TCGA-A1-A0SF:10:7262382:G	46	9	2	1	2	TCGA-A1-A0SF	0.163636363636364
TCGA-A1-A0SF:7:116593630:C	50	19	2	0	3	TCGA-A1-A0SF	0.27536231884058
TCGA-A1-A0SF:1:3599659:C	40	6	2	1	1	TCGA-A1-A0SF	0.130434782608696
TCGA-A1-A0SF:5:6491344:G	27	8	2	1	1	TCGA-A1-A0SF	0.228571428571429
TCGA-A1-A0SF:19:23543097:G	36	22	2	1	2	TCGA-A1-A0SF	0.379310344827586
TCGA-A1-A0SF:22:18018340:G	97	11	2	1	1	TCGA-A1-A0SF	0.101851851851852
