mutation_id	ref_counts	var_counts	normal_cn	minor_cn	major_cn	variant_case	variant_freq
TCGA-E2-A1B0:17:40065254:T	73	36	2	0	1	TCGA-E2-A1B0	0.330275229357798
TCGA-E2-A1B0:5:31294332:C	61	16	2	1	3	TCGA-E2-A1B0	0.207792207792208
TCGA-E2-A1B0:6:39847226:G	34	16	2	1	2	TCGA-E2-A1B0	0.32
TCGA-E2-A1B0:13:36700097:G	44	11	2	0	1	TCGA-E2-A1B0	0.2
TCGA-E2-A1B0:19:6919734:C	79	23	2	0	2	TCGA-E2-A1B0	0.225490196078431
TCGA-E2-A1B0:1:160063723:G	52	10	2	1	2	TCGA-E2-A1B0	0.161290322580645
TCGA-E2-A1B0:6:33653896:G	42	12	2	1	2	TCGA-E2-A1B0	0.222222222222222
TCGA-E2-A1B0:11:67020978:G	75	19	2	0	3	TCGA-E2-A1B0	0.202127659574468
TCGA-E2-A1B0:10:26463156:A	141	52	2	0	1	TCGA-E2-A1B0	0.269430051813472
TCGA-E2-A1B0:1:247769043:T	335	399	2	1	3	TCGA-E2-A1B0	0.543596730245232
TCGA-E2-A1B0:11:93913090:G	213	53	2	0	2	TCGA-E2-A1B0	0.199248120300752
TCGA-E2-A1B0:21:45742920:C	102	18	2	1	2	TCGA-E2-A1B0	0.15
TCGA-E2-A1B0:22:25115535:C	97	20	2	1	1	TCGA-E2-A1B0	0.170940170940171
TCGA-E2-A1B0:1:12887489:T	138	45	2	1	1	TCGA-E2-A1B0	0.245901639344262
TCGA-E2-A1B0:6:111688818:C	194	69	2	1	1	TCGA-E2-A1B0	0.262357414448669
TCGA-E2-A1B0:7:150937202:C	91	33	2	0	1	TCGA-E2-A1B0	0.266129032258065
TCGA-E2-A1B0:19:2987728:G	25	11	2	0	2	TCGA-E2-A1B0	0.305555555555556
TCGA-E2-A1B0:17:7578534:C	47	49	2	0	1	TCGA-E2-A1B0	0.510416666666667
TCGA-E2-A1B0:17:16330833:T	18	13	2	0	1	TCGA-E2-A1B0	0.419354838709677
TCGA-E2-A1B0:10:5435789:C	49	16	2	0	1	TCGA-E2-A1B0	0.246153846153846
TCGA-E2-A1B0:19:52376691:T	149	33	2	1	1	TCGA-E2-A1B0	0.181318681318681
TCGA-E2-A1B0:14:96871122:G	127	15	2	1	1	TCGA-E2-A1B0	0.105633802816901
TCGA-E2-A1B0:16:73164976:G	274	53	2	1	1	TCGA-E2-A1B0	0.162079510703364
TCGA-E2-A1B0:15:78453949:G	144	44	2	0	1	TCGA-E2-A1B0	0.234042553191489
TCGA-E2-A1B0:10:76788710:A	74	20	2	0	1	TCGA-E2-A1B0	0.212765957446809
TCGA-E2-A1B0:15:81221455:A	201	48	2	0	1	TCGA-E2-A1B0	0.192771084337349
TCGA-E2-A1B0:12:57602874:G	29	5	2	0	1	TCGA-E2-A1B0	0.147058823529412
TCGA-E2-A1B0:2:152573967:A	300	86	2	0	1	TCGA-E2-A1B0	0.22279792746114
TCGA-E2-A1B0:22:28293118:C	279	63	2	1	1	TCGA-E2-A1B0	0.184210526315789
TCGA-E2-A1B0:6:148852768:G	78	15	2	0	1	TCGA-E2-A1B0	0.161290322580645
TCGA-E2-A1B0:14:23245482:G	106	19	2	0	1	TCGA-E2-A1B0	0.152
