mutation_id	ref_counts	var_counts	normal_cn	minor_cn	major_cn	variant_case	variant_freq
TCGA-A2-A0EN:7:121756793:G	92	19	2	2	2	TCGA-A2-A0EN	0.171171171171171
TCGA-A2-A0EN:2:220100548:G	79	10	2	2	2	TCGA-A2-A0EN	0.112359550561798
TCGA-A2-A0EN:17:73106586:C	60	12	2	2	2	TCGA-A2-A0EN	0.166666666666667
TCGA-A2-A0EN:1:3750452:G	93	36	2	1	1	TCGA-A2-A0EN	0.27906976744186
TCGA-A2-A0EN:2:136561583:C	144	24	2	2	2	TCGA-A2-A0EN	0.142857142857143
TCGA-A2-A0EN:5:174156285:C	45	14	2	3	3	TCGA-A2-A0EN	0.23728813559322
TCGA-A2-A0EN:3:195489057:C	32	6	2	2	2	TCGA-A2-A0EN	0.157894736842105
TCGA-A2-A0EN:17:10318470:A	126	54	2	1	1	TCGA-A2-A0EN	0.3
TCGA-A2-A0EN:11:76900501:G	93	21	2	2	2	TCGA-A2-A0EN	0.184210526315789
TCGA-A2-A0EN:2:32475353:G	168	53	2	2	2	TCGA-A2-A0EN	0.239819004524887
TCGA-A2-A0EN:3:178952085:A	95	21	2	2	2	TCGA-A2-A0EN	0.181034482758621
TCGA-A2-A0EN:3:178952139:A	69	21	2	2	2	TCGA-A2-A0EN	0.233333333333333
TCGA-A2-A0EN:3:111439672:G	170	46	2	2	2	TCGA-A2-A0EN	0.212962962962963
TCGA-A2-A0EN:3:141292064:G	40	10	2	2	2	TCGA-A2-A0EN	0.2
TCGA-A2-A0EN:20:34302208:G	139	34	2	2	2	TCGA-A2-A0EN	0.196531791907514
TCGA-A2-A0EN:7:45776474:C	21	33	2	2	2	TCGA-A2-A0EN	0.611111111111111
TCGA-A2-A0EN:1:232607134:G	149	61	2	3	3	TCGA-A2-A0EN	0.29047619047619
TCGA-A2-A0EN:7:5327487:G	29	5	2	2	2	TCGA-A2-A0EN	0.147058823529412
TCGA-A2-A0EN:19:19387471:G	140	29	2	2	3	TCGA-A2-A0EN	0.171597633136095
TCGA-A2-A0EN:17:59560293:C	48	10	2	2	2	TCGA-A2-A0EN	0.172413793103448
TCGA-A2-A0EN:12:125834884:T	31	9	2	2	2	TCGA-A2-A0EN	0.225
TCGA-A2-A0EN:2:46707885:A	25	5	2	2	2	TCGA-A2-A0EN	0.166666666666667
TCGA-A2-A0EN:2:179456460:G	174	40	2	2	2	TCGA-A2-A0EN	0.186915887850467
TCGA-A2-A0EN:14:64954287:G	134	43	2	2	2	TCGA-A2-A0EN	0.242937853107345
TCGA-A2-A0EN:1:238050144:C	242	37	2	3	3	TCGA-A2-A0EN	0.132616487455197
