mutation_id	ref_counts	var_counts	normal_cn	minor_cn	major_cn	variant_case	variant_freq
TCGA-D8-A1XB:1:1888142:C	46	11	2	1	1	TCGA-D8-A1XB	0.192982456140351
TCGA-D8-A1XB:3:42777253:C	43	14	2	1	1	TCGA-D8-A1XB	0.245614035087719
TCGA-D8-A1XB:21:37833546:G	25	11	2	0	1	TCGA-D8-A1XB	0.305555555555556
TCGA-D8-A1XB:12:8288271:G	41	16	2	1	1	TCGA-D8-A1XB	0.280701754385965
TCGA-D8-A1XB:3:36759619:G	56	19	2	1	1	TCGA-D8-A1XB	0.253333333333333
TCGA-D8-A1XB:4:175649752:A	53	22	2	1	1	TCGA-D8-A1XB	0.293333333333333
TCGA-D8-A1XB:15:41372096:G	37	14	2	0	1	TCGA-D8-A1XB	0.274509803921569
TCGA-D8-A1XB:5:56177099:G	113	52	2	1	2	TCGA-D8-A1XB	0.315151515151515
TCGA-D8-A1XB:1:247835571:C	56	60	2	1	2	TCGA-D8-A1XB	0.517241379310345
TCGA-D8-A1XB:11:123624563:C	38	22	2	1	1	TCGA-D8-A1XB	0.366666666666667
TCGA-D8-A1XB:12:63061084:T	71	33	2	1	1	TCGA-D8-A1XB	0.317307692307692
TCGA-D8-A1XB:1:171549015:G	57	86	2	1	2	TCGA-D8-A1XB	0.601398601398601
TCGA-D8-A1XB:19:19218751:G	26	13	2	1	1	TCGA-D8-A1XB	0.333333333333333
TCGA-D8-A1XB:6:160174524:G	60	36	2	1	1	TCGA-D8-A1XB	0.375
TCGA-D8-A1XB:19:37130642:C	88	34	2	1	1	TCGA-D8-A1XB	0.278688524590164
TCGA-D8-A1XB:4:186318102:G	62	13	2	1	1	TCGA-D8-A1XB	0.173333333333333
TCGA-D8-A1XB:14:96851896:T	58	21	2	0	1	TCGA-D8-A1XB	0.265822784810127
TCGA-D8-A1XB:6:121526246:C	33	8	2	0	1	TCGA-D8-A1XB	0.195121951219512
TCGA-D8-A1XB:5:56179396:T	97	54	2	1	2	TCGA-D8-A1XB	0.357615894039735
TCGA-D8-A1XB:16:1889430:A	62	31	2	1	2	TCGA-D8-A1XB	0.333333333333333
TCGA-D8-A1XB:17:74734448:C	125	23	2	1	1	TCGA-D8-A1XB	0.155405405405405
TCGA-D8-A1XB:2:159481627:T	27	6	2	0	1	TCGA-D8-A1XB	0.181818181818182
TCGA-D8-A1XB:2:130832873:G	50	6	2	0	1	TCGA-D8-A1XB	0.107142857142857
TCGA-D8-A1XB:19:44831587:C	54	6	2	1	1	TCGA-D8-A1XB	0.1
