mutation_id	ref_counts	var_counts	normal_cn	minor_cn	major_cn	variant_case	variant_freq
TCGA-E9-A1R3:9:139905720:G	33	6	2	1	2	TCGA-E9-A1R3	0.153846153846154
TCGA-E9-A1R3:2:207406859:G	27	13	2	2	2	TCGA-E9-A1R3	0.325
TCGA-E9-A1R3:17:57652830:C	68	18	2	1	3	TCGA-E9-A1R3	0.209302325581395
TCGA-E9-A1R3:3:58178422:G	58	21	2	2	2	TCGA-E9-A1R3	0.265822784810127
TCGA-E9-A1R3:6:133783605:G	104	13	2	2	2	TCGA-E9-A1R3	0.111111111111111
TCGA-E9-A1R3:9:111655314:C	58	9	2	2	2	TCGA-E9-A1R3	0.134328358208955
TCGA-E9-A1R3:17:39296555:C	45	9	2	1	3	TCGA-E9-A1R3	0.166666666666667
TCGA-E9-A1R3:19:9068688:G	58	9	2	1	2	TCGA-E9-A1R3	0.134328358208955
TCGA-E9-A1R3:2:128364902:G	27	5	2	2	2	TCGA-E9-A1R3	0.15625
TCGA-E9-A1R3:11:132527109:C	90	16	2	2	2	TCGA-E9-A1R3	0.150943396226415
TCGA-E9-A1R3:3:178952085:A	38	16	2	2	2	TCGA-E9-A1R3	0.296296296296296
TCGA-E9-A1R3:16:24560353:A	150	18	2	3	5	TCGA-E9-A1R3	0.107142857142857
TCGA-E9-A1R3:2:238728887:A	42	9	2	2	2	TCGA-E9-A1R3	0.176470588235294
TCGA-E9-A1R3:2:107029550:C	105	37	2	2	2	TCGA-E9-A1R3	0.26056338028169
TCGA-E9-A1R3:16:109808:C	153	74	2	3	4	TCGA-E9-A1R3	0.325991189427313
TCGA-E9-A1R3:2:198267481:T	39	15	2	2	2	TCGA-E9-A1R3	0.277777777777778
TCGA-E9-A1R3:5:33457372:C	63	24	2	2	3	TCGA-E9-A1R3	0.275862068965517
TCGA-E9-A1R3:20:52192684:G	22	9	2	2	3	TCGA-E9-A1R3	0.290322580645161
