mutation_id	ref_counts	var_counts	normal_cn	minor_cn	major_cn	variant_case	variant_freq
TCGA-A2-A3KC:16:4626109:T	23	8	2	1	1	TCGA-A2-A3KC	0.258064516129032
TCGA-A2-A3KC:10:124339284:C	91	20	2	1	1	TCGA-A2-A3KC	0.18018018018018
TCGA-A2-A3KC:2:220250745:T	45	12	2	1	1	TCGA-A2-A3KC	0.210526315789474
TCGA-A2-A3KC:18:43532523:C	24	7	2	1	1	TCGA-A2-A3KC	0.225806451612903
TCGA-A2-A3KC:1:230417408:T	47	6	2	1	2	TCGA-A2-A3KC	0.113207547169811
TCGA-A2-A3KC:7:127224987:C	27	12	2	1	1	TCGA-A2-A3KC	0.307692307692308
TCGA-A2-A3KC:5:176025940:G	27	9	2	1	1	TCGA-A2-A3KC	0.25
TCGA-A2-A3KC:11:1280246:G	26	14	2	1	1	TCGA-A2-A3KC	0.35
TCGA-A2-A3KC:5:140589906:C	65	25	2	1	1	TCGA-A2-A3KC	0.277777777777778
TCGA-A2-A3KC:9:127996096:T	32	18	2	1	1	TCGA-A2-A3KC	0.36
TCGA-A2-A3KC:12:104703836:A	26	5	2	1	1	TCGA-A2-A3KC	0.161290322580645
TCGA-A2-A3KC:2:98165911:T	73	11	2	1	1	TCGA-A2-A3KC	0.130952380952381
TCGA-A2-A3KC:9:139863841:C	39	6	2	1	1	TCGA-A2-A3KC	0.133333333333333
TCGA-A2-A3KC:7:99767587:A	43	7	2	1	1	TCGA-A2-A3KC	0.14
TCGA-A2-A3KC:1:31192650:T	38	5	2	0	1	TCGA-A2-A3KC	0.116279069767442
TCGA-A2-A3KC:10:129883933:C	33	5	2	1	1	TCGA-A2-A3KC	0.131578947368421
TCGA-A2-A3KC:16:4257777:G	89	11	2	1	1	TCGA-A2-A3KC	0.11
TCGA-A2-A3KC:1:36603290:C	32	6	2	0	1	TCGA-A2-A3KC	0.157894736842105
TCGA-A2-A3KC:11:89774236:C	35	5	2	0	1	TCGA-A2-A3KC	0.125
