mutation_id	ref_counts	var_counts	normal_cn	minor_cn	major_cn	variant_case	variant_freq
TCGA-F4-6704:1:229568426:G	37	17	2	2	2	TCGA-F4-6704	0.314814814814815
TCGA-F4-6704:11:66293631:G	52	7	2	2	2	TCGA-F4-6704	0.11864406779661
TCGA-F4-6704:7:2962902:G	26	7	2	3	3	TCGA-F4-6704	0.212121212121212
TCGA-F4-6704:17:34304645:A	67	10	2	0	3	TCGA-F4-6704	0.12987012987013
TCGA-F4-6704:1:205034298:G	52	6	2	2	3	TCGA-F4-6704	0.103448275862069
TCGA-F4-6704:4:158257647:C	102	32	2	1	1	TCGA-F4-6704	0.238805970149254
TCGA-F4-6704:3:151165765:C	38	11	2	3	3	TCGA-F4-6704	0.224489795918367
TCGA-F4-6704:2:206872059:C	109	13	2	2	3	TCGA-F4-6704	0.10655737704918
TCGA-F4-6704:17:40267838:T	72	17	2	0	7	TCGA-F4-6704	0.191011235955056
TCGA-F4-6704:19:55085852:G	27	9	2	1	2	TCGA-F4-6704	0.25
TCGA-F4-6704:19:16688427:G	67	7	2	2	3	TCGA-F4-6704	0.0945945945945946
TCGA-F4-6704:3:179082163:C	83	10	2	3	3	TCGA-F4-6704	0.10752688172043
TCGA-F4-6704:1:204956576:G	25	12	2	2	3	TCGA-F4-6704	0.324324324324324
TCGA-F4-6704:11:55587809:G	62	7	2	2	2	TCGA-F4-6704	0.101449275362319
TCGA-F4-6704:6:47846116:G	120	82	2	3	3	TCGA-F4-6704	0.405940594059406
TCGA-F4-6704:2:167168207:A	69	8	2	2	3	TCGA-F4-6704	0.103896103896104
TCGA-F4-6704:6:2833919:C	49	7	2	3	3	TCGA-F4-6704	0.125
TCGA-F4-6704:2:179425543:C	73	26	2	2	3	TCGA-F4-6704	0.262626262626263
TCGA-F4-6704:1:216420310:T	34	19	2	2	2	TCGA-F4-6704	0.358490566037736
TCGA-F4-6704:3:190147499:G	116	25	2	3	3	TCGA-F4-6704	0.177304964539007
