mutation_id	ref_counts	var_counts	normal_cn	minor_cn	major_cn	variant_case	variant_freq
TCGA-BH-A0DE:4:87968539:C	52	11	2	1	1	TCGA-BH-A0DE	0.174603174603175
TCGA-BH-A0DE:2:73912256:G	38	8	2	1	1	TCGA-BH-A0DE	0.173913043478261
TCGA-BH-A0DE:19:47492898:G	123	36	2	1	1	TCGA-BH-A0DE	0.226415094339623
TCGA-BH-A0DE:11:118778200:G	47	31	2	0	1	TCGA-BH-A0DE	0.397435897435897
TCGA-BH-A0DE:3:39184985:T	52	23	2	1	1	TCGA-BH-A0DE	0.306666666666667
TCGA-BH-A0DE:1:153916788:G	22	10	2	1	1	TCGA-BH-A0DE	0.3125
TCGA-BH-A0DE:15:38776827:T	85	20	2	1	1	TCGA-BH-A0DE	0.19047619047619
TCGA-BH-A0DE:22:18769677:C	100	24	2	1	1	TCGA-BH-A0DE	0.193548387096774
TCGA-BH-A0DE:16:9923469:C	70	29	2	1	2	TCGA-BH-A0DE	0.292929292929293
TCGA-BH-A0DE:15:77907723:C	60	12	2	1	1	TCGA-BH-A0DE	0.166666666666667
TCGA-BH-A0DE:7:78636505:C	128	44	2	1	1	TCGA-BH-A0DE	0.255813953488372
TCGA-BH-A0DE:11:118371701:G	31	20	2	0	1	TCGA-BH-A0DE	0.392156862745098
TCGA-BH-A0DE:10:104158032:C	186	64	2	1	1	TCGA-BH-A0DE	0.256
TCGA-BH-A0DE:1:159505444:C	104	41	2	1	1	TCGA-BH-A0DE	0.282758620689655
TCGA-BH-A0DE:7:143956461:T	46	12	2	1	1	TCGA-BH-A0DE	0.206896551724138
TCGA-BH-A0DE:5:140856115:T	41	19	2	1	1	TCGA-BH-A0DE	0.316666666666667
TCGA-BH-A0DE:3:178936092:A	125	35	2	1	1	TCGA-BH-A0DE	0.21875
TCGA-BH-A0DE:3:58398643:G	127	56	2	1	1	TCGA-BH-A0DE	0.306010928961749
TCGA-BH-A0DE:13:45148301:G	74	27	2	1	1	TCGA-BH-A0DE	0.267326732673267
TCGA-BH-A0DE:17:57958454:G	122	33	2	1	2	TCGA-BH-A0DE	0.212903225806452
TCGA-BH-A0DE:19:15559037:C	33	13	2	1	1	TCGA-BH-A0DE	0.282608695652174
TCGA-BH-A0DE:19:19645891:G	58	25	2	1	1	TCGA-BH-A0DE	0.301204819277108
TCGA-BH-A0DE:16:87446722:G	31	23	2	0	1	TCGA-BH-A0DE	0.425925925925926
TCGA-BH-A0DE:19:9801784:A	128	42	2	1	1	TCGA-BH-A0DE	0.247058823529412
TCGA-BH-A0DE:17:16665800:C	55	13	2	0	1	TCGA-BH-A0DE	0.191176470588235
TCGA-BH-A0DE:3:150301029:G	138	28	2	1	1	TCGA-BH-A0DE	0.168674698795181
TCGA-BH-A0DE:20:9417740:G	83	14	2	1	1	TCGA-BH-A0DE	0.144329896907216
TCGA-BH-A0DE:2:138425422:A	244	51	2	1	1	TCGA-BH-A0DE	0.172881355932203
