mutation_id	ref_counts	var_counts	normal_cn	minor_cn	major_cn	variant_case	variant_freq
TCGA-D8-A1JS:18:13438301:C	42	40	2	1	1	TCGA-D8-A1JS	0.48780487804878
TCGA-D8-A1JS:19:13370458:C	59	36	2	1	1	TCGA-D8-A1JS	0.378947368421053
TCGA-D8-A1JS:17:42766938:C	22	14	2	1	1	TCGA-D8-A1JS	0.388888888888889
TCGA-D8-A1JS:20:32265318:G	42	26	2	1	1	TCGA-D8-A1JS	0.382352941176471
TCGA-D8-A1JS:21:46309941:C	21	18	2	1	1	TCGA-D8-A1JS	0.461538461538462
TCGA-D8-A1JS:7:91793911:T	17	13	2	1	1	TCGA-D8-A1JS	0.433333333333333
TCGA-D8-A1JS:4:84377236:C	48	34	2	1	1	TCGA-D8-A1JS	0.414634146341463
TCGA-D8-A1JS:3:178921548:G	16	16	2	1	1	TCGA-D8-A1JS	0.5
TCGA-D8-A1JS:3:178952085:A	31	36	2	1	1	TCGA-D8-A1JS	0.537313432835821
TCGA-D8-A1JS:11:126075478:G	43	31	2	1	1	TCGA-D8-A1JS	0.418918918918919
TCGA-D8-A1JS:1:109774392:A	45	32	2	1	1	TCGA-D8-A1JS	0.415584415584416
TCGA-D8-A1JS:14:50623747:C	54	33	2	1	1	TCGA-D8-A1JS	0.379310344827586
TCGA-D8-A1JS:8:56698879:C	16	18	2	1	1	TCGA-D8-A1JS	0.529411764705882
TCGA-D8-A1JS:3:9425945:G	18	29	2	1	1	TCGA-D8-A1JS	0.617021276595745
TCGA-D8-A1JS:1:228596888:G	33	38	2	1	2	TCGA-D8-A1JS	0.535211267605634
