mutation_id	ref_counts	var_counts	normal_cn	minor_cn	major_cn	variant_case	variant_freq
TCGA-A7-A3J1:5:178566948:C	22	9	2	1	1	TCGA-A7-A3J1	0.290322580645161
TCGA-A7-A3J1:19:55098805:G	44	14	2	1	1	TCGA-A7-A3J1	0.241379310344828
TCGA-A7-A3J1:10:27540561:C	36	12	2	1	1	TCGA-A7-A3J1	0.25
TCGA-A7-A3J1:14:101507721:C	20	13	2	0	1	TCGA-A7-A3J1	0.393939393939394
TCGA-A7-A3J1:9:137742018:A	25	7	2	1	1	TCGA-A7-A3J1	0.21875
TCGA-A7-A3J1:17:10299647:C	52	15	2	1	1	TCGA-A7-A3J1	0.223880597014925
TCGA-A7-A3J1:11:4929467:G	34	9	2	1	1	TCGA-A7-A3J1	0.209302325581395
TCGA-A7-A3J1:16:2147330:G	58	25	2	1	1	TCGA-A7-A3J1	0.301204819277108
TCGA-A7-A3J1:22:25280109:G	27	8	2	1	1	TCGA-A7-A3J1	0.228571428571429
TCGA-A7-A3J1:6:118475629:C	32	16	2	0	1	TCGA-A7-A3J1	0.333333333333333
TCGA-A7-A3J1:7:142448463:C	42	20	2	1	1	TCGA-A7-A3J1	0.32258064516129
TCGA-A7-A3J1:9:100368543:C	31	9	2	1	1	TCGA-A7-A3J1	0.225
TCGA-A7-A3J1:1:155644863:G	51	27	2	1	2	TCGA-A7-A3J1	0.346153846153846
TCGA-A7-A3J1:1:12939782:A	44	6	2	1	1	TCGA-A7-A3J1	0.12
