mutation_id	ref_counts	var_counts	normal_cn	minor_cn	major_cn	variant_case	variant_freq
TCGA-A7-A3IY:17:46627865:A	77	24	2	1	1	TCGA-A7-A3IY	0.237623762376238
TCGA-A7-A3IY:14:106329445:G	26	9	2	1	1	TCGA-A7-A3IY	0.257142857142857
TCGA-A7-A3IY:2:1819997:C	63	17	2	1	1	TCGA-A7-A3IY	0.2125
TCGA-A7-A3IY:5:140731009:G	23	7	2	1	1	TCGA-A7-A3IY	0.233333333333333
TCGA-A7-A3IY:11:63487290:A	41	12	2	1	1	TCGA-A7-A3IY	0.226415094339623
TCGA-A7-A3IY:3:122631793:G	33	19	2	1	1	TCGA-A7-A3IY	0.365384615384615
TCGA-A7-A3IY:9:99083270:C	13	18	2	1	1	TCGA-A7-A3IY	0.580645161290323
TCGA-A7-A3IY:6:168928398:C	35	14	2	1	1	TCGA-A7-A3IY	0.285714285714286
TCGA-A7-A3IY:14:51707075:C	54	20	2	1	1	TCGA-A7-A3IY	0.27027027027027
TCGA-A7-A3IY:22:23658000:G	42	8	2	1	1	TCGA-A7-A3IY	0.16
TCGA-A7-A3IY:22:23658002:G	40	8	2	1	1	TCGA-A7-A3IY	0.166666666666667
TCGA-A7-A3IY:2:238303516:T	36	6	2	1	1	TCGA-A7-A3IY	0.142857142857143
TCGA-A7-A3IY:2:170100025:T	51	12	2	1	1	TCGA-A7-A3IY	0.19047619047619
TCGA-A7-A3IY:4:186299270:T	38	8	2	1	1	TCGA-A7-A3IY	0.173913043478261
TCGA-A7-A3IY:6:169641884:G	54	12	2	1	1	TCGA-A7-A3IY	0.181818181818182
TCGA-A7-A3IY:19:39899009:C	145	26	2	1	1	TCGA-A7-A3IY	0.152046783625731
