mutation_id	ref_counts	var_counts	normal_cn	minor_cn	major_cn	variant_case	variant_freq
TCGA-A8-A09B:13:113464932:G	51	17	2	1	1	TCGA-A8-A09B	0.25
TCGA-A8-A09B:13:31903712:C	85	40	2	1	1	TCGA-A8-A09B	0.32
TCGA-A8-A09B:5:41160256:C	138	101	2	2	2	TCGA-A8-A09B	0.422594142259414
TCGA-A8-A09B:9:100070026:C	9	25	2	0	2	TCGA-A8-A09B	0.735294117647059
TCGA-A8-A09B:19:10084293:G	20	18	2	1	2	TCGA-A8-A09B	0.473684210526316
TCGA-A8-A09B:6:132031833:C	187	57	2	1	3	TCGA-A8-A09B	0.233606557377049
TCGA-A8-A09B:3:109026960:C	126	37	2	2	2	TCGA-A8-A09B	0.226993865030675
TCGA-A8-A09B:6:56473226:C	139	40	2	1	3	TCGA-A8-A09B	0.223463687150838
TCGA-A8-A09B:15:59784566:G	50	17	2	1	2	TCGA-A8-A09B	0.253731343283582
TCGA-A8-A09B:13:93518661:G	179	128	2	1	1	TCGA-A8-A09B	0.416938110749186
TCGA-A8-A09B:3:4853138:G	121	21	2	2	2	TCGA-A8-A09B	0.147887323943662
TCGA-A8-A09B:19:41123021:G	27	17	2	1	2	TCGA-A8-A09B	0.386363636363636
TCGA-A8-A09B:5:56160761:G	79	37	2	1	3	TCGA-A8-A09B	0.318965517241379
TCGA-A8-A09B:5:56161795:C	84	56	2	1	3	TCGA-A8-A09B	0.4
TCGA-A8-A09B:12:49444769:G	18	21	2	1	2	TCGA-A8-A09B	0.538461538461538
TCGA-A8-A09B:5:140433373:G	108	35	2	2	2	TCGA-A8-A09B	0.244755244755245
TCGA-A8-A09B:6:3081257:C	181	43	2	1	3	TCGA-A8-A09B	0.191964285714286
TCGA-A8-A09B:7:21469678:C	55	27	2	2	2	TCGA-A8-A09B	0.329268292682927
TCGA-A8-A09B:5:149375596:G	182	39	2	2	2	TCGA-A8-A09B	0.176470588235294
TCGA-A8-A09B:9:129870474:C	38	6	2	0	2	TCGA-A8-A09B	0.136363636363636
TCGA-A8-A09B:17:27185468:G	231	35	2	1	2	TCGA-A8-A09B	0.131578947368421
TCGA-A8-A09B:21:33331189:C	107	17	2	1	1	TCGA-A8-A09B	0.137096774193548
TCGA-A8-A09B:17:80615975:C	33	5	2	1	2	TCGA-A8-A09B	0.131578947368421
TCGA-A8-A09B:19:38948842:C	162	27	2	1	2	TCGA-A8-A09B	0.142857142857143
TCGA-A8-A09B:10:114849277:T	60	10	2	1	2	TCGA-A8-A09B	0.142857142857143
TCGA-A8-A09B:15:76146749:C	71	15	2	0	1	TCGA-A8-A09B	0.174418604651163
