mutation_id	ref_counts	var_counts	normal_cn	minor_cn	major_cn	variant_case	variant_freq
TCGA-A2-A0YL:22:24573575:C	33	6	2	1	1	TCGA-A2-A0YL	0.153846153846154
TCGA-A2-A0YL:1:204103702:G	82	10	2	1	2	TCGA-A2-A0YL	0.108695652173913
TCGA-A2-A0YL:11:6631001:G	75	18	2	1	1	TCGA-A2-A0YL	0.193548387096774
TCGA-A2-A0YL:5:174156269:C	52	11	2	1	1	TCGA-A2-A0YL	0.174603174603175
TCGA-A2-A0YL:3:178952085:A	110	17	2	1	1	TCGA-A2-A0YL	0.133858267716535
TCGA-A2-A0YL:1:240976995:G	122	51	2	1	2	TCGA-A2-A0YL	0.294797687861272
TCGA-A2-A0YL:21:45833784:C	61	12	2	1	1	TCGA-A2-A0YL	0.164383561643836
TCGA-A2-A0YL:14:103803097:C	165	19	2	1	1	TCGA-A2-A0YL	0.103260869565217
TCGA-A2-A0YL:2:210574677:C	107	12	2	1	1	TCGA-A2-A0YL	0.100840336134454
