mutation_id	ref_counts	var_counts	normal_cn	minor_cn	major_cn	variant_case	variant_freq
TCGA-B6-A0RI:9:107550711:C	203	109	2	1	1	TCGA-B6-A0RI	0.349358974358974
TCGA-B6-A0RI:16:67645518:T	26	60	2	0	1	TCGA-B6-A0RI	0.697674418604651
TCGA-B6-A0RI:8:130891697:A	127	88	2	1	1	TCGA-B6-A0RI	0.409302325581395
TCGA-B6-A0RI:4:123536991:G	132	64	2	1	1	TCGA-B6-A0RI	0.326530612244898
TCGA-B6-A0RI:4:151392804:C	177	76	2	1	1	TCGA-B6-A0RI	0.300395256916996
TCGA-B6-A0RI:1:89299057:C	104	40	2	1	1	TCGA-B6-A0RI	0.277777777777778
TCGA-B6-A0RI:13:36886475:T	326	153	2	1	1	TCGA-B6-A0RI	0.319415448851775
TCGA-B6-A0RI:12:101723202:C	72	42	2	1	1	TCGA-B6-A0RI	0.368421052631579
TCGA-B6-A0RI:1:113057615:G	22	33	2	1	2	TCGA-B6-A0RI	0.6
TCGA-B6-A0RI:1:16263797:C	38	6	2	1	1	TCGA-B6-A0RI	0.136363636363636
