mutation_id	ref_counts	var_counts	normal_cn	minor_cn	major_cn	variant_case	variant_freq
TCGA-A1-A0SM:1:160144388:C	31	35	2	1	3	TCGA-A1-A0SM	0.53030303030303
TCGA-A1-A0SM:3:148896320:A	190	71	2	1	1	TCGA-A1-A0SM	0.272030651340996
TCGA-A1-A0SM:8:3076793:G	38	15	2	1	1	TCGA-A1-A0SM	0.283018867924528
TCGA-A1-A0SM:1:155020578:A	157	20	2	1	7	TCGA-A1-A0SM	0.112994350282486
TCGA-A1-A0SM:8:42179428:G	178	73	2	1	1	TCGA-A1-A0SM	0.290836653386454
TCGA-A1-A0SM:3:188584034:G	24	11	2	1	1	TCGA-A1-A0SM	0.314285714285714
TCGA-A1-A0SM:11:78780799:A	50	7	2	0	25	TCGA-A1-A0SM	0.12280701754386
TCGA-A1-A0SM:12:96066487:C	21	11	2	1	1	TCGA-A1-A0SM	0.34375
TCGA-A1-A0SM:10:95720549:T	46	19	2	1	1	TCGA-A1-A0SM	0.292307692307692
TCGA-A1-A0SM:10:99130258:G	23	9	2	1	1	TCGA-A1-A0SM	0.28125
TCGA-A1-A0SM:6:44250253:C	22	8	2	1	1	TCGA-A1-A0SM	0.266666666666667
TCGA-A1-A0SM:7:100349612:C	540	259	2	1	1	TCGA-A1-A0SM	0.324155193992491
TCGA-A1-A0SM:19:44936532:T	54	24	2	1	1	TCGA-A1-A0SM	0.307692307692308
TCGA-A1-A0SM:12:10134654:T	89	23	2	1	1	TCGA-A1-A0SM	0.205357142857143
