mutation_id	ref_counts	var_counts	normal_cn	minor_cn	major_cn	variant_case	variant_freq
TCGA-A2-A0CO:7:150737592:G	51	18	2	1	1	TCGA-A2-A0CO	0.260869565217391
TCGA-A2-A0CO:7:100243916:G	37	19	2	1	1	TCGA-A2-A0CO	0.339285714285714
TCGA-A2-A0CO:10:12856243:G	49	15	2	1	1	TCGA-A2-A0CO	0.234375
TCGA-A2-A0CO:3:180426685:C	39	13	2	1	1	TCGA-A2-A0CO	0.25
TCGA-A2-A0CO:16:68845757:C	17	21	2	0	1	TCGA-A2-A0CO	0.552631578947368
TCGA-A2-A0CO:22:37769141:T	46	26	2	1	1	TCGA-A2-A0CO	0.361111111111111
TCGA-A2-A0CO:3:186953629:C	25	6	2	1	1	TCGA-A2-A0CO	0.193548387096774
TCGA-A2-A0CO:5:134364708:C	62	22	2	1	1	TCGA-A2-A0CO	0.261904761904762
TCGA-A2-A0CO:17:62045591:C	49	20	2	1	1	TCGA-A2-A0CO	0.289855072463768
TCGA-A2-A0CO:6:44121445:G	43	13	2	1	1	TCGA-A2-A0CO	0.232142857142857
TCGA-A2-A0CO:22:20760662:G	41	16	2	1	1	TCGA-A2-A0CO	0.280701754385965
TCGA-A2-A0CO:2:197857433:T	49	7	2	1	1	TCGA-A2-A0CO	0.125
TCGA-A2-A0CO:9:43853528:G	62	9	2	1	2	TCGA-A2-A0CO	0.126760563380282
TCGA-A2-A0CO:6:116784535:G	63	12	2	1	1	TCGA-A2-A0CO	0.16
TCGA-A2-A0CO:7:128496897:C	38	6	2	1	1	TCGA-A2-A0CO	0.136363636363636
TCGA-A2-A0CO:7:150164191:G	38	5	2	1	1	TCGA-A2-A0CO	0.116279069767442
TCGA-A2-A0CO:15:82635183:A	66	8	2	1	1	TCGA-A2-A0CO	0.108108108108108
TCGA-A2-A0CO:1:154842330:T	84	10	2	1	2	TCGA-A2-A0CO	0.106382978723404
TCGA-A2-A0CO:12:49443899:C	46	7	2	1	1	TCGA-A2-A0CO	0.132075471698113
TCGA-A2-A0CO:19:54403868:C	42	6	2	1	1	TCGA-A2-A0CO	0.125
TCGA-A2-A0CO:4:88902647:C	44	7	2	1	1	TCGA-A2-A0CO	0.137254901960784
