mutation_id	ref_counts	var_counts	normal_cn	minor_cn	major_cn	variant_case	variant_freq
TCGA-AN-A0AS:10:111860581:G	48	17	2	1	1	TCGA-AN-A0AS	0.261538461538462
TCGA-AN-A0AS:8:139675984:C	138	46	2	1	6	TCGA-AN-A0AS	0.25
TCGA-AN-A0AS:2:46588075:A	53	22	2	1	1	TCGA-AN-A0AS	0.293333333333333
TCGA-AN-A0AS:13:39450219:G	459	97	2	3	7	TCGA-AN-A0AS	0.174460431654676
TCGA-AN-A0AS:1:197890729:G	26	8	2	1	2	TCGA-AN-A0AS	0.235294117647059
TCGA-AN-A0AS:11:47304168:G	74	31	2	1	2	TCGA-AN-A0AS	0.295238095238095
TCGA-AN-A0AS:1:248512969:C	90	77	2	1	2	TCGA-AN-A0AS	0.461077844311377
TCGA-AN-A0AS:5:68692264:C	51	16	2	0	2	TCGA-AN-A0AS	0.238805970149254
TCGA-AN-A0AS:15:33927942:C	36	7	2	1	1	TCGA-AN-A0AS	0.162790697674419
TCGA-AN-A0AS:15:77025641:T	32	6	2	1	1	TCGA-AN-A0AS	0.157894736842105
TCGA-AN-A0AS:19:49850509:C	58	21	2	1	1	TCGA-AN-A0AS	0.265822784810127
TCGA-AN-A0AS:3:194331653:C	56	13	2	1	2	TCGA-AN-A0AS	0.188405797101449
TCGA-AN-A0AS:6:2785330:G	66	35	2	1	2	TCGA-AN-A0AS	0.346534653465347
TCGA-AN-A0AS:2:201478612:G	115	27	2	1	1	TCGA-AN-A0AS	0.190140845070423
TCGA-AN-A0AS:7:72892315:C	156	61	2	0	1	TCGA-AN-A0AS	0.28110599078341
TCGA-AN-A0AS:12:88514773:C	59	12	2	0	1	TCGA-AN-A0AS	0.169014084507042
TCGA-AN-A0AS:12:56815795:C	299	45	2	0	4	TCGA-AN-A0AS	0.130813953488372
TCGA-AN-A0AS:2:179455719:G	192	40	2	1	1	TCGA-AN-A0AS	0.172413793103448
