mutation_id	ref_counts	var_counts	normal_cn	minor_cn	major_cn	variant_case	variant_freq
TCGA-AC-A3HN:16:20442387:G	59	11	2	2	2	TCGA-AC-A3HN	0.157142857142857
TCGA-AC-A3HN:11:111368756:G	40	14	2	1	2	TCGA-AC-A3HN	0.259259259259259
TCGA-AC-A3HN:12:70352300:C	58	17	2	2	2	TCGA-AC-A3HN	0.226666666666667
TCGA-AC-A3HN:10:101835810:C	25	11	2	2	2	TCGA-AC-A3HN	0.305555555555556
TCGA-AC-A3HN:22:37698059:A	33	12	2	1	2	TCGA-AC-A3HN	0.266666666666667
TCGA-AC-A3HN:17:40761332:G	31	8	2	2	2	TCGA-AC-A3HN	0.205128205128205
TCGA-AC-A3HN:4:3948533:T	107	28	2	2	2	TCGA-AC-A3HN	0.207407407407407
TCGA-AC-A3HN:1:152188920:C	32	12	2	3	3	TCGA-AC-A3HN	0.272727272727273
TCGA-AC-A3HN:5:140793054:G	26	13	2	2	3	TCGA-AC-A3HN	0.333333333333333
TCGA-AC-A3HN:1:161137204:G	60	7	2	3	3	TCGA-AC-A3HN	0.104477611940299
TCGA-AC-A3HN:15:75673022:T	25	6	2	2	2	TCGA-AC-A3HN	0.193548387096774
TCGA-AC-A3HN:6:112394011:G	35	14	2	2	2	TCGA-AC-A3HN	0.285714285714286
TCGA-AC-A3HN:19:9868562:T	38	8	2	2	2	TCGA-AC-A3HN	0.173913043478261
