mutation_id	ref_counts	var_counts	normal_cn	minor_cn	major_cn	variant_case	variant_freq
TCGA-BH-A0HL:18:12329635:C	49	30	2	1	1	TCGA-BH-A0HL	0.379746835443038
TCGA-BH-A0HL:19:7504982:C	15	16	2	1	1	TCGA-BH-A0HL	0.516129032258065
TCGA-BH-A0HL:4:71200897:C	65	70	2	1	1	TCGA-BH-A0HL	0.518518518518518
TCGA-BH-A0HL:16:69184739:C	51	26	2	1	1	TCGA-BH-A0HL	0.337662337662338
TCGA-BH-A0HL:9:101589095:C	136	94	2	1	1	TCGA-BH-A0HL	0.408695652173913
TCGA-BH-A0HL:2:237308121:T	91	74	2	1	1	TCGA-BH-A0HL	0.448484848484848
TCGA-BH-A0HL:2:24531572:G	93	66	2	1	1	TCGA-BH-A0HL	0.415094339622642
TCGA-BH-A0HL:18:55990551:G	89	56	2	1	1	TCGA-BH-A0HL	0.386206896551724
TCGA-BH-A0HL:1:220325077:G	65	50	2	1	1	TCGA-BH-A0HL	0.434782608695652
TCGA-BH-A0HL:5:38952359:T	65	46	2	1	1	TCGA-BH-A0HL	0.414414414414414
TCGA-BH-A0HL:6:107955025:C	22	29	2	1	1	TCGA-BH-A0HL	0.568627450980392
TCGA-BH-A0HL:6:88769255:G	60	38	2	1	1	TCGA-BH-A0HL	0.387755102040816
TCGA-BH-A0HL:2:179499272:C	18	23	2	1	1	TCGA-BH-A0HL	0.560975609756098
TCGA-BH-A0HL:3:58190568:C	83	34	2	1	1	TCGA-BH-A0HL	0.290598290598291
TCGA-BH-A0HL:17:41164295:G	56	27	2	1	1	TCGA-BH-A0HL	0.325301204819277
TCGA-BH-A0HL:14:106791268:C	54	20	2	1	1	TCGA-BH-A0HL	0.27027027027027
TCGA-BH-A0HL:7:73107983:C	242	129	2	1	1	TCGA-BH-A0HL	0.347708894878706
