mutation_id	ref_counts	var_counts	normal_cn	minor_cn	major_cn	variant_case	variant_freq
TCGA-E2-A1IU:18:31326555:G	31	7	2	1	1	TCGA-E2-A1IU	0.184210526315789
TCGA-E2-A1IU:12:124110991:C	29	28	2	1	1	TCGA-E2-A1IU	0.491228070175439
TCGA-E2-A1IU:5:156589497:C	46	15	2	1	1	TCGA-E2-A1IU	0.245901639344262
TCGA-E2-A1IU:6:1930370:T	26	12	2	1	1	TCGA-E2-A1IU	0.315789473684211
TCGA-E2-A1IU:6:27805735:T	39	14	2	1	1	TCGA-E2-A1IU	0.264150943396226
TCGA-E2-A1IU:5:131796262:C	69	13	2	1	1	TCGA-E2-A1IU	0.158536585365854
TCGA-E2-A1IU:2:225662592:G	31	5	2	1	1	TCGA-E2-A1IU	0.138888888888889
TCGA-E2-A1IU:8:144945188:C	35	5	2	1	1	TCGA-E2-A1IU	0.125
TCGA-E2-A1IU:10:36811974:C	59	13	2	1	1	TCGA-E2-A1IU	0.180555555555556
TCGA-E2-A1IU:11:56143720:C	72	18	2	1	1	TCGA-E2-A1IU	0.2
TCGA-E2-A1IU:21:42838079:G	39	5	2	1	1	TCGA-E2-A1IU	0.113636363636364
TCGA-E2-A1IU:9:12698600:G	38	8	2	1	1	TCGA-E2-A1IU	0.173913043478261
