mutation_id	ref_counts	var_counts	normal_cn	minor_cn	major_cn	variant_case	variant_freq
TCGA-AC-A2FG:7:38431520:G	27	9	2	1	1	TCGA-AC-A2FG	0.25
TCGA-AC-A2FG:14:24030620:C	30	8	2	1	1	TCGA-AC-A2FG	0.210526315789474
TCGA-AC-A2FG:2:175979570:C	60	19	2	1	1	TCGA-AC-A2FG	0.240506329113924
TCGA-AC-A2FG:15:44673139:A	42	13	2	1	1	TCGA-AC-A2FG	0.236363636363636
TCGA-AC-A2FG:10:93870935:C	39	12	2	1	1	TCGA-AC-A2FG	0.235294117647059
TCGA-AC-A2FG:12:49233677:G	36	22	2	1	1	TCGA-AC-A2FG	0.379310344827586
TCGA-AC-A2FG:10:124273799:G	32	10	2	1	1	TCGA-AC-A2FG	0.238095238095238
TCGA-AC-A2FG:12:406343:A	24	6	2	1	1	TCGA-AC-A2FG	0.2
TCGA-AC-A2FG:9:86482724:T	45	16	2	1	1	TCGA-AC-A2FG	0.262295081967213
TCGA-AC-A2FG:1:82409249:G	29	11	2	1	1	TCGA-AC-A2FG	0.275
TCGA-AC-A2FG:2:102445999:C	54	16	2	1	1	TCGA-AC-A2FG	0.228571428571429
TCGA-AC-A2FG:10:45956741:G	26	7	2	1	1	TCGA-AC-A2FG	0.212121212121212
TCGA-AC-A2FG:2:1907062:T	37	9	2	1	1	TCGA-AC-A2FG	0.195652173913043
TCGA-AC-A2FG:5:140201501:C	25	8	2	1	1	TCGA-AC-A2FG	0.242424242424242
TCGA-AC-A2FG:1:160183048:G	29	13	2	1	3	TCGA-AC-A2FG	0.30952380952381
TCGA-AC-A2FG:16:4944581:C	26	12	2	1	2	TCGA-AC-A2FG	0.315789473684211
TCGA-AC-A2FG:19:43372959:G	51	16	2	1	1	TCGA-AC-A2FG	0.238805970149254
TCGA-AC-A2FG:1:220364510:G	52	9	2	1	3	TCGA-AC-A2FG	0.147540983606557
TCGA-AC-A2FG:6:111686492:T	68	19	2	1	1	TCGA-AC-A2FG	0.218390804597701
TCGA-AC-A2FG:1:43908673:G	21	12	2	1	1	TCGA-AC-A2FG	0.363636363636364
TCGA-AC-A2FG:2:179499546:G	39	16	2	1	1	TCGA-AC-A2FG	0.290909090909091
TCGA-AC-A2FG:7:100349667:C	128	39	2	1	1	TCGA-AC-A2FG	0.233532934131737
TCGA-AC-A2FG:19:53644868:C	37	9	2	1	1	TCGA-AC-A2FG	0.195652173913043
TCGA-AC-A2FG:13:25058867:C	42	6	2	1	1	TCGA-AC-A2FG	0.125
