mutation_id	ref_counts	var_counts	normal_cn	minor_cn	major_cn	variant_case	variant_freq
TCGA-BH-A0DI:9:101546367:G	54	14	2	1	1	TCGA-BH-A0DI	0.205882352941176
TCGA-BH-A0DI:5:150483207:C	117	22	2	1	2	TCGA-BH-A0DI	0.158273381294964
TCGA-BH-A0DI:10:106166473:G	121	25	2	1	1	TCGA-BH-A0DI	0.171232876712329
TCGA-BH-A0DI:16:61687928:C	69	17	2	1	1	TCGA-BH-A0DI	0.197674418604651
TCGA-BH-A0DI:4:110882135:A	469	94	2	1	1	TCGA-BH-A0DI	0.16696269982238
TCGA-BH-A0DI:12:32791747:G	168	34	2	1	1	TCGA-BH-A0DI	0.168316831683168
TCGA-BH-A0DI:11:69625120:C	3	28	2	1	15	TCGA-BH-A0DI	0.903225806451613
TCGA-BH-A0DI:14:69813893:G	40	11	2	1	1	TCGA-BH-A0DI	0.215686274509804
TCGA-BH-A0DI:1:186024579:G	85	11	2	1	2	TCGA-BH-A0DI	0.114583333333333
TCGA-BH-A0DI:5:162910044:G	38	12	2	1	2	TCGA-BH-A0DI	0.24
TCGA-BH-A0DI:19:41811663:C	132	31	2	1	1	TCGA-BH-A0DI	0.190184049079755
TCGA-BH-A0DI:1:38354001:T	93	17	2	1	1	TCGA-BH-A0DI	0.154545454545455
TCGA-BH-A0DI:19:11221353:C	39	7	2	1	1	TCGA-BH-A0DI	0.152173913043478
TCGA-BH-A0DI:17:34863744:T	109	33	2	1	1	TCGA-BH-A0DI	0.232394366197183
TCGA-BH-A0DI:11:56114328:C	180	106	2	1	1	TCGA-BH-A0DI	0.370629370629371
TCGA-BH-A0DI:3:151047297:C	275	51	2	1	1	TCGA-BH-A0DI	0.156441717791411
TCGA-BH-A0DI:10:105181309:C	32	12	2	1	1	TCGA-BH-A0DI	0.272727272727273
TCGA-BH-A0DI:22:31685334:C	34	9	2	0	2	TCGA-BH-A0DI	0.209302325581395
TCGA-BH-A0DI:5:1414821:C	34	7	2	1	1	TCGA-BH-A0DI	0.170731707317073
TCGA-BH-A0DI:17:7577517:A	71	20	2	0	1	TCGA-BH-A0DI	0.21978021978022
TCGA-BH-A0DI:9:114305275:G	122	23	2	1	1	TCGA-BH-A0DI	0.158620689655172
TCGA-BH-A0DI:19:20045077:C	110	20	2	1	1	TCGA-BH-A0DI	0.153846153846154
TCGA-BH-A0DI:5:68565064:G	250	31	2	1	2	TCGA-BH-A0DI	0.110320284697509
TCGA-BH-A0DI:12:41337803:C	157	24	2	1	1	TCGA-BH-A0DI	0.132596685082873
TCGA-BH-A0DI:1:109440722:G	142	21	2	1	1	TCGA-BH-A0DI	0.128834355828221
TCGA-BH-A0DI:4:56428697:C	124	23	2	0	1	TCGA-BH-A0DI	0.156462585034014
TCGA-BH-A0DI:7:77569914:C	259	39	2	1	1	TCGA-BH-A0DI	0.130872483221477
TCGA-BH-A0DI:12:3702343:C	129	17	2	1	1	TCGA-BH-A0DI	0.116438356164384
