mutation_id	ref_counts	var_counts	normal_cn	minor_cn	major_cn	variant_case	variant_freq
TCGA-E2-A1LL:9:38595563:T	48	11	2	1	2	TCGA-E2-A1LL	0.186440677966102
TCGA-E2-A1LL:14:55621420:T	44	14	2	1	1	TCGA-E2-A1LL	0.241379310344828
TCGA-E2-A1LL:9:34500839:T	26	14	2	1	2	TCGA-E2-A1LL	0.35
TCGA-E2-A1LL:3:56675495:T	22	10	2	0	2	TCGA-E2-A1LL	0.3125
TCGA-E2-A1LL:5:195276:C	23	12	2	0	3	TCGA-E2-A1LL	0.342857142857143
TCGA-E2-A1LL:2:238643948:G	25	9	2	1	2	TCGA-E2-A1LL	0.264705882352941
TCGA-E2-A1LL:10:126453973:C	45	6	2	0	3	TCGA-E2-A1LL	0.117647058823529
TCGA-E2-A1LL:17:74902194:G	21	11	2	0	2	TCGA-E2-A1LL	0.34375
TCGA-E2-A1LL:3:145809641:C	45	7	2	2	2	TCGA-E2-A1LL	0.134615384615385
TCGA-E2-A1LL:19:38959725:C	31	6	2	1	2	TCGA-E2-A1LL	0.162162162162162
TCGA-E2-A1LL:2:27598788:T	35	6	2	1	3	TCGA-E2-A1LL	0.146341463414634
TCGA-E2-A1LL:2:228883047:C	31	9	2	1	2	TCGA-E2-A1LL	0.225
TCGA-E2-A1LL:14:65239994:C	46	7	2	1	5	TCGA-E2-A1LL	0.132075471698113
TCGA-E2-A1LL:20:31572971:C	35	8	2	2	2	TCGA-E2-A1LL	0.186046511627907
TCGA-E2-A1LL:15:31294084:T	71	24	2	2	3	TCGA-E2-A1LL	0.252631578947368
