mutation_id	ref_counts	var_counts	normal_cn	minor_cn	major_cn	variant_case	variant_freq
TCGA-E9-A1RA:2:133015314:G	46	7	2	0	2	TCGA-E9-A1RA	0.132075471698113
TCGA-E9-A1RA:3:123663791:T	59	14	2	1	2	TCGA-E9-A1RA	0.191780821917808
TCGA-E9-A1RA:2:132288159:C	39	16	2	0	2	TCGA-E9-A1RA	0.290909090909091
TCGA-E9-A1RA:16:70211379:C	31	10	2	0	2	TCGA-E9-A1RA	0.24390243902439
TCGA-E9-A1RA:3:52729291:A	87	12	2	1	1	TCGA-E9-A1RA	0.121212121212121
TCGA-E9-A1RA:15:75580671:G	39	8	2	2	2	TCGA-E9-A1RA	0.170212765957447
TCGA-E9-A1RA:22:47070636:C	30	8	2	1	1	TCGA-E9-A1RA	0.210526315789474
TCGA-E9-A1RA:5:178408703:C	68	26	2	1	2	TCGA-E9-A1RA	0.276595744680851
TCGA-E9-A1RA:20:16488613:T	60	21	2	2	2	TCGA-E9-A1RA	0.259259259259259
TCGA-E9-A1RA:3:156710975:A	45	10	2	1	1	TCGA-E9-A1RA	0.181818181818182
TCGA-E9-A1RA:12:70004328:C	41	29	2	1	2	TCGA-E9-A1RA	0.414285714285714
TCGA-E9-A1RA:1:70397248:G	48	10	2	1	2	TCGA-E9-A1RA	0.172413793103448
TCGA-E9-A1RA:13:52725510:C	45	11	2	1	1	TCGA-E9-A1RA	0.196428571428571
TCGA-E9-A1RA:17:7227242:G	25	9	2	1	1	TCGA-E9-A1RA	0.264705882352941
TCGA-E9-A1RA:1:233092096:A	94	19	2	1	4	TCGA-E9-A1RA	0.168141592920354
TCGA-E9-A1RA:19:15053236:G	30	9	2	2	2	TCGA-E9-A1RA	0.230769230769231
TCGA-E9-A1RA:3:178936082:G	43	13	2	1	1	TCGA-E9-A1RA	0.232142857142857
TCGA-E9-A1RA:8:141749152:C	39	16	2	1	2	TCGA-E9-A1RA	0.290909090909091
TCGA-E9-A1RA:16:19070770:G	65	27	2	2	2	TCGA-E9-A1RA	0.293478260869565
TCGA-E9-A1RA:7:71175847:G	20	10	2	2	2	TCGA-E9-A1RA	0.333333333333333
