mutation_id	ref_counts	var_counts	normal_cn	minor_cn	major_cn	variant_case	variant_freq
TCGA-D8-A1JH:22:39917837:T	83	30	2	2	2	TCGA-D8-A1JH	0.265486725663717
TCGA-D8-A1JH:2:202123066:G	103	30	2	2	2	TCGA-D8-A1JH	0.225563909774436
TCGA-D8-A1JH:17:33281599:A	96	34	2	2	2	TCGA-D8-A1JH	0.261538461538462
TCGA-D8-A1JH:1:53675969:A	66	18	2	2	2	TCGA-D8-A1JH	0.214285714285714
TCGA-D8-A1JH:1:167935897:G	96	26	2	2	2	TCGA-D8-A1JH	0.213114754098361
TCGA-D8-A1JH:7:14880851:G	111	42	2	2	2	TCGA-D8-A1JH	0.274509803921569
TCGA-D8-A1JH:1:17033805:C	28	10	2	2	2	TCGA-D8-A1JH	0.263157894736842
TCGA-D8-A1JH:19:44223848:G	29	12	2	2	2	TCGA-D8-A1JH	0.292682926829268
TCGA-D8-A1JH:5:56184105:G	180	39	2	2	2	TCGA-D8-A1JH	0.178082191780822
TCGA-D8-A1JH:6:131925356:T	78	22	2	2	2	TCGA-D8-A1JH	0.22
TCGA-D8-A1JH:3:178952085:A	49	21	2	2	2	TCGA-D8-A1JH	0.3
TCGA-D8-A1JH:22:35943099:C	41	10	2	2	2	TCGA-D8-A1JH	0.196078431372549
TCGA-D8-A1JH:20:34313042:T	77	15	2	2	2	TCGA-D8-A1JH	0.16304347826087
TCGA-D8-A1JH:18:67684697:T	64	14	2	2	2	TCGA-D8-A1JH	0.179487179487179
TCGA-D8-A1JH:14:21836478:T	46	14	2	2	2	TCGA-D8-A1JH	0.233333333333333
TCGA-D8-A1JH:6:170871052:G	58	15	2	2	2	TCGA-D8-A1JH	0.205479452054795
