mutation_id	ref_counts	var_counts	normal_cn	minor_cn	major_cn	variant_case	variant_freq
TCGA-BH-A0HW:5:142513639:G	63	16	2	2	2	TCGA-BH-A0HW	0.20253164556962
TCGA-BH-A0HW:1:27087880:C	22	19	2	1	2	TCGA-BH-A0HW	0.463414634146341
TCGA-BH-A0HW:11:34093289:A	142	138	2	2	2	TCGA-BH-A0HW	0.492857142857143
TCGA-BH-A0HW:5:154254920:C	112	107	2	2	2	TCGA-BH-A0HW	0.488584474885845
TCGA-BH-A0HW:3:2787338:G	82	60	2	0	2	TCGA-BH-A0HW	0.422535211267606
TCGA-BH-A0HW:12:49742746:G	28	5	2	2	2	TCGA-BH-A0HW	0.151515151515152
TCGA-BH-A0HW:3:27761733:G	53	47	2	2	2	TCGA-BH-A0HW	0.47
TCGA-BH-A0HW:1:150973769:T	38	21	2	1	2	TCGA-BH-A0HW	0.355932203389831
TCGA-BH-A0HW:12:52681780:C	72	21	2	2	2	TCGA-BH-A0HW	0.225806451612903
TCGA-BH-A0HW:1:158390579:C	62	95	2	1	2	TCGA-BH-A0HW	0.605095541401274
TCGA-BH-A0HW:9:8486284:G	21	25	2	2	2	TCGA-BH-A0HW	0.543478260869565
TCGA-BH-A0HW:15:41021711:T	19	23	2	2	2	TCGA-BH-A0HW	0.547619047619048
TCGA-BH-A0HW:8:38696043:G	485	95	2	2	12	TCGA-BH-A0HW	0.163793103448276
TCGA-BH-A0HW:11:62505789:A	85	53	2	2	2	TCGA-BH-A0HW	0.384057971014493
TCGA-BH-A0HW:7:73279580:C	25	7	2	2	2	TCGA-BH-A0HW	0.21875
TCGA-BH-A0HW:1:153925831:G	52	52	2	1	2	TCGA-BH-A0HW	0.5
TCGA-BH-A0HW:11:49192781:T	95	51	2	2	2	TCGA-BH-A0HW	0.349315068493151
TCGA-BH-A0HW:9:101052989:G	68	11	2	2	2	TCGA-BH-A0HW	0.139240506329114
TCGA-BH-A0HW:3:168813030:G	106	18	2	2	2	TCGA-BH-A0HW	0.145161290322581
TCGA-BH-A0HW:17:6940081:C	32	6	2	0	2	TCGA-BH-A0HW	0.157894736842105
