mutation_id	ref_counts	var_counts	normal_cn	minor_cn	major_cn	variant_case	variant_freq
TCGA-AR-A1AQ:11:105948464:C	81	26	2	1	2	TCGA-AR-A1AQ	0.242990654205607
TCGA-AR-A1AQ:11:17498260:G	27	6	2	1	2	TCGA-AR-A1AQ	0.181818181818182
TCGA-AR-A1AQ:14:96779679:C	61	31	2	0	1	TCGA-AR-A1AQ	0.33695652173913
TCGA-AR-A1AQ:12:7048007:C	22	8	2	2	2	TCGA-AR-A1AQ	0.266666666666667
TCGA-AR-A1AQ:21:30699407:C	123	41	2	1	2	TCGA-AR-A1AQ	0.25
TCGA-AR-A1AQ:15:55681620:C	81	24	2	0	1	TCGA-AR-A1AQ	0.228571428571429
TCGA-AR-A1AQ:16:4458194:C	130	26	2	0	4	TCGA-AR-A1AQ	0.166666666666667
TCGA-AR-A1AQ:18:50985621:G	76	18	2	2	3	TCGA-AR-A1AQ	0.191489361702128
TCGA-AR-A1AQ:2:196749476:G	125	102	2	0	3	TCGA-AR-A1AQ	0.449339207048458
TCGA-AR-A1AQ:17:18155040:A	111	49	2	0	2	TCGA-AR-A1AQ	0.30625
TCGA-AR-A1AQ:13:28896410:A	75	96	2	0	3	TCGA-AR-A1AQ	0.56140350877193
TCGA-AR-A1AQ:5:131046309:C	48	24	2	0	2	TCGA-AR-A1AQ	0.333333333333333
TCGA-AR-A1AQ:22:17468927:C	64	19	2	0	2	TCGA-AR-A1AQ	0.228915662650602
TCGA-AR-A1AQ:2:166618455:T	152	119	2	0	3	TCGA-AR-A1AQ	0.439114391143911
TCGA-AR-A1AQ:18:19102675:C	112	43	2	0	3	TCGA-AR-A1AQ	0.27741935483871
TCGA-AR-A1AQ:2:176973668:C	105	20	2	0	3	TCGA-AR-A1AQ	0.16
TCGA-AR-A1AQ:1:44413299:G	44	9	2	0	3	TCGA-AR-A1AQ	0.169811320754717
TCGA-AR-A1AQ:11:74203306:T	123	28	2	1	2	TCGA-AR-A1AQ	0.185430463576159
TCGA-AR-A1AQ:19:9074465:G	222	80	2	2	2	TCGA-AR-A1AQ	0.264900662251656
TCGA-AR-A1AQ:17:27401792:G	144	71	2	0	2	TCGA-AR-A1AQ	0.330232558139535
TCGA-AR-A1AQ:10:36811916:G	557	144	2	4	8	TCGA-AR-A1AQ	0.205420827389444
TCGA-AR-A1AQ:19:16918910:T	125	17	2	1	2	TCGA-AR-A1AQ	0.119718309859155
TCGA-AR-A1AQ:10:34400454:G	169	25	2	4	8	TCGA-AR-A1AQ	0.128865979381443
TCGA-AR-A1AQ:19:3643289:G	114	51	2	0	2	TCGA-AR-A1AQ	0.309090909090909
TCGA-AR-A1AQ:20:47296244:C	144	35	2	1	2	TCGA-AR-A1AQ	0.195530726256983
TCGA-AR-A1AQ:13:48934189:C	110	96	2	0	3	TCGA-AR-A1AQ	0.466019417475728
TCGA-AR-A1AQ:2:7179763:G	246	185	2	0	3	TCGA-AR-A1AQ	0.4292343387471
TCGA-AR-A1AQ:19:10334727:G	84	25	2	2	2	TCGA-AR-A1AQ	0.229357798165138
TCGA-AR-A1AQ:6:34506131:G	146	100	2	0	2	TCGA-AR-A1AQ	0.40650406504065
TCGA-AR-A1AQ:1:158615165:G	110	50	2	1	2	TCGA-AR-A1AQ	0.3125
TCGA-AR-A1AQ:19:24116016:G	47	17	2	1	2	TCGA-AR-A1AQ	0.265625
TCGA-AR-A1AQ:6:42906359:G	299	49	2	2	5	TCGA-AR-A1AQ	0.140804597701149
TCGA-AR-A1AQ:1:242287770:C	187	52	2	1	2	TCGA-AR-A1AQ	0.217573221757322
TCGA-AR-A1AQ:7:83823815:G	316	94	2	1	2	TCGA-AR-A1AQ	0.229268292682927
TCGA-AR-A1AQ:11:4091418:A	193	58	2	1	2	TCGA-AR-A1AQ	0.231075697211155
