mutation_id	ref_counts	var_counts	normal_cn	minor_cn	major_cn	variant_case	variant_freq
TCGA-A8-A06T:17:67110993:G	288	181	2	2	2	TCGA-A8-A06T	0.38592750533049
TCGA-A8-A06T:2:21231263:T	216	101	2	0	2	TCGA-A8-A06T	0.318611987381703
TCGA-A8-A06T:12:46246210:C	398	65	2	2	3	TCGA-A8-A06T	0.140388768898488
TCGA-A8-A06T:19:17922578:G	27	14	2	1	2	TCGA-A8-A06T	0.341463414634146
TCGA-A8-A06T:14:28734083:C	90	52	2	2	2	TCGA-A8-A06T	0.366197183098592
TCGA-A8-A06T:10:50531374:C	69	40	2	2	2	TCGA-A8-A06T	0.36697247706422
TCGA-A8-A06T:1:32691811:G	63	20	2	1	2	TCGA-A8-A06T	0.240963855421687
TCGA-A8-A06T:9:35107628:T	77	43	2	2	2	TCGA-A8-A06T	0.358333333333333
TCGA-A8-A06T:11:46894951:C	55	17	2	1	2	TCGA-A8-A06T	0.236111111111111
TCGA-A8-A06T:1:11187855:C	135	40	2	1	2	TCGA-A8-A06T	0.228571428571429
TCGA-A8-A06T:20:9382205:C	31	8	2	2	2	TCGA-A8-A06T	0.205128205128205
TCGA-A8-A06T:16:4939022:T	83	43	2	2	2	TCGA-A8-A06T	0.341269841269841
TCGA-A8-A06T:8:94746354:T	95	34	2	3	3	TCGA-A8-A06T	0.263565891472868
TCGA-A8-A06T:1:173930909:T	209	161	2	2	2	TCGA-A8-A06T	0.435135135135135
TCGA-A8-A06T:1:232596654:T	66	40	2	2	2	TCGA-A8-A06T	0.377358490566038
TCGA-A8-A06T:18:5290912:G	78	40	2	2	2	TCGA-A8-A06T	0.338983050847458
TCGA-A8-A06T:14:68117462:T	97	33	2	0	2	TCGA-A8-A06T	0.253846153846154
TCGA-A8-A06T:18:70526294:C	121	59	2	2	2	TCGA-A8-A06T	0.327777777777778
TCGA-A8-A06T:2:64863109:C	61	26	2	2	2	TCGA-A8-A06T	0.298850574712644
