mutation_id	ref_counts	var_counts	normal_cn	minor_cn	major_cn	variant_case	variant_freq
TCGA-BH-A0GY:7:48284232:T	86	36	2	2	3	TCGA-BH-A0GY	0.295081967213115
TCGA-BH-A0GY:19:47424158:C	51	27	2	2	3	TCGA-BH-A0GY	0.346153846153846
TCGA-BH-A0GY:19:32949349:A	119	22	2	1	2	TCGA-BH-A0GY	0.156028368794326
TCGA-BH-A0GY:16:46960909:G	43	23	2	2	3	TCGA-BH-A0GY	0.348484848484849
TCGA-BH-A0GY:1:67648572:A	307	102	2	2	4	TCGA-BH-A0GY	0.249388753056235
TCGA-BH-A0GY:12:5021358:G	65	30	2	2	2	TCGA-BH-A0GY	0.315789473684211
TCGA-BH-A0GY:1:90400639:G	162	48	2	2	4	TCGA-BH-A0GY	0.228571428571429
TCGA-BH-A0GY:4:140811230:G	67	30	2	1	2	TCGA-BH-A0GY	0.309278350515464
TCGA-BH-A0GY:17:12028665:G	92	113	2	0	3	TCGA-BH-A0GY	0.551219512195122
TCGA-BH-A0GY:3:178952085:A	176	351	2	2	10	TCGA-BH-A0GY	0.666034155597723
TCGA-BH-A0GY:2:131976219:G	41	29	2	1	2	TCGA-BH-A0GY	0.414285714285714
TCGA-BH-A0GY:4:37640083:C	95	70	2	1	2	TCGA-BH-A0GY	0.424242424242424
TCGA-BH-A0GY:5:36679791:G	209	44	2	1	2	TCGA-BH-A0GY	0.173913043478261
TCGA-BH-A0GY:17:7578406:C	53	56	2	0	3	TCGA-BH-A0GY	0.513761467889908
TCGA-BH-A0GY:4:144116875:T	134	52	2	1	2	TCGA-BH-A0GY	0.279569892473118
TCGA-BH-A0GY:16:31090899:C	50	14	2	2	3	TCGA-BH-A0GY	0.21875
TCGA-BH-A0GY:5:140720425:G	74	33	2	1	2	TCGA-BH-A0GY	0.308411214953271
TCGA-BH-A0GY:2:179639817:C	184	28	2	1	2	TCGA-BH-A0GY	0.132075471698113
