mutation_id	ref_counts	var_counts	normal_cn	minor_cn	major_cn	variant_case	variant_freq
TCGA-AO-A0JF:7:150921061:C	104	24	2	1	1	TCGA-AO-A0JF	0.1875
TCGA-AO-A0JF:12:27069033:T	52	10	2	1	1	TCGA-AO-A0JF	0.161290322580645
TCGA-AO-A0JF:22:24480534:G	136	29	2	1	1	TCGA-AO-A0JF	0.175757575757576
TCGA-AO-A0JF:1:226026417:C	186	37	2	1	2	TCGA-AO-A0JF	0.165919282511211
TCGA-AO-A0JF:21:40186843:T	69	27	2	1	1	TCGA-AO-A0JF	0.28125
TCGA-AO-A0JF:2:70524439:G	87	26	2	1	1	TCGA-AO-A0JF	0.230088495575221
TCGA-AO-A0JF:17:12044530:C	123	26	2	1	1	TCGA-AO-A0JF	0.174496644295302
TCGA-AO-A0JF:5:56183347:G	262	58	2	1	1	TCGA-AO-A0JF	0.18125
TCGA-AO-A0JF:3:178928079:G	135	38	2	1	1	TCGA-AO-A0JF	0.219653179190751
TCGA-AO-A0JF:3:178936091:G	64	19	2	1	1	TCGA-AO-A0JF	0.228915662650602
TCGA-AO-A0JF:6:51944778:G	144	34	2	1	1	TCGA-AO-A0JF	0.191011235955056
TCGA-AO-A0JF:17:38643408:G	79	22	2	1	1	TCGA-AO-A0JF	0.217821782178218
TCGA-AO-A0JF:6:87967879:A	68	22	2	1	1	TCGA-AO-A0JF	0.244444444444444
TCGA-AO-A0JF:1:249151656:C	68	13	2	1	2	TCGA-AO-A0JF	0.160493827160494
TCGA-AO-A0JF:6:12296218:T	246	47	2	1	1	TCGA-AO-A0JF	0.160409556313993
TCGA-AO-A0JF:12:96380925:C	113	16	2	1	1	TCGA-AO-A0JF	0.124031007751938
TCGA-AO-A0JF:8:77895511:C	295	61	2	1	1	TCGA-AO-A0JF	0.171348314606742
