mutation_id	ref_counts	var_counts	normal_cn	minor_cn	major_cn	variant_case	variant_freq
TCGA-E2-A1LK:1:229676385:C	109	27	2	1	3	TCGA-E2-A1LK	0.198529411764706
TCGA-E2-A1LK:1:229678083:C	46	14	2	1	3	TCGA-E2-A1LK	0.233333333333333
TCGA-E2-A1LK:17:4535496:C	25	15	2	0	4	TCGA-E2-A1LK	0.375
TCGA-E2-A1LK:11:77301600:G	45	52	2	2	4	TCGA-E2-A1LK	0.536082474226804
TCGA-E2-A1LK:3:53804500:G	56	36	2	2	2	TCGA-E2-A1LK	0.391304347826087
TCGA-E2-A1LK:12:30872133:C	43	54	2	1	2	TCGA-E2-A1LK	0.556701030927835
TCGA-E2-A1LK:11:75501262:A	79	32	2	2	4	TCGA-E2-A1LK	0.288288288288288
TCGA-E2-A1LK:10:395377:C	69	13	2	5	8	TCGA-E2-A1LK	0.158536585365854
TCGA-E2-A1LK:20:18414355:C	41	38	2	2	2	TCGA-E2-A1LK	0.481012658227848
TCGA-E2-A1LK:22:44004466:G	37	38	2	2	2	TCGA-E2-A1LK	0.506666666666667
TCGA-E2-A1LK:4:66286192:G	146	32	2	1	2	TCGA-E2-A1LK	0.179775280898876
TCGA-E2-A1LK:10:5788704:T	107	22	2	5	8	TCGA-E2-A1LK	0.170542635658915
TCGA-E2-A1LK:4:46967096:T	68	68	2	1	2	TCGA-E2-A1LK	0.5
TCGA-E2-A1LK:3:141499486:T	49	30	2	2	2	TCGA-E2-A1LK	0.379746835443038
TCGA-E2-A1LK:3:7188164:C	34	22	2	2	2	TCGA-E2-A1LK	0.392857142857143
TCGA-E2-A1LK:16:27497439:T	71	13	2	1	3	TCGA-E2-A1LK	0.154761904761905
TCGA-E2-A1LK:10:875659:G	91	41	2	5	8	TCGA-E2-A1LK	0.310606060606061
TCGA-E2-A1LK:20:44637580:G	34	7	2	2	3	TCGA-E2-A1LK	0.170731707317073
TCGA-E2-A1LK:11:60975059:C	141	42	2	2	4	TCGA-E2-A1LK	0.229508196721311
TCGA-E2-A1LK:8:144995814:C	76	9	2	1	20	TCGA-E2-A1LK	0.105882352941176
TCGA-E2-A1LK:17:57987923:G	78	70	2	2	2	TCGA-E2-A1LK	0.472972972972973
TCGA-E2-A1LK:2:179581989:T	15	29	2	1	3	TCGA-E2-A1LK	0.659090909090909
TCGA-E2-A1LK:3:49845239:C	45	17	2	2	2	TCGA-E2-A1LK	0.274193548387097
TCGA-E2-A1LK:17:42290592:C	39	24	2	2	2	TCGA-E2-A1LK	0.380952380952381
TCGA-E2-A1LK:15:50741617:T	34	30	2	1	2	TCGA-E2-A1LK	0.46875
TCGA-E2-A1LK:8:56435983:G	635	80	2	2	20	TCGA-E2-A1LK	0.111888111888112
TCGA-E2-A1LK:6:170159085:G	74	42	2	1	2	TCGA-E2-A1LK	0.362068965517241
