mutation_id	ref_counts	var_counts	normal_cn	minor_cn	major_cn	variant_case	variant_freq
TCGA-A7-A26I:10:1405909:C	19	11	2	4	5	TCGA-A7-A26I	0.366666666666667
TCGA-A7-A26I:12:109530530:T	73	20	2	0	2	TCGA-A7-A26I	0.21505376344086
TCGA-A7-A26I:10:102753070:G	39	16	2	2	2	TCGA-A7-A26I	0.290909090909091
TCGA-A7-A26I:1:156263310:C	53	14	2	3	3	TCGA-A7-A26I	0.208955223880597
TCGA-A7-A26I:10:118117402:A	49	9	2	2	2	TCGA-A7-A26I	0.155172413793103
TCGA-A7-A26I:8:61773610:C	46	17	2	2	2	TCGA-A7-A26I	0.26984126984127
TCGA-A7-A26I:13:100425236:G	25	7	2	0	2	TCGA-A7-A26I	0.21875
TCGA-A7-A26I:1:160264342:G	129	54	2	3	3	TCGA-A7-A26I	0.295081967213115
TCGA-A7-A26I:10:124351807:C	111	24	2	2	2	TCGA-A7-A26I	0.177777777777778
TCGA-A7-A26I:10:50594777:G	64	11	2	2	2	TCGA-A7-A26I	0.146666666666667
TCGA-A7-A26I:11:72552500:G	26	16	2	0	3	TCGA-A7-A26I	0.380952380952381
TCGA-A7-A26I:17:27211282:C	23	8	2	0	2	TCGA-A7-A26I	0.258064516129032
TCGA-A7-A26I:9:85863339:C	20	21	2	0	3	TCGA-A7-A26I	0.51219512195122
TCGA-A7-A26I:15:28483866:T	55	20	2	0	1	TCGA-A7-A26I	0.266666666666667
TCGA-A7-A26I:2:90139432:C	108	24	2	2	2	TCGA-A7-A26I	0.181818181818182
TCGA-A7-A26I:19:40199876:C	89	31	2	3	6	TCGA-A7-A26I	0.258333333333333
TCGA-A7-A26I:11:20699549:C	41	31	2	1	2	TCGA-A7-A26I	0.430555555555556
TCGA-A7-A26I:15:24922617:G	15	26	2	0	1	TCGA-A7-A26I	0.634146341463415
TCGA-A7-A26I:3:179605499:G	79	19	2	1	2	TCGA-A7-A26I	0.193877551020408
TCGA-A7-A26I:2:130833036:T	12	26	2	0	3	TCGA-A7-A26I	0.684210526315789
TCGA-A7-A26I:2:62729608:C	79	13	2	2	2	TCGA-A7-A26I	0.141304347826087
TCGA-A7-A26I:10:93572900:A	53	7	2	2	2	TCGA-A7-A26I	0.116666666666667
TCGA-A7-A26I:17:7577141:C	19	23	2	0	2	TCGA-A7-A26I	0.547619047619048
TCGA-A7-A26I:2:179615822:T	47	7	2	0	3	TCGA-A7-A26I	0.12962962962963
TCGA-A7-A26I:16:4802807:G	49	10	2	0	3	TCGA-A7-A26I	0.169491525423729
TCGA-A7-A26I:19:23927048:G	23	32	2	0	2	TCGA-A7-A26I	0.581818181818182
