mutation_id	ref_counts	var_counts	normal_cn	minor_cn	major_cn	variant_case	variant_freq
TCGA-A8-A07I:1:203098133:A	170	20	2	2	13	TCGA-A8-A07I	0.105263157894737
TCGA-A8-A07I:11:62284301:G	153	86	2	1	1	TCGA-A8-A07I	0.359832635983264
TCGA-A8-A07I:9:38395914:G	42	15	2	1	1	TCGA-A8-A07I	0.263157894736842
TCGA-A8-A07I:7:36661342:G	83	47	2	1	1	TCGA-A8-A07I	0.361538461538462
TCGA-A8-A07I:1:27106136:C	115	62	2	1	1	TCGA-A8-A07I	0.350282485875706
TCGA-A8-A07I:10:48033003:T	81	45	2	1	1	TCGA-A8-A07I	0.357142857142857
TCGA-A8-A07I:7:90377067:T	52	68	2	0	1	TCGA-A8-A07I	0.566666666666667
TCGA-A8-A07I:17:73239562:C	69	32	2	1	6	TCGA-A8-A07I	0.316831683168317
TCGA-A8-A07I:12:14839103:G	29	10	2	1	1	TCGA-A8-A07I	0.256410256410256
TCGA-A8-A07I:1:158047872:C	109	35	2	1	2	TCGA-A8-A07I	0.243055555555556
TCGA-A8-A07I:1:201687769:G	16	39	2	0	2	TCGA-A8-A07I	0.709090909090909
TCGA-A8-A07I:8:24774866:G	19	15	2	0	1	TCGA-A8-A07I	0.441176470588235
TCGA-A8-A07I:5:140562339:C	39	27	2	1	1	TCGA-A8-A07I	0.409090909090909
TCGA-A8-A07I:5:140564292:G	25	10	2	1	1	TCGA-A8-A07I	0.285714285714286
TCGA-A8-A07I:7:106523500:C	110	105	2	0	1	TCGA-A8-A07I	0.488372093023256
TCGA-A8-A07I:19:46973388:G	69	47	2	1	1	TCGA-A8-A07I	0.405172413793103
TCGA-A8-A07I:11:32954676:T	111	81	2	1	1	TCGA-A8-A07I	0.421875
TCGA-A8-A07I:17:73654533:C	168	168	2	1	6	TCGA-A8-A07I	0.5
TCGA-A8-A07I:12:130935822:G	23	7	2	1	1	TCGA-A8-A07I	0.233333333333333
TCGA-A8-A07I:17:26818553:G	25	13	2	1	1	TCGA-A8-A07I	0.342105263157895
TCGA-A8-A07I:6:37254787:A	99	35	2	1	2	TCGA-A8-A07I	0.261194029850746
TCGA-A8-A07I:12:112578753:T	77	31	2	1	1	TCGA-A8-A07I	0.287037037037037
TCGA-A8-A07I:2:207171377:G	90	52	2	1	1	TCGA-A8-A07I	0.366197183098592
TCGA-A8-A07I:10:32197496:C	93	85	2	0	1	TCGA-A8-A07I	0.47752808988764
TCGA-A8-A07I:13:32912555:G	60	20	2	0	1	TCGA-A8-A07I	0.25
TCGA-A8-A07I:2:8871022:G	79	9	2	1	1	TCGA-A8-A07I	0.102272727272727
TCGA-A8-A07I:19:8997511:G	331	113	2	1	1	TCGA-A8-A07I	0.254504504504505
TCGA-A8-A07I:13:78182240:A	106	25	2	0	3	TCGA-A8-A07I	0.190839694656489
TCGA-A8-A07I:18:60017101:G	179	68	2	1	1	TCGA-A8-A07I	0.275303643724696
