mutation_id	ref_counts	var_counts	normal_cn	minor_cn	major_cn	variant_case	variant_freq
TCGA-A2-A0EW:7:139257730:G	199	58	2	1	1	TCGA-A2-A0EW	0.22568093385214
TCGA-A2-A0EW:11:78204212:G	189	31	2	1	4	TCGA-A2-A0EW	0.140909090909091
TCGA-A2-A0EW:3:178936095:A	140	42	2	1	1	TCGA-A2-A0EW	0.230769230769231
TCGA-A2-A0EW:2:179467306:G	180	55	2	1	1	TCGA-A2-A0EW	0.234042553191489
TCGA-A2-A0EW:19:44418767:T	222	56	2	1	1	TCGA-A2-A0EW	0.201438848920863
TCGA-A2-A0EW:6:129937374:G	307	74	2	1	1	TCGA-A2-A0EW	0.194225721784777
TCGA-A2-A0EW:1:181726119:C	510	115	2	1	1	TCGA-A2-A0EW	0.184
TCGA-A2-A0EW:12:120156088:G	127	27	2	1	1	TCGA-A2-A0EW	0.175324675324675
TCGA-A2-A0EW:6:132270681:C	187	41	2	1	1	TCGA-A2-A0EW	0.179824561403509
TCGA-A2-A0EW:7:50605566:C	402	93	2	1	1	TCGA-A2-A0EW	0.187878787878788
TCGA-A2-A0EW:15:22382595:A	1096	134	2	1	2	TCGA-A2-A0EW	0.108943089430894
TCGA-A2-A0EW:8:117862955:C	487	126	2	1	1	TCGA-A2-A0EW	0.205546492659054
