mutation_id	ref_counts	var_counts	normal_cn	minor_cn	major_cn	variant_case	variant_freq
TCGA-GM-A2DF:15:35530020:A	208	26	2	0	2	TCGA-GM-A2DF	0.111111111111111
TCGA-GM-A2DF:13:111927099:G	104	57	2	0	4	TCGA-GM-A2DF	0.354037267080745
TCGA-GM-A2DF:1:169391472:G	95	14	2	2	2	TCGA-GM-A2DF	0.128440366972477
TCGA-GM-A2DF:13:103385602:G	113	16	2	0	4	TCGA-GM-A2DF	0.124031007751938
TCGA-GM-A2DF:10:70723131:G	73	9	2	1	2	TCGA-GM-A2DF	0.109756097560976
TCGA-GM-A2DF:6:35277530:C	61	24	2	2	3	TCGA-GM-A2DF	0.282352941176471
TCGA-GM-A2DF:1:153912704:G	63	9	2	2	2	TCGA-GM-A2DF	0.125
TCGA-GM-A2DF:19:14865766:C	30	11	2	0	3	TCGA-GM-A2DF	0.268292682926829
TCGA-GM-A2DF:3:33055654:G	61	41	2	0	4	TCGA-GM-A2DF	0.401960784313726
TCGA-GM-A2DF:13:111366554:C	23	60	2	1	40	TCGA-GM-A2DF	0.72289156626506
TCGA-GM-A2DF:13:111368180:C	20	58	2	1	40	TCGA-GM-A2DF	0.743589743589744
TCGA-GM-A2DF:12:12397448:T	84	19	2	2	2	TCGA-GM-A2DF	0.184466019417476
TCGA-GM-A2DF:2:119750776:G	102	13	2	2	2	TCGA-GM-A2DF	0.11304347826087
TCGA-GM-A2DF:3:9798276:G	34	16	2	0	5	TCGA-GM-A2DF	0.32
TCGA-GM-A2DF:11:123886964:G	178	45	2	0	2	TCGA-GM-A2DF	0.201793721973094
TCGA-GM-A2DF:11:59225149:C	68	10	2	2	2	TCGA-GM-A2DF	0.128205128205128
TCGA-GM-A2DF:1:44086512:G	50	10	2	2	2	TCGA-GM-A2DF	0.166666666666667
TCGA-GM-A2DF:19:49230688:C	46	15	2	0	2	TCGA-GM-A2DF	0.245901639344262
TCGA-GM-A2DF:6:7393371:C	128	18	2	2	3	TCGA-GM-A2DF	0.123287671232877
TCGA-GM-A2DF:1:165380213:G	116	13	2	2	2	TCGA-GM-A2DF	0.10077519379845
TCGA-GM-A2DF:3:47163294:A	52	11	2	0	3	TCGA-GM-A2DF	0.174603174603175
TCGA-GM-A2DF:14:92922791:C	34	5	2	1	2	TCGA-GM-A2DF	0.128205128205128
TCGA-GM-A2DF:20:10279990:G	36	6	2	1	1	TCGA-GM-A2DF	0.142857142857143
TCGA-GM-A2DF:5:147477448:C	73	21	2	1	1	TCGA-GM-A2DF	0.223404255319149
TCGA-GM-A2DF:2:138000041:C	86	20	2	0	2	TCGA-GM-A2DF	0.188679245283019
TCGA-GM-A2DF:17:7577610:T	33	11	2	1	1	TCGA-GM-A2DF	0.25
TCGA-GM-A2DF:1:247464502:C	31	6	2	2	2	TCGA-GM-A2DF	0.162162162162162
