mutation_id	ref_counts	var_counts	normal_cn	minor_cn	major_cn	variant_case	variant_freq
TCGA-B6-A2IU:17:35506834:A	42	12	2	1	1	TCGA-B6-A2IU	0.222222222222222
TCGA-B6-A2IU:12:110778473:A	23	14	2	1	1	TCGA-B6-A2IU	0.378378378378378
TCGA-B6-A2IU:17:79180952:G	78	27	2	1	2	TCGA-B6-A2IU	0.257142857142857
TCGA-B6-A2IU:12:112096541:T	76	35	2	1	1	TCGA-B6-A2IU	0.315315315315315
TCGA-B6-A2IU:7:7283157:T	74	41	2	1	1	TCGA-B6-A2IU	0.356521739130435
TCGA-B6-A2IU:19:35828818:G	41	18	2	1	1	TCGA-B6-A2IU	0.305084745762712
TCGA-B6-A2IU:16:68842647:C	20	10	2	0	1	TCGA-B6-A2IU	0.333333333333333
TCGA-B6-A2IU:19:14523894:G	43	15	2	1	1	TCGA-B6-A2IU	0.258620689655172
TCGA-B6-A2IU:1:19577940:C	57	32	2	1	1	TCGA-B6-A2IU	0.359550561797753
TCGA-B6-A2IU:17:80708405:C	68	16	2	1	2	TCGA-B6-A2IU	0.19047619047619
TCGA-B6-A2IU:15:49611904:C	52	26	2	1	1	TCGA-B6-A2IU	0.333333333333333
TCGA-B6-A2IU:2:89619806:G	28	8	2	1	1	TCGA-B6-A2IU	0.222222222222222
TCGA-B6-A2IU:17:39988648:C	94	51	2	1	1	TCGA-B6-A2IU	0.351724137931034
TCGA-B6-A2IU:3:52568585:G	36	16	2	1	1	TCGA-B6-A2IU	0.307692307692308
TCGA-B6-A2IU:20:45174553:C	25	10	2	1	1	TCGA-B6-A2IU	0.285714285714286
TCGA-B6-A2IU:17:30625209:C	65	32	2	1	1	TCGA-B6-A2IU	0.329896907216495
TCGA-B6-A2IU:12:124008165:G	26	15	2	1	1	TCGA-B6-A2IU	0.365853658536585
TCGA-B6-A2IU:15:33855084:G	24	15	2	1	1	TCGA-B6-A2IU	0.384615384615385
TCGA-B6-A2IU:11:117063014:C	29	11	2	1	1	TCGA-B6-A2IU	0.275
TCGA-B6-A2IU:18:48591919:G	41	24	2	0	1	TCGA-B6-A2IU	0.369230769230769
TCGA-B6-A2IU:1:115419390:G	43	21	2	1	1	TCGA-B6-A2IU	0.328125
TCGA-B6-A2IU:9:100962632:T	41	24	2	1	1	TCGA-B6-A2IU	0.369230769230769
TCGA-B6-A2IU:19:17756912:C	30	18	2	1	1	TCGA-B6-A2IU	0.375
TCGA-B6-A2IU:19:53668566:G	53	29	2	1	1	TCGA-B6-A2IU	0.353658536585366
TCGA-B6-A2IU:18:2913121:G	34	5	2	1	1	TCGA-B6-A2IU	0.128205128205128
TCGA-B6-A2IU:11:71276951:T	46	9	2	1	1	TCGA-B6-A2IU	0.163636363636364
TCGA-B6-A2IU:19:54198526:C	114	23	2	1	1	TCGA-B6-A2IU	0.167883211678832
TCGA-B6-A2IU:11:61252873:G	58	16	2	1	1	TCGA-B6-A2IU	0.216216216216216
TCGA-B6-A2IU:6:152529115:C	50	7	2	0	1	TCGA-B6-A2IU	0.12280701754386
TCGA-B6-A2IU:8:56686187:G	74	10	2	1	2	TCGA-B6-A2IU	0.119047619047619
TCGA-B6-A2IU:13:96506620:C	29	9	2	0	1	TCGA-B6-A2IU	0.236842105263158
TCGA-B6-A2IU:10:31134088:A	54	8	2	1	1	TCGA-B6-A2IU	0.129032258064516
