mutation_id	ref_counts	var_counts	normal_cn	minor_cn	major_cn	variant_case	variant_freq
TCGA-AO-A03L:3:105572448:T	96	58	2	1	2	TCGA-AO-A03L	0.376623376623377
TCGA-AO-A03L:3:121410367:G	145	29	2	2	2	TCGA-AO-A03L	0.166666666666667
TCGA-AO-A03L:3:178921553:T	86	32	2	2	2	TCGA-AO-A03L	0.271186440677966
TCGA-AO-A03L:1:170695522:G	94	27	2	2	2	TCGA-AO-A03L	0.223140495867769
TCGA-AO-A03L:12:71029633:G	60	10	2	2	2	TCGA-AO-A03L	0.142857142857143
TCGA-AO-A03L:1:158912143:A	87	11	2	2	2	TCGA-AO-A03L	0.112244897959184
TCGA-AO-A03L:4:140450374:C	120	32	2	1	2	TCGA-AO-A03L	0.210526315789474
TCGA-AO-A03L:16:4920242:G	56	13	2	2	2	TCGA-AO-A03L	0.188405797101449
TCGA-AO-A03L:20:21307234:G	60	33	2	2	2	TCGA-AO-A03L	0.354838709677419
TCGA-AO-A03L:1:85491733:T	97	23	2	0	1	TCGA-AO-A03L	0.191666666666667
TCGA-AO-A03L:20:9520175:T	207	91	2	1	2	TCGA-AO-A03L	0.305369127516779
TCGA-AO-A03L:18:61654433:C	110	19	2	1	1	TCGA-AO-A03L	0.147286821705426
