mutation_id	ref_counts	var_counts	normal_cn	minor_cn	major_cn	variant_case	variant_freq
TCGA-A2-A0CV:9:139266359:T	46	6	2	1	2	TCGA-A2-A0CV	0.115384615384615
TCGA-A2-A0CV:22:51008742:C	36	14	2	0	1	TCGA-A2-A0CV	0.28
TCGA-A2-A0CV:8:141561427:G	40	7	2	1	2	TCGA-A2-A0CV	0.148936170212766
TCGA-A2-A0CV:14:45431733:C	33	9	2	1	1	TCGA-A2-A0CV	0.214285714285714
TCGA-A2-A0CV:7:299785:G	22	8	2	1	2	TCGA-A2-A0CV	0.266666666666667
TCGA-A2-A0CV:9:36217480:C	111	22	2	1	2	TCGA-A2-A0CV	0.165413533834586
TCGA-A2-A0CV:3:121415242:C	151	34	2	1	2	TCGA-A2-A0CV	0.183783783783784
TCGA-A2-A0CV:5:140256806:G	114	28	2	1	1	TCGA-A2-A0CV	0.197183098591549
TCGA-A2-A0CV:3:78719385:C	59	12	2	1	2	TCGA-A2-A0CV	0.169014084507042
TCGA-A2-A0CV:20:31996318:C	84	19	2	1	2	TCGA-A2-A0CV	0.184466019417476
TCGA-A2-A0CV:19:55690340:G	34	6	2	1	1	TCGA-A2-A0CV	0.15
TCGA-A2-A0CV:16:22143005:G	64	14	2	1	2	TCGA-A2-A0CV	0.179487179487179
TCGA-A2-A0CV:1:229683401:G	119	19	2	1	2	TCGA-A2-A0CV	0.13768115942029
TCGA-A2-A0CV:11:62295540:T	287	55	2	1	1	TCGA-A2-A0CV	0.160818713450292
TCGA-A2-A0CV:5:79032395:G	85	14	2	1	1	TCGA-A2-A0CV	0.141414141414141
TCGA-A2-A0CV:1:87549897:A	119	19	2	1	1	TCGA-A2-A0CV	0.13768115942029
TCGA-A2-A0CV:4:151223818:T	92	18	2	0	1	TCGA-A2-A0CV	0.163636363636364
TCGA-A2-A0CV:14:62536500:G	117	19	2	1	1	TCGA-A2-A0CV	0.139705882352941
TCGA-A2-A0CV:12:129569107:G	73	15	2	1	1	TCGA-A2-A0CV	0.170454545454545
TCGA-A2-A0CV:6:80746264:G	178	33	2	0	1	TCGA-A2-A0CV	0.156398104265403
TCGA-A2-A0CV:12:49666122:G	139	31	2	1	1	TCGA-A2-A0CV	0.182352941176471
