mutation_id	ref_counts	var_counts	normal_cn	minor_cn	major_cn	variant_case	variant_freq
TCGA-A2-A0EM:19:15131381:C	116	65	2	1	1	TCGA-A2-A0EM	0.359116022099448
TCGA-A2-A0EM:9:117004482:A	66	42	2	1	1	TCGA-A2-A0EM	0.388888888888889
TCGA-A2-A0EM:10:101835672:G	109	65	2	1	1	TCGA-A2-A0EM	0.373563218390805
TCGA-A2-A0EM:5:153760044:C	87	48	2	1	1	TCGA-A2-A0EM	0.355555555555556
TCGA-A2-A0EM:5:175110783:G	115	73	2	1	1	TCGA-A2-A0EM	0.388297872340426
TCGA-A2-A0EM:15:23890165:G	24	14	2	1	1	TCGA-A2-A0EM	0.368421052631579
TCGA-A2-A0EM:15:48441260:C	362	194	2	1	1	TCGA-A2-A0EM	0.348920863309353
TCGA-A2-A0EM:11:76910861:C	22	14	2	1	1	TCGA-A2-A0EM	0.388888888888889
TCGA-A2-A0EM:3:178952085:A	104	63	2	1	1	TCGA-A2-A0EM	0.377245508982036
TCGA-A2-A0EM:20:9401989:G	99	53	2	1	1	TCGA-A2-A0EM	0.348684210526316
TCGA-A2-A0EM:14:104224078:G	159	75	2	1	1	TCGA-A2-A0EM	0.320512820512821
TCGA-A2-A0EM:14:103167650:G	542	270	2	1	1	TCGA-A2-A0EM	0.332512315270936
TCGA-A2-A0EM:11:6638532:C	76	51	2	1	1	TCGA-A2-A0EM	0.401574803149606
TCGA-A2-A0EM:2:168115850:A	44	38	2	1	1	TCGA-A2-A0EM	0.463414634146341
TCGA-A2-A0EM:22:24086804:T	332	168	2	1	1	TCGA-A2-A0EM	0.336
TCGA-A2-A0EM:1:245912935:C	463	82	2	1	3	TCGA-A2-A0EM	0.15045871559633
TCGA-A2-A0EM:22:30136653:C	93	19	2	1	1	TCGA-A2-A0EM	0.169642857142857
