mutation_id	ref_counts	var_counts	normal_cn	minor_cn	major_cn	variant_case	variant_freq
TCGA-BH-A18H:12:9230409:T	292	57	2	1	1	TCGA-BH-A18H	0.163323782234957
TCGA-BH-A18H:19:53793366:C	1590	340	2	2	15	TCGA-BH-A18H	0.176165803108808
TCGA-BH-A18H:11:4593466:G	266	38	2	1	2	TCGA-BH-A18H	0.125
TCGA-BH-A18H:9:131587316:C	90	24	2	1	3	TCGA-BH-A18H	0.210526315789474
TCGA-BH-A18H:3:9803438:C	212	44	2	1	2	TCGA-BH-A18H	0.171875
TCGA-BH-A18H:11:64111763:G	28	5	2	1	3	TCGA-BH-A18H	0.151515151515152
TCGA-BH-A18H:1:19559537:C	210	34	2	1	2	TCGA-BH-A18H	0.139344262295082
TCGA-BH-A18H:4:83375938:C	651	144	2	1	2	TCGA-BH-A18H	0.181132075471698
TCGA-BH-A18H:4:79396611:G	267	64	2	1	2	TCGA-BH-A18H	0.193353474320242
TCGA-BH-A18H:16:31393187:G	344	98	2	2	2	TCGA-BH-A18H	0.221719457013575
TCGA-BH-A18H:11:75133746:C	94	13	2	1	3	TCGA-BH-A18H	0.121495327102804
TCGA-BH-A18H:3:50679183:C	648	88	2	1	2	TCGA-BH-A18H	0.119565217391304
TCGA-BH-A18H:12:55794894:G	581	166	2	2	2	TCGA-BH-A18H	0.222222222222222
TCGA-BH-A18H:3:178952054:G	168	54	2	1	2	TCGA-BH-A18H	0.243243243243243
TCGA-BH-A18H:1:13668994:G	83	10	2	1	2	TCGA-BH-A18H	0.10752688172043
TCGA-BH-A18H:11:20486016:G	251	33	2	1	2	TCGA-BH-A18H	0.116197183098592
TCGA-BH-A18H:11:66613002:T	235	140	2	1	3	TCGA-BH-A18H	0.373333333333333
TCGA-BH-A18H:6:146276233:C	226	31	2	1	2	TCGA-BH-A18H	0.120622568093385
TCGA-BH-A18H:1:205899028:T	95	13	2	2	3	TCGA-BH-A18H	0.12037037037037
TCGA-BH-A18H:1:16262615:C	70	17	2	1	2	TCGA-BH-A18H	0.195402298850575
TCGA-BH-A18H:2:238303252:C	244	84	2	0	2	TCGA-BH-A18H	0.25609756097561
TCGA-BH-A18H:11:82536048:G	244	66	2	1	2	TCGA-BH-A18H	0.212903225806452
TCGA-BH-A18H:15:49309150:G	391	53	2	1	1	TCGA-BH-A18H	0.119369369369369
TCGA-BH-A18H:15:38614571:G	348	48	2	1	1	TCGA-BH-A18H	0.121212121212121
TCGA-BH-A18H:17:7576855:G	322	114	2	0	2	TCGA-BH-A18H	0.261467889908257
