mutation_id	ref_counts	var_counts	normal_cn	minor_cn	major_cn	variant_case	variant_freq
TCGA-D8-A1JE:10:61833948:T	286	55	2	1	2	TCGA-D8-A1JE	0.161290322580645
TCGA-D8-A1JE:10:61835214:A	38	28	2	1	2	TCGA-D8-A1JE	0.424242424242424
TCGA-D8-A1JE:2:133015334:G	23	7	2	2	2	TCGA-D8-A1JE	0.233333333333333
TCGA-D8-A1JE:16:21261144:A	72	32	2	2	2	TCGA-D8-A1JE	0.307692307692308
TCGA-D8-A1JE:20:31756984:C	49	25	2	2	2	TCGA-D8-A1JE	0.337837837837838
TCGA-D8-A1JE:1:170940889:A	169	35	2	1	3	TCGA-D8-A1JE	0.17156862745098
TCGA-D8-A1JE:1:1638858:G	50	14	2	1	1	TCGA-D8-A1JE	0.21875
TCGA-D8-A1JE:9:99797047:G	236	54	2	2	2	TCGA-D8-A1JE	0.186206896551724
TCGA-D8-A1JE:22:37695271:C	27	8	2	2	2	TCGA-D8-A1JE	0.228571428571429
TCGA-D8-A1JE:12:124094511:C	49	28	2	2	2	TCGA-D8-A1JE	0.363636363636364
TCGA-D8-A1JE:1:182849707:G	89	12	2	1	3	TCGA-D8-A1JE	0.118811881188119
TCGA-D8-A1JE:2:25457218:C	39	24	2	1	2	TCGA-D8-A1JE	0.380952380952381
TCGA-D8-A1JE:1:217793197:T	154	167	2	1	3	TCGA-D8-A1JE	0.520249221183801
TCGA-D8-A1JE:5:89970042:C	68	37	2	2	2	TCGA-D8-A1JE	0.352380952380952
TCGA-D8-A1JE:16:15702217:T	82	12	2	2	2	TCGA-D8-A1JE	0.127659574468085
TCGA-D8-A1JE:8:28981618:C	176	45	2	1	2	TCGA-D8-A1JE	0.203619909502262
TCGA-D8-A1JE:1:200584501:C	39	20	2	1	3	TCGA-D8-A1JE	0.338983050847458
TCGA-D8-A1JE:20:42143725:G	25	15	2	2	2	TCGA-D8-A1JE	0.375
TCGA-D8-A1JE:20:42161475:G	94	47	2	2	2	TCGA-D8-A1JE	0.333333333333333
TCGA-D8-A1JE:10:129903220:T	318	99	2	1	2	TCGA-D8-A1JE	0.237410071942446
TCGA-D8-A1JE:12:120794783:G	67	9	2	2	2	TCGA-D8-A1JE	0.118421052631579
TCGA-D8-A1JE:10:26446238:G	94	30	2	1	1	TCGA-D8-A1JE	0.241935483870968
TCGA-D8-A1JE:19:56466488:C	35	9	2	1	2	TCGA-D8-A1JE	0.204545454545455
TCGA-D8-A1JE:8:32620793:G	95	22	2	1	2	TCGA-D8-A1JE	0.188034188034188
TCGA-D8-A1JE:5:140167729:G	44	25	2	2	2	TCGA-D8-A1JE	0.36231884057971
TCGA-D8-A1JE:3:178952085:A	37	30	2	1	2	TCGA-D8-A1JE	0.447761194029851
TCGA-D8-A1JE:9:15490026:C	306	50	2	3	3	TCGA-D8-A1JE	0.140449438202247
TCGA-D8-A1JE:22:30921905:C	58	32	2	2	2	TCGA-D8-A1JE	0.355555555555556
TCGA-D8-A1JE:6:57012098:C	23	14	2	0	2	TCGA-D8-A1JE	0.378378378378378
