mutation_id	ref_counts	var_counts	normal_cn	minor_cn	major_cn	variant_case	variant_freq
TCGA-AO-A12B:1:104162362:A	22	10	2	1	2	TCGA-AO-A12B	0.3125
TCGA-AO-A12B:8:6420368:C	95	18	2	2	2	TCGA-AO-A12B	0.15929203539823
TCGA-AO-A12B:1:171958092:T	60	17	2	1	4	TCGA-AO-A12B	0.220779220779221
TCGA-AO-A12B:22:18769203:G	99	19	2	2	2	TCGA-AO-A12B	0.161016949152542
TCGA-AO-A12B:12:50616076:G	80	103	2	1	2	TCGA-AO-A12B	0.562841530054645
TCGA-AO-A12B:5:43616033:T	126	120	2	2	3	TCGA-AO-A12B	0.48780487804878
TCGA-AO-A12B:12:76786476:G	203	78	2	1	2	TCGA-AO-A12B	0.277580071174377
TCGA-AO-A12B:1:214543010:G	200	45	2	1	4	TCGA-AO-A12B	0.183673469387755
TCGA-AO-A12B:12:72956810:C	25	30	2	1	2	TCGA-AO-A12B	0.545454545454545
TCGA-AO-A12B:13:38357162:A	20	13	2	2	2	TCGA-AO-A12B	0.393939393939394
TCGA-AO-A12B:17:58260550:C	38	27	2	2	2	TCGA-AO-A12B	0.415384615384615
TCGA-AO-A12B:5:64748575:G	134	108	2	2	3	TCGA-AO-A12B	0.446280991735537
TCGA-AO-A12B:10:6470185:T	109	20	2	1	2	TCGA-AO-A12B	0.155038759689922
TCGA-AO-A12B:19:56274382:G	788	97	2	2	2	TCGA-AO-A12B	0.109604519774011
