mutation_id	ref_counts	var_counts	normal_cn	minor_cn	major_cn	variant_case	variant_freq
TCGA-C8-A273:11:70007819:C	103	50	2	1	1	TCGA-C8-A273	0.326797385620915
TCGA-C8-A273:17:48703503:C	18	16	2	0	1	TCGA-C8-A273	0.470588235294118
TCGA-C8-A273:17:48703604:C	26	17	2	0	1	TCGA-C8-A273	0.395348837209302
TCGA-C8-A273:17:59668404:G	480	58	2	1	10	TCGA-C8-A273	0.107806691449814
TCGA-C8-A273:11:66191476:G	36	20	2	1	1	TCGA-C8-A273	0.357142857142857
TCGA-C8-A273:11:56058034:C	59	30	2	1	1	TCGA-C8-A273	0.337078651685393
TCGA-C8-A273:5:140530373:G	42	20	2	1	1	TCGA-C8-A273	0.32258064516129
TCGA-C8-A273:2:165952146:G	60	35	2	1	1	TCGA-C8-A273	0.368421052631579
TCGA-C8-A273:20:1551639:G	165	96	2	1	1	TCGA-C8-A273	0.367816091954023
TCGA-C8-A273:20:19662508:C	42	25	2	1	1	TCGA-C8-A273	0.373134328358209
TCGA-C8-A273:14:91077095:G	117	50	2	1	1	TCGA-C8-A273	0.29940119760479
TCGA-C8-A273:7:138968233:C	176	32	2	1	6	TCGA-C8-A273	0.153846153846154
TCGA-C8-A273:1:166039779:C	121	27	2	1	2	TCGA-C8-A273	0.182432432432432
TCGA-C8-A273:15:75901960:G	72	19	2	1	1	TCGA-C8-A273	0.208791208791209
