mutation_id	ref_counts	var_counts	normal_cn	minor_cn	major_cn	variant_case	variant_freq
TCGA-A2-A0EX:16:68849628:C	71	37	2	0	1	TCGA-A2-A0EX	0.342592592592593
TCGA-A2-A0EX:9:140710464:G	21	14	2	1	1	TCGA-A2-A0EX	0.4
TCGA-A2-A0EX:17:61898202:T	56	21	2	1	1	TCGA-A2-A0EX	0.272727272727273
TCGA-A2-A0EX:19:35649292:G	144	39	2	1	2	TCGA-A2-A0EX	0.213114754098361
TCGA-A2-A0EX:6:146720226:G	183	68	2	1	1	TCGA-A2-A0EX	0.270916334661355
TCGA-A2-A0EX:10:71154851:C	87	23	2	1	1	TCGA-A2-A0EX	0.209090909090909
TCGA-A2-A0EX:17:39155871:T	184	92	2	1	1	TCGA-A2-A0EX	0.333333333333333
TCGA-A2-A0EX:3:178936091:G	58	21	2	1	1	TCGA-A2-A0EX	0.265822784810127
TCGA-A2-A0EX:19:49363612:G	36	12	2	1	2	TCGA-A2-A0EX	0.25
TCGA-A2-A0EX:20:4705447:C	37	13	2	1	1	TCGA-A2-A0EX	0.26
TCGA-A2-A0EX:21:45528869:C	106	71	2	1	1	TCGA-A2-A0EX	0.401129943502825
TCGA-A2-A0EX:8:101300149:T	84	21	2	1	3	TCGA-A2-A0EX	0.2
TCGA-A2-A0EX:1:154461722:G	25	6	2	1	1	TCGA-A2-A0EX	0.193548387096774
TCGA-A2-A0EX:6:108581992:C	26	6	2	1	1	TCGA-A2-A0EX	0.1875
TCGA-A2-A0EX:5:111506043:C	267	32	2	1	1	TCGA-A2-A0EX	0.107023411371237
TCGA-A2-A0EX:2:209212650:C	56	9	2	1	1	TCGA-A2-A0EX	0.138461538461538
