mutation_id	ref_counts	var_counts	normal_cn	minor_cn	major_cn	variant_case	variant_freq
TCGA-D8-A27K:17:47246211:C	18	14	2	1	1	TCGA-D8-A27K	0.4375
TCGA-D8-A27K:12:31613237:G	47	16	2	1	1	TCGA-D8-A27K	0.253968253968254
TCGA-D8-A27K:13:32753825:C	49	16	2	1	1	TCGA-D8-A27K	0.246153846153846
TCGA-D8-A27K:1:79120883:A	55	27	2	1	1	TCGA-D8-A27K	0.329268292682927
TCGA-D8-A27K:7:150034402:G	15	15	2	1	2	TCGA-D8-A27K	0.5
TCGA-D8-A27K:2:15651439:A	28	17	2	1	1	TCGA-D8-A27K	0.377777777777778
TCGA-D8-A27K:7:44713499:G	42	9	2	1	2	TCGA-D8-A27K	0.176470588235294
TCGA-D8-A27K:6:154412457:T	47	14	2	1	1	TCGA-D8-A27K	0.229508196721311
TCGA-D8-A27K:12:55725992:G	96	29	2	1	1	TCGA-D8-A27K	0.232
TCGA-D8-A27K:15:34064135:C	38	16	2	1	1	TCGA-D8-A27K	0.296296296296296
TCGA-D8-A27K:5:76173644:A	55	22	2	1	1	TCGA-D8-A27K	0.285714285714286
TCGA-D8-A27K:6:18132371:C	61	19	2	1	1	TCGA-D8-A27K	0.2375
