mutation_id	ref_counts	var_counts	normal_cn	minor_cn	major_cn	variant_case	variant_freq
TCGA-A8-A06Y:20:54579007:G	21	17	2	2	3	TCGA-A8-A06Y	0.447368421052632
TCGA-A8-A06Y:17:33269814:C	58	57	2	1	2	TCGA-A8-A06Y	0.495652173913044
TCGA-A8-A06Y:15:65450966:T	24	79	2	0	1	TCGA-A8-A06Y	0.766990291262136
TCGA-A8-A06Y:8:42234500:C	34	20	2	2	2	TCGA-A8-A06Y	0.37037037037037
TCGA-A8-A06Y:10:94653227:G	333	219	2	1	2	TCGA-A8-A06Y	0.396739130434783
TCGA-A8-A06Y:5:161309644:C	51	36	2	2	2	TCGA-A8-A06Y	0.413793103448276
TCGA-A8-A06Y:14:93273140:G	66	62	2	1	2	TCGA-A8-A06Y	0.484375
TCGA-A8-A06Y:20:30898744:C	126	77	2	2	3	TCGA-A8-A06Y	0.379310344827586
TCGA-A8-A06Y:1:11169377:T	17	57	2	0	1	TCGA-A8-A06Y	0.77027027027027
TCGA-A8-A06Y:1:148009371:G	49	9	2	2	5	TCGA-A8-A06Y	0.155172413793103
TCGA-A8-A06Y:20:13769239:T	78	44	2	2	3	TCGA-A8-A06Y	0.360655737704918
TCGA-A8-A06Y:3:131068491:G	123	103	2	2	2	TCGA-A8-A06Y	0.455752212389381
TCGA-A8-A06Y:14:20692496:G	56	55	2	1	2	TCGA-A8-A06Y	0.495495495495495
TCGA-A8-A06Y:11:7672916:C	79	26	2	1	2	TCGA-A8-A06Y	0.247619047619048
TCGA-A8-A06Y:7:92733834:G	214	151	2	2	2	TCGA-A8-A06Y	0.413698630136986
TCGA-A8-A06Y:12:100676854:C	79	47	2	1	2	TCGA-A8-A06Y	0.373015873015873
TCGA-A8-A06Y:1:43908290:G	24	59	2	0	1	TCGA-A8-A06Y	0.710843373493976
TCGA-A8-A06Y:16:11792021:G	83	48	2	1	3	TCGA-A8-A06Y	0.366412213740458
TCGA-A8-A06Y:16:23085124:C	46	9	2	1	3	TCGA-A8-A06Y	0.163636363636364
TCGA-A8-A06Y:2:155157929:A	124	19	2	0	2	TCGA-A8-A06Y	0.132867132867133
TCGA-A8-A06Y:14:92265374:G	97	76	2	1	2	TCGA-A8-A06Y	0.439306358381503
TCGA-A8-A06Y:14:92265375:A	96	75	2	1	2	TCGA-A8-A06Y	0.43859649122807
