mutation_id	ref_counts	var_counts	normal_cn	minor_cn	major_cn	variant_case	variant_freq
TCGA-E2-A1IL:15:86768172:G	100	36	2	1	2	TCGA-E2-A1IL	0.264705882352941
TCGA-E2-A1IL:16:28507424:C	30	11	2	1	2	TCGA-E2-A1IL	0.268292682926829
TCGA-E2-A1IL:20:47607613:T	52	32	2	1	1	TCGA-E2-A1IL	0.380952380952381
TCGA-E2-A1IL:1:240370352:C	20	17	2	1	2	TCGA-E2-A1IL	0.459459459459459
TCGA-E2-A1IL:7:31378167:G	26	23	2	1	1	TCGA-E2-A1IL	0.469387755102041
TCGA-E2-A1IL:19:18474258:C	36	20	2	1	1	TCGA-E2-A1IL	0.357142857142857
TCGA-E2-A1IL:3:178952085:A	26	26	2	1	1	TCGA-E2-A1IL	0.5
TCGA-E2-A1IL:2:131883435:G	36	16	2	1	1	TCGA-E2-A1IL	0.307692307692308
TCGA-E2-A1IL:6:2955880:C	37	14	2	1	2	TCGA-E2-A1IL	0.274509803921569
TCGA-E2-A1IL:6:152751745:G	15	28	2	0	1	TCGA-E2-A1IL	0.651162790697674
TCGA-E2-A1IL:6:42712938:A	72	27	2	1	2	TCGA-E2-A1IL	0.272727272727273
TCGA-E2-A1IL:11:57077320:G	34	25	2	1	1	TCGA-E2-A1IL	0.423728813559322
TCGA-E2-A1IL:4:73942663:A	40	11	2	1	1	TCGA-E2-A1IL	0.215686274509804
TCGA-E2-A1IL:7:37896882:G	103	21	2	1	1	TCGA-E2-A1IL	0.169354838709677
