mutation_id	ref_counts	var_counts	normal_cn	minor_cn	major_cn	variant_case	variant_freq
TCGA-AN-A0XV:10:5930026:G	24	14	2	1	1	TCGA-AN-A0XV	0.368421052631579
TCGA-AN-A0XV:5:122685675:G	194	76	2	1	1	TCGA-AN-A0XV	0.281481481481481
TCGA-AN-A0XV:2:72361955:C	29	14	2	1	1	TCGA-AN-A0XV	0.325581395348837
TCGA-AN-A0XV:20:3127664:A	20	17	2	0	2	TCGA-AN-A0XV	0.459459459459459
TCGA-AN-A0XV:6:2124961:C	55	20	2	1	1	TCGA-AN-A0XV	0.266666666666667
TCGA-AN-A0XV:6:105219210:T	110	35	2	1	1	TCGA-AN-A0XV	0.241379310344828
TCGA-AN-A0XV:5:41052602:C	78	32	2	1	1	TCGA-AN-A0XV	0.290909090909091
TCGA-AN-A0XV:3:57139978:G	50	18	2	1	1	TCGA-AN-A0XV	0.264705882352941
TCGA-AN-A0XV:16:47252799:C	185	90	2	1	1	TCGA-AN-A0XV	0.327272727272727
TCGA-AN-A0XV:4:129043387:G	46	13	2	1	1	TCGA-AN-A0XV	0.220338983050847
TCGA-AN-A0XV:12:121132627:G	99	44	2	1	1	TCGA-AN-A0XV	0.307692307692308
TCGA-AN-A0XV:7:151945474:G	113	51	2	1	1	TCGA-AN-A0XV	0.310975609756098
TCGA-AN-A0XV:13:52661583:C	58	53	2	0	1	TCGA-AN-A0XV	0.477477477477477
TCGA-AN-A0XV:6:154412132:G	141	61	2	1	1	TCGA-AN-A0XV	0.301980198019802
TCGA-AN-A0XV:6:29055016:C	62	22	2	1	1	TCGA-AN-A0XV	0.261904761904762
TCGA-AN-A0XV:1:220340879:A	167	73	2	1	1	TCGA-AN-A0XV	0.304166666666667
TCGA-AN-A0XV:2:108604635:G	87	28	2	1	1	TCGA-AN-A0XV	0.243478260869565
TCGA-AN-A0XV:19:4956762:A	46	21	2	1	1	TCGA-AN-A0XV	0.313432835820896
TCGA-AN-A0XV:4:24542562:A	133	16	2	1	1	TCGA-AN-A0XV	0.10738255033557
TCGA-AN-A0XV:5:7867647:C	46	8	2	1	1	TCGA-AN-A0XV	0.148148148148148
TCGA-AN-A0XV:7:26224284:T	58	10	2	1	1	TCGA-AN-A0XV	0.147058823529412
