mutation_id	ref_counts	var_counts	normal_cn	minor_cn	major_cn	variant_case	variant_freq
TCGA-AR-A24X:5:40841761:A	48	23	2	1	1	TCGA-AR-A24X	0.323943661971831
TCGA-AR-A24X:19:48821779:G	17	13	2	1	1	TCGA-AR-A24X	0.433333333333333
TCGA-AR-A24X:17:1340206:C	22	20	2	1	1	TCGA-AR-A24X	0.476190476190476
TCGA-AR-A24X:7:30825399:T	39	22	2	1	1	TCGA-AR-A24X	0.360655737704918
TCGA-AR-A24X:1:39878515:A	25	13	2	1	1	TCGA-AR-A24X	0.342105263157895
TCGA-AR-A24X:12:114395756:G	33	14	2	1	1	TCGA-AR-A24X	0.297872340425532
TCGA-AR-A24X:14:55251070:A	46	22	2	1	1	TCGA-AR-A24X	0.323529411764706
TCGA-AR-A24X:7:142021145:G	34	15	2	1	1	TCGA-AR-A24X	0.306122448979592
TCGA-AR-A24X:1:104166496:T	45	6	2	1	1	TCGA-AR-A24X	0.117647058823529
TCGA-AR-A24X:9:33135286:T	34	12	2	1	1	TCGA-AR-A24X	0.260869565217391
TCGA-AR-A24X:16:68862076:G	27	23	2	0	1	TCGA-AR-A24X	0.46
TCGA-AR-A24X:5:43294939:G	58	9	2	1	1	TCGA-AR-A24X	0.134328358208955
