mutation_id	ref_counts	var_counts	normal_cn	minor_cn	major_cn	variant_case	variant_freq
TCGA-BH-A0W4:2:242155637:C	49	21	2	1	1	TCGA-BH-A0W4	0.3
TCGA-BH-A0W4:5:139939900:T	30	21	2	1	1	TCGA-BH-A0W4	0.411764705882353
TCGA-BH-A0W4:11:4594539:A	260	80	2	1	1	TCGA-BH-A0W4	0.235294117647059
TCGA-BH-A0W4:11:63585750:G	58	18	2	1	1	TCGA-BH-A0W4	0.236842105263158
TCGA-BH-A0W4:1:1653040:T	237	75	2	1	1	TCGA-BH-A0W4	0.240384615384615
TCGA-BH-A0W4:3:126445927:G	147	55	2	1	1	TCGA-BH-A0W4	0.272277227722772
TCGA-BH-A0W4:15:69003905:G	137	46	2	1	1	TCGA-BH-A0W4	0.251366120218579
TCGA-BH-A0W4:16:67645919:C	70	44	2	0	1	TCGA-BH-A0W4	0.385964912280702
TCGA-BH-A0W4:5:39394418:G	264	84	2	1	1	TCGA-BH-A0W4	0.241379310344828
TCGA-BH-A0W4:11:85977150:T	30	9	2	1	1	TCGA-BH-A0W4	0.230769230769231
TCGA-BH-A0W4:17:42964087:C	364	128	2	1	1	TCGA-BH-A0W4	0.260162601626016
TCGA-BH-A0W4:7:37256293:G	115	32	2	1	1	TCGA-BH-A0W4	0.217687074829932
TCGA-BH-A0W4:19:3151786:C	87	35	2	1	1	TCGA-BH-A0W4	0.286885245901639
TCGA-BH-A0W4:15:23685275:C	69	19	2	1	1	TCGA-BH-A0W4	0.215909090909091
TCGA-BH-A0W4:21:38308910:C	76	23	2	1	1	TCGA-BH-A0W4	0.232323232323232
TCGA-BH-A0W4:2:90024772:C	238	71	2	1	1	TCGA-BH-A0W4	0.229773462783172
TCGA-BH-A0W4:2:90025427:C	131	38	2	1	1	TCGA-BH-A0W4	0.224852071005917
TCGA-BH-A0W4:3:4726865:A	66	26	2	1	1	TCGA-BH-A0W4	0.282608695652174
TCGA-BH-A0W4:17:39305785:A	108	42	2	1	1	TCGA-BH-A0W4	0.28
TCGA-BH-A0W4:7:116371755:C	81	26	2	1	1	TCGA-BH-A0W4	0.242990654205607
TCGA-BH-A0W4:19:9296535:C	111	33	2	1	1	TCGA-BH-A0W4	0.229166666666667
TCGA-BH-A0W4:10:55626527:C	154	50	2	1	1	TCGA-BH-A0W4	0.245098039215686
TCGA-BH-A0W4:7:151573642:C	57	22	2	1	1	TCGA-BH-A0W4	0.278481012658228
TCGA-BH-A0W4:6:170871052:G	60	12	2	1	1	TCGA-BH-A0W4	0.166666666666667
TCGA-BH-A0W4:1:24077576:A	31	9	2	1	1	TCGA-BH-A0W4	0.225
TCGA-BH-A0W4:10:126655277:A	390	118	2	1	1	TCGA-BH-A0W4	0.232283464566929
TCGA-BH-A0W4:10:47087301:C	315	38	2	1	1	TCGA-BH-A0W4	0.107648725212465
