mutation_id	ref_counts	var_counts	normal_cn	minor_cn	major_cn	variant_case	variant_freq
TCGA-BH-A0BV:14:90870228:C	52	27	2	2	2	TCGA-BH-A0BV	0.341772151898734
TCGA-BH-A0BV:17:72469816:T	103	58	2	2	2	TCGA-BH-A0BV	0.360248447204969
TCGA-BH-A0BV:8:2975975:T	35	31	2	0	1	TCGA-BH-A0BV	0.46969696969697
TCGA-BH-A0BV:17:45405748:A	142	88	2	2	2	TCGA-BH-A0BV	0.382608695652174
TCGA-BH-A0BV:11:49175784:T	72	105	2	0	1	TCGA-BH-A0BV	0.593220338983051
TCGA-BH-A0BV:19:42738787:G	26	19	2	1	2	TCGA-BH-A0BV	0.422222222222222
TCGA-BH-A0BV:6:26123793:C	139	26	2	1	3	TCGA-BH-A0BV	0.157575757575758
TCGA-BH-A0BV:1:212148582:C	223	61	2	2	5	TCGA-BH-A0BV	0.214788732394366
TCGA-BH-A0BV:3:23934723:C	249	124	2	2	2	TCGA-BH-A0BV	0.332439678284182
TCGA-BH-A0BV:17:5462379:G	124	54	2	1	2	TCGA-BH-A0BV	0.303370786516854
TCGA-BH-A0BV:14:20248544:G	740	165	2	2	2	TCGA-BH-A0BV	0.18232044198895
TCGA-BH-A0BV:3:178936091:G	62	41	2	2	2	TCGA-BH-A0BV	0.398058252427184
TCGA-BH-A0BV:12:42835228:A	115	57	2	2	2	TCGA-BH-A0BV	0.331395348837209
TCGA-BH-A0BV:11:244466:G	83	16	2	1	2	TCGA-BH-A0BV	0.161616161616162
TCGA-BH-A0BV:8:10465798:C	156	162	2	0	1	TCGA-BH-A0BV	0.509433962264151
TCGA-BH-A0BV:3:10354287:C	40	20	2	2	2	TCGA-BH-A0BV	0.333333333333333
TCGA-BH-A0BV:10:82369254:C	66	38	2	1	2	TCGA-BH-A0BV	0.365384615384615
TCGA-BH-A0BV:4:186188284:G	126	32	2	1	2	TCGA-BH-A0BV	0.20253164556962
TCGA-BH-A0BV:1:28211957:A	22	9	2	1	2	TCGA-BH-A0BV	0.290322580645161
TCGA-BH-A0BV:13:30351391:G	39	15	2	1	1	TCGA-BH-A0BV	0.277777777777778
TCGA-BH-A0BV:8:77766283:G	204	98	2	2	2	TCGA-BH-A0BV	0.324503311258278
TCGA-BH-A0BV:2:169869945:G	329	201	2	1	2	TCGA-BH-A0BV	0.379245283018868
