mutation_id	ref_counts	var_counts	normal_cn	minor_cn	major_cn	variant_case	variant_freq
TCGA-BH-A0C7:13:95696580:G	206	29	2	2	6	TCGA-BH-A0C7	0.123404255319149
TCGA-BH-A0C7:16:77353947:G	39	11	2	1	2	TCGA-BH-A0C7	0.22
TCGA-BH-A0C7:6:90276715:T	116	45	2	2	2	TCGA-BH-A0C7	0.279503105590062
TCGA-BH-A0C7:19:18119536:G	38	11	2	2	3	TCGA-BH-A0C7	0.224489795918367
TCGA-BH-A0C7:1:55474123:C	78	26	2	1	2	TCGA-BH-A0C7	0.25
TCGA-BH-A0C7:1:169770035:A	40	6	2	1	5	TCGA-BH-A0C7	0.130434782608696
TCGA-BH-A0C7:16:57760088:C	37	7	2	1	2	TCGA-BH-A0C7	0.159090909090909
TCGA-BH-A0C7:6:44413549:G	162	34	2	2	2	TCGA-BH-A0C7	0.173469387755102
TCGA-BH-A0C7:1:243289814:G	34	62	2	0	5	TCGA-BH-A0C7	0.645833333333333
TCGA-BH-A0C7:16:57994814:C	50	8	2	1	2	TCGA-BH-A0C7	0.137931034482759
TCGA-BH-A0C7:3:130095337:C	77	12	2	2	2	TCGA-BH-A0C7	0.134831460674157
TCGA-BH-A0C7:1:16950470:C	38	9	2	1	2	TCGA-BH-A0C7	0.191489361702128
TCGA-BH-A0C7:14:24586235:G	107	19	2	2	2	TCGA-BH-A0C7	0.150793650793651
TCGA-BH-A0C7:16:89696849:G	47	13	2	1	2	TCGA-BH-A0C7	0.216666666666667
TCGA-BH-A0C7:6:52285258:T	74	47	2	2	2	TCGA-BH-A0C7	0.388429752066116
TCGA-BH-A0C7:3:160000320:G	72	14	2	2	2	TCGA-BH-A0C7	0.162790697674419
TCGA-BH-A0C7:17:62130285:C	139	50	2	3	3	TCGA-BH-A0C7	0.264550264550265
TCGA-BH-A0C7:6:46826804:T	159	20	2	2	2	TCGA-BH-A0C7	0.111731843575419
TCGA-BH-A0C7:8:73480344:C	126	15	2	2	2	TCGA-BH-A0C7	0.106382978723404
TCGA-BH-A0C7:3:178560678:C	68	39	2	2	2	TCGA-BH-A0C7	0.364485981308411
TCGA-BH-A0C7:21:33686921:C	76	19	2	1	3	TCGA-BH-A0C7	0.2
TCGA-BH-A0C7:22:30054223:G	194	80	2	3	3	TCGA-BH-A0C7	0.291970802919708
TCGA-BH-A0C7:2:166900252:G	118	70	2	2	3	TCGA-BH-A0C7	0.372340425531915
TCGA-BH-A0C7:12:123892232:C	22	12	2	1	2	TCGA-BH-A0C7	0.352941176470588
TCGA-BH-A0C7:1:16261573:G	41	12	2	1	2	TCGA-BH-A0C7	0.226415094339623
TCGA-BH-A0C7:20:23016498:C	36	36	2	1	2	TCGA-BH-A0C7	0.5
TCGA-BH-A0C7:4:70707775:T	52	55	2	0	2	TCGA-BH-A0C7	0.514018691588785
TCGA-BH-A0C7:7:98507951:C	43	12	2	2	2	TCGA-BH-A0C7	0.218181818181818
TCGA-BH-A0C7:7:98529083:G	51	15	2	2	2	TCGA-BH-A0C7	0.227272727272727
TCGA-BH-A0C7:19:8577297:C	273	38	2	2	3	TCGA-BH-A0C7	0.122186495176849
