mutation_id	ref_counts	var_counts	normal_cn	minor_cn	major_cn	variant_case	variant_freq
TCGA-A8-A0A4:1:11254592:C	96	46	2	1	1	TCGA-A8-A0A4	0.323943661971831
TCGA-A8-A0A4:10:124457723:T	143	64	2	1	1	TCGA-A8-A0A4	0.309178743961353
TCGA-A8-A0A4:12:64746720:C	115	49	2	1	1	TCGA-A8-A0A4	0.298780487804878
TCGA-A8-A0A4:16:10996535:T	77	34	2	1	1	TCGA-A8-A0A4	0.306306306306306
TCGA-A8-A0A4:14:64727440:G	52	19	2	1	1	TCGA-A8-A0A4	0.267605633802817
TCGA-A8-A0A4:15:68624257:G	68	31	2	1	1	TCGA-A8-A0A4	0.313131313131313
TCGA-A8-A0A4:18:47796443:G	107	44	2	1	1	TCGA-A8-A0A4	0.291390728476821
TCGA-A8-A0A4:1:248202361:G	254	124	2	1	1	TCGA-A8-A0A4	0.328042328042328
TCGA-A8-A0A4:15:63029121:C	43	78	2	1	1	TCGA-A8-A0A4	0.644628099173554
TCGA-A8-A0A4:2:166786867:C	97	40	2	1	1	TCGA-A8-A0A4	0.291970802919708
TCGA-A8-A0A4:2:179434772:G	92	49	2	1	1	TCGA-A8-A0A4	0.347517730496454
TCGA-A8-A0A4:1:36887790:A	97	35	2	1	1	TCGA-A8-A0A4	0.265151515151515
TCGA-A8-A0A4:2:137814797:T	44	19	2	0	1	TCGA-A8-A0A4	0.301587301587302
TCGA-A8-A0A4:2:128884987:A	49	32	2	0	1	TCGA-A8-A0A4	0.395061728395062
