mutation_id	ref_counts	var_counts	normal_cn	minor_cn	major_cn	variant_case	variant_freq
TCGA-EW-A1P3:19:13427968:T	29	8	2	1	1	TCGA-EW-A1P3	0.216216216216216
TCGA-EW-A1P3:15:22928474:T	36	8	2	1	1	TCGA-EW-A1P3	0.181818181818182
TCGA-EW-A1P3:2:158272428:C	25	8	2	1	1	TCGA-EW-A1P3	0.242424242424242
TCGA-EW-A1P3:3:33406169:T	33	9	2	1	1	TCGA-EW-A1P3	0.214285714285714
TCGA-EW-A1P3:5:137226171:G	50	19	2	1	1	TCGA-EW-A1P3	0.27536231884058
TCGA-EW-A1P3:11:126136761:G	37	12	2	1	1	TCGA-EW-A1P3	0.244897959183673
TCGA-EW-A1P3:4:26622298:G	60	17	2	1	1	TCGA-EW-A1P3	0.220779220779221
TCGA-EW-A1P3:19:30054758:G	79	35	2	1	1	TCGA-EW-A1P3	0.307017543859649
TCGA-EW-A1P3:2:202131411:C	33	5	2	1	1	TCGA-EW-A1P3	0.131578947368421
