mutation_id	ref_counts	var_counts	normal_cn	minor_cn	major_cn	variant_case	variant_freq
TCGA-B6-A0X7:19:42410160:C	39	18	2	1	1	TCGA-B6-A0X7	0.315789473684211
TCGA-B6-A0X7:3:50413608:G	81	33	2	1	1	TCGA-B6-A0X7	0.289473684210526
TCGA-B6-A0X7:12:88474172:C	99	35	2	1	1	TCGA-B6-A0X7	0.261194029850746
TCGA-B6-A0X7:8:113841931:T	164	99	2	1	3	TCGA-B6-A0X7	0.376425855513308
TCGA-B6-A0X7:10:5937117:G	37	9	2	1	1	TCGA-B6-A0X7	0.195652173913043
TCGA-B6-A0X7:14:106321751:C	118	42	2	1	1	TCGA-B6-A0X7	0.2625
TCGA-B6-A0X7:1:16891365:G	25	7	2	1	2	TCGA-B6-A0X7	0.21875
TCGA-B6-A0X7:20:61340826:G	56	23	2	1	1	TCGA-B6-A0X7	0.291139240506329
TCGA-B6-A0X7:3:178952085:A	103	47	2	1	1	TCGA-B6-A0X7	0.313333333333333
TCGA-B6-A0X7:1:156784870:G	58	17	2	1	2	TCGA-B6-A0X7	0.226666666666667
TCGA-B6-A0X7:1:215820992:G	119	34	2	1	2	TCGA-B6-A0X7	0.222222222222222
TCGA-B6-A0X7:16:683760:C	21	13	2	1	1	TCGA-B6-A0X7	0.382352941176471
TCGA-B6-A0X7:6:168312077:C	250	44	2	1	1	TCGA-B6-A0X7	0.149659863945578
