mutation_id	ref_counts	var_counts	normal_cn	minor_cn	major_cn	variant_case	variant_freq
TCGA-AC-A23E:11:63585595:C	37	9	2	1	2	TCGA-AC-A23E	0.195652173913043
TCGA-AC-A23E:17:34182281:G	58	11	2	1	2	TCGA-AC-A23E	0.159420289855072
TCGA-AC-A23E:1:26581958:G	52	14	2	1	2	TCGA-AC-A23E	0.212121212121212
TCGA-AC-A23E:11:36297762:G	34	8	2	1	2	TCGA-AC-A23E	0.19047619047619
TCGA-AC-A23E:17:48453257:G	24	6	2	1	2	TCGA-AC-A23E	0.2
TCGA-AC-A23E:17:73897305:C	28	7	2	1	2	TCGA-AC-A23E	0.2
TCGA-AC-A23E:17:16012112:C	31	38	2	0	2	TCGA-AC-A23E	0.550724637681159
TCGA-AC-A23E:12:55794527:C	49	11	2	2	2	TCGA-AC-A23E	0.183333333333333
TCGA-AC-A23E:3:178952085:A	30	19	2	1	3	TCGA-AC-A23E	0.387755102040816
TCGA-AC-A23E:9:116060076:G	28	6	2	2	2	TCGA-AC-A23E	0.176470588235294
TCGA-AC-A23E:10:7409820:G	48	11	2	2	2	TCGA-AC-A23E	0.186440677966102
TCGA-AC-A23E:14:100793566:G	39	28	2	1	3	TCGA-AC-A23E	0.417910447761194
TCGA-AC-A23E:19:9577375:G	62	13	2	2	2	TCGA-AC-A23E	0.173333333333333
