mutation_id	ref_counts	var_counts	normal_cn	minor_cn	major_cn	variant_case	variant_freq
TCGA-A7-A0D9:20:47569307:G	239	366	2	1	12	TCGA-A7-A0D9	0.60495867768595
TCGA-A7-A0D9:8:3165943:A	20	18	2	0	1	TCGA-A7-A0D9	0.473684210526316
TCGA-A7-A0D9:20:61542268:C	117	24	2	1	3	TCGA-A7-A0D9	0.170212765957447
TCGA-A7-A0D9:20:61542482:C	90	19	2	1	3	TCGA-A7-A0D9	0.174311926605505
TCGA-A7-A0D9:10:91143442:T	103	55	2	1	1	TCGA-A7-A0D9	0.348101265822785
TCGA-A7-A0D9:13:70514225:C	54	23	2	1	1	TCGA-A7-A0D9	0.298701298701299
TCGA-A7-A0D9:7:110762901:A	237	77	2	1	2	TCGA-A7-A0D9	0.245222929936306
TCGA-A7-A0D9:10:49609776:C	36	27	2	1	1	TCGA-A7-A0D9	0.428571428571429
TCGA-A7-A0D9:3:178921552:A	60	36	2	1	1	TCGA-A7-A0D9	0.375
TCGA-A7-A0D9:17:57262856:T	183	30	2	1	5	TCGA-A7-A0D9	0.140845070422535
TCGA-A7-A0D9:1:93300436:C	89	50	2	1	1	TCGA-A7-A0D9	0.359712230215827
TCGA-A7-A0D9:12:21329823:T	112	72	2	1	1	TCGA-A7-A0D9	0.391304347826087
TCGA-A7-A0D9:6:170871052:G	40	19	2	1	1	TCGA-A7-A0D9	0.322033898305085
TCGA-A7-A0D9:8:103335715:C	162	47	2	1	3	TCGA-A7-A0D9	0.22488038277512
TCGA-A7-A0D9:3:102196287:G	272	153	2	1	1	TCGA-A7-A0D9	0.36
TCGA-A7-A0D9:2:135966549:C	46	30	2	1	1	TCGA-A7-A0D9	0.394736842105263
TCGA-A7-A0D9:12:1553842:C	99	15	2	1	1	TCGA-A7-A0D9	0.131578947368421
TCGA-A7-A0D9:17:53488766:G	49	18	2	0	1	TCGA-A7-A0D9	0.26865671641791
TCGA-A7-A0D9:3:195452645:G	39	6	2	1	1	TCGA-A7-A0D9	0.133333333333333
TCGA-A7-A0D9:5:140595229:C	243	66	2	1	1	TCGA-A7-A0D9	0.213592233009709
