mutation_id	ref_counts	var_counts	normal_cn	minor_cn	major_cn	variant_case	variant_freq
TCGA-A2-A0SU:17:40025782:G	172	72	2	1	1	TCGA-A2-A0SU	0.295081967213115
TCGA-A2-A0SU:16:77326976:G	32	21	2	0	1	TCGA-A2-A0SU	0.39622641509434
TCGA-A2-A0SU:17:79173241:G	36	35	2	1	2	TCGA-A2-A0SU	0.492957746478873
TCGA-A2-A0SU:16:1260048:G	42	12	2	1	3	TCGA-A2-A0SU	0.222222222222222
TCGA-A2-A0SU:1:109268547:C	125	46	2	1	1	TCGA-A2-A0SU	0.269005847953216
TCGA-A2-A0SU:7:127222606:G	24	16	2	1	1	TCGA-A2-A0SU	0.4
TCGA-A2-A0SU:6:138599688:C	79	27	2	1	1	TCGA-A2-A0SU	0.254716981132075
TCGA-A2-A0SU:18:33793393:C	71	22	2	1	1	TCGA-A2-A0SU	0.236559139784946
TCGA-A2-A0SU:6:132643998:G	60	24	2	1	1	TCGA-A2-A0SU	0.285714285714286
TCGA-A2-A0SU:2:79384752:T	107	38	2	1	1	TCGA-A2-A0SU	0.262068965517241
TCGA-A2-A0SU:4:3318650:C	24	6	2	1	1	TCGA-A2-A0SU	0.2
TCGA-A2-A0SU:8:141294029:A	86	26	2	1	1	TCGA-A2-A0SU	0.232142857142857
TCGA-A2-A0SU:17:35468534:C	176	40	2	1	1	TCGA-A2-A0SU	0.185185185185185
TCGA-A2-A0SU:19:19338574:G	35	5	2	1	1	TCGA-A2-A0SU	0.125
TCGA-A2-A0SU:17:37825994:C	46	6	2	1	1	TCGA-A2-A0SU	0.115384615384615
TCGA-A2-A0SU:7:141490297:C	207	59	2	1	1	TCGA-A2-A0SU	0.221804511278195
TCGA-A2-A0SU:12:125397063:C	234	38	2	1	1	TCGA-A2-A0SU	0.139705882352941
