mutation_id	ref_counts	var_counts	normal_cn	minor_cn	major_cn	variant_case	variant_freq
TCGA-D8-A1XO:11:108121488:G	24	11	2	1	1	TCGA-D8-A1XO	0.314285714285714
TCGA-D8-A1XO:5:150924228:G	22	11	2	1	1	TCGA-D8-A1XO	0.333333333333333
TCGA-D8-A1XO:10:78943191:T	28	11	2	1	1	TCGA-D8-A1XO	0.282051282051282
TCGA-D8-A1XO:1:150551359:A	26	9	2	1	2	TCGA-D8-A1XO	0.257142857142857
TCGA-D8-A1XO:7:104719345:G	160	75	2	1	1	TCGA-D8-A1XO	0.319148936170213
TCGA-D8-A1XO:1:248737167:G	37	10	2	1	2	TCGA-D8-A1XO	0.212765957446809
TCGA-D8-A1XO:3:178936082:G	55	33	2	1	1	TCGA-D8-A1XO	0.375
TCGA-D8-A1XO:2:44429052:C	83	28	2	1	1	TCGA-D8-A1XO	0.252252252252252
TCGA-D8-A1XO:22:30775744:A	26	21	2	0	1	TCGA-D8-A1XO	0.446808510638298
TCGA-D8-A1XO:7:23792363:A	75	32	2	1	1	TCGA-D8-A1XO	0.299065420560748
TCGA-D8-A1XO:16:72832413:G	40	51	2	0	1	TCGA-D8-A1XO	0.56043956043956
TCGA-D8-A1XO:1:63920077:C	115	35	2	1	1	TCGA-D8-A1XO	0.233333333333333
TCGA-D8-A1XO:19:36321761:G	50	12	2	1	1	TCGA-D8-A1XO	0.193548387096774
