mutation_id	ref_counts	var_counts	normal_cn	minor_cn	major_cn	variant_case	variant_freq
TCGA-BH-A18S:1:155932874:C	107	29	2	2	6	TCGA-BH-A18S	0.213235294117647
TCGA-BH-A18S:19:4891118:A	88	44	2	1	2	TCGA-BH-A18S	0.333333333333333
TCGA-BH-A18S:12:14650900:G	74	36	2	1	2	TCGA-BH-A18S	0.327272727272727
TCGA-BH-A18S:2:74803671:T	166	45	2	2	2	TCGA-BH-A18S	0.213270142180095
TCGA-BH-A18S:10:106153122:T	69	57	2	2	2	TCGA-BH-A18S	0.452380952380952
TCGA-BH-A18S:17:80159567:T	22	17	2	2	3	TCGA-BH-A18S	0.435897435897436
TCGA-BH-A18S:15:48788403:C	117	83	2	2	2	TCGA-BH-A18S	0.415
TCGA-BH-A18S:4:46043235:G	87	53	2	2	2	TCGA-BH-A18S	0.378571428571429
TCGA-BH-A18S:17:27909785:C	40	31	2	1	2	TCGA-BH-A18S	0.436619718309859
TCGA-BH-A18S:1:155252422:C	84	16	2	2	6	TCGA-BH-A18S	0.16
TCGA-BH-A18S:12:49937716:G	27	20	2	1	2	TCGA-BH-A18S	0.425531914893617
TCGA-BH-A18S:6:56918226:A	49	37	2	2	2	TCGA-BH-A18S	0.430232558139535
TCGA-BH-A18S:6:129581882:C	35	117	2	0	1	TCGA-BH-A18S	0.769736842105263
TCGA-BH-A18S:6:90410501:A	31	80	2	0	1	TCGA-BH-A18S	0.720720720720721
TCGA-BH-A18S:18:48703491:C	87	81	2	2	2	TCGA-BH-A18S	0.482142857142857
TCGA-BH-A18S:16:67320712:C	15	16	2	2	2	TCGA-BH-A18S	0.516129032258065
TCGA-BH-A18S:3:12650791:T	188	112	2	2	2	TCGA-BH-A18S	0.373333333333333
TCGA-BH-A18S:1:67519643:C	25	22	2	2	2	TCGA-BH-A18S	0.468085106382979
TCGA-BH-A18S:12:118619257:C	75	72	2	2	2	TCGA-BH-A18S	0.489795918367347
TCGA-BH-A18S:18:72346030:T	45	36	2	1	2	TCGA-BH-A18S	0.444444444444444
TCGA-BH-A18S:6:152477160:G	69	9	2	0	1	TCGA-BH-A18S	0.115384615384615
