mutation_id	ref_counts	var_counts	normal_cn	minor_cn	major_cn	variant_case	variant_freq
TCGA-55-6986:1:28148801:C	45	13	2	1	1	TCGA-55-6986	0.224137931034483
TCGA-55-6986:10:118360598:G	40	16	2	1	1	TCGA-55-6986	0.285714285714286
TCGA-55-6986:11:65116348:G	42	10	2	1	1	TCGA-55-6986	0.192307692307692
TCGA-55-6986:11:65636001:A	33	5	2	1	1	TCGA-55-6986	0.131578947368421
TCGA-55-6986:15:40628778:C	53	7	2	1	1	TCGA-55-6986	0.116666666666667
TCGA-55-6986:17:71165803:C	39	9	2	1	1	TCGA-55-6986	0.1875
TCGA-55-6986:2:228762934:T	25	5	2	1	1	TCGA-55-6986	0.166666666666667
TCGA-55-6986:20:33874757:G	32	15	2	1	1	TCGA-55-6986	0.319148936170213
TCGA-55-6986:3:9036109:G	55	10	2	1	1	TCGA-55-6986	0.153846153846154
TCGA-55-6986:3:38307442:C	34	7	2	1	1	TCGA-55-6986	0.170731707317073
TCGA-55-6986:5:23527795:G	88	17	2	1	1	TCGA-55-6986	0.161904761904762
TCGA-55-6986:5:82937403:C	105	34	2	1	1	TCGA-55-6986	0.244604316546763
TCGA-55-6986:7:99359829:G	37	6	2	1	1	TCGA-55-6986	0.13953488372093
TCGA-55-6986:9:19424785:C	52	9	2	1	1	TCGA-55-6986	0.147540983606557
TCGA-55-6986:1:145359169:T	279	6	2	1	1	TCGA-55-6986	0.0210526315789474
TCGA-55-6986:12:11506399:T	38	5	2	0	1	TCGA-55-6986	0.116279069767442
TCGA-55-6986:17:15234676:G	72	5	2	1	1	TCGA-55-6986	0.0649350649350649
TCGA-55-6986:18:2891825:C	45	5	2	1	1	TCGA-55-6986	0.1
TCGA-55-6986:19:43268115:C	224	22	2	1	1	TCGA-55-6986	0.0894308943089431
TCGA-55-6986:19:43699308:T	165	10	2	1	1	TCGA-55-6986	0.0571428571428571
