mutation_id	ref_counts	var_counts	normal_cn	minor_cn	major_cn	variant_case	variant_freq
TCGA-D8-A146:17:79478289:G	56	16	2	2	2	TCGA-D8-A146	0.222222222222222
TCGA-D8-A146:17:80401964:G	44	21	2	2	2	TCGA-D8-A146	0.323076923076923
TCGA-D8-A146:11:47498507:C	134	19	2	2	2	TCGA-D8-A146	0.124183006535948
TCGA-D8-A146:3:130145079:C	535	96	2	1	3	TCGA-D8-A146	0.152139461172742
TCGA-D8-A146:16:20994169:C	182	27	2	3	3	TCGA-D8-A146	0.129186602870813
TCGA-D8-A146:2:129025860:C	31	5	2	1	2	TCGA-D8-A146	0.138888888888889
TCGA-D8-A146:3:52863161:C	130	55	2	1	3	TCGA-D8-A146	0.297297297297297
TCGA-D8-A146:10:68687255:G	137	42	2	1	2	TCGA-D8-A146	0.23463687150838
TCGA-D8-A146:22:39218663:C	26	12	2	1	2	TCGA-D8-A146	0.315789473684211
TCGA-D8-A146:3:178936091:G	191	102	2	1	3	TCGA-D8-A146	0.348122866894198
TCGA-D8-A146:11:67264729:G	46	17	2	2	2	TCGA-D8-A146	0.26984126984127
TCGA-D8-A146:19:49643310:G	168	24	2	2	2	TCGA-D8-A146	0.125
TCGA-D8-A146:2:175264705:G	214	89	2	1	2	TCGA-D8-A146	0.293729372937294
TCGA-D8-A146:20:44680375:C	148	42	2	2	3	TCGA-D8-A146	0.221052631578947
TCGA-D8-A146:2:27430388:A	112	47	2	1	2	TCGA-D8-A146	0.29559748427673
TCGA-D8-A146:5:157073789:G	275	60	2	2	2	TCGA-D8-A146	0.17910447761194
TCGA-D8-A146:2:234680926:G	100	23	2	1	2	TCGA-D8-A146	0.186991869918699
TCGA-D8-A146:12:62786084:A	161	64	2	2	2	TCGA-D8-A146	0.284444444444444
TCGA-D8-A146:19:58370865:G	356	92	2	2	2	TCGA-D8-A146	0.205357142857143
TCGA-D8-A146:20:47863858:C	184	117	2	2	3	TCGA-D8-A146	0.388704318936877
TCGA-D8-A146:13:46054421:A	225	30	2	1	1	TCGA-D8-A146	0.117647058823529
TCGA-D8-A146:6:37429325:G	166	93	2	1	3	TCGA-D8-A146	0.359073359073359
TCGA-D8-A146:2:170672017:C	527	69	2	1	2	TCGA-D8-A146	0.115771812080537
TCGA-D8-A146:2:131379061:T	483	60	2	1	2	TCGA-D8-A146	0.110497237569061
TCGA-D8-A146:10:120917220:A	247	71	2	2	2	TCGA-D8-A146	0.223270440251572
TCGA-D8-A146:12:11244166:G	84	10	2	1	2	TCGA-D8-A146	0.106382978723404
TCGA-D8-A146:19:35232612:C	165	49	2	2	2	TCGA-D8-A146	0.228971962616822
