mutation_id	ref_counts	var_counts	normal_cn	minor_cn	major_cn	variant_case	variant_freq
TCGA-A8-A083:1:244735733:A	192	65	2	1	2	TCGA-A8-A083	0.252918287937743
TCGA-A8-A083:4:104062041:C	141	68	2	1	1	TCGA-A8-A083	0.325358851674641
TCGA-A8-A083:3:196867092:T	371	208	2	1	1	TCGA-A8-A083	0.359240069084629
TCGA-A8-A083:5:74026192:A	228	79	2	1	2	TCGA-A8-A083	0.257328990228013
TCGA-A8-A083:3:45583431:G	45	17	2	1	1	TCGA-A8-A083	0.274193548387097
TCGA-A8-A083:3:188592262:C	105	51	2	1	1	TCGA-A8-A083	0.326923076923077
TCGA-A8-A083:19:9063372:T	316	171	2	1	1	TCGA-A8-A083	0.351129363449692
TCGA-A8-A083:2:232326283:T	28	14	2	1	1	TCGA-A8-A083	0.333333333333333
TCGA-A8-A083:9:33464042:G	35	20	2	1	1	TCGA-A8-A083	0.363636363636364
TCGA-A8-A083:1:154919991:G	24	13	2	1	2	TCGA-A8-A083	0.351351351351351
TCGA-A8-A083:22:39357438:G	56	22	2	1	1	TCGA-A8-A083	0.282051282051282
TCGA-A8-A083:7:25176162:T	343	174	2	1	1	TCGA-A8-A083	0.336557059961315
TCGA-A8-A083:17:11865565:G	179	46	2	1	1	TCGA-A8-A083	0.204444444444444
TCGA-A8-A083:17:4701319:A	70	19	2	1	1	TCGA-A8-A083	0.213483146067416
TCGA-A8-A083:6:147684477:T	127	54	2	1	1	TCGA-A8-A083	0.298342541436464
TCGA-A8-A083:15:53907944:T	741	128	2	1	1	TCGA-A8-A083	0.147295742232451
