mutation_id	ref_counts	var_counts	normal_cn	minor_cn	major_cn	variant_case	variant_freq
TCGA-CR-5249:10:129877950:G	100	27	2	1	1	TCGA-CR-5249	0.21259842519685
TCGA-CR-5249:14:31602803:C	101	27	2	1	1	TCGA-CR-5249	0.2109375
TCGA-CR-5249:14:55168922:T	88	26	2	1	1	TCGA-CR-5249	0.228070175438596
TCGA-CR-5249:14:106641567:G	210	82	2	1	1	TCGA-CR-5249	0.280821917808219
TCGA-CR-5249:15:72691006:G	65	17	2	1	1	TCGA-CR-5249	0.207317073170732
TCGA-CR-5249:16:48221269:C	37	21	2	1	1	TCGA-CR-5249	0.362068965517241
TCGA-CR-5249:16:69922039:C	78	20	2	1	1	TCGA-CR-5249	0.204081632653061
TCGA-CR-5249:16:75512887:C	49	15	2	1	1	TCGA-CR-5249	0.234375
TCGA-CR-5249:18:8825333:G	51	20	2	1	1	TCGA-CR-5249	0.28169014084507
TCGA-CR-5249:19:13368242:G	31	14	2	1	1	TCGA-CR-5249	0.311111111111111
TCGA-CR-5249:19:37904081:G	92	31	2	1	1	TCGA-CR-5249	0.252032520325203
TCGA-CR-5249:2:96970571:G	45	22	2	1	1	TCGA-CR-5249	0.328358208955224
TCGA-CR-5249:20:48098552:G	117	46	2	1	1	TCGA-CR-5249	0.282208588957055
TCGA-CR-5249:3:164906486:A	72	14	2	1	2	TCGA-CR-5249	0.162790697674419
TCGA-CR-5249:3:178936082:G	67	139	2	1	8	TCGA-CR-5249	0.674757281553398
TCGA-CR-5249:3:195692311:T	57	11	2	1	8	TCGA-CR-5249	0.161764705882353
TCGA-CR-5249:4:83827690:A	117	49	2	1	1	TCGA-CR-5249	0.295180722891566
TCGA-CR-5249:4:186379447:C	46	18	2	1	1	TCGA-CR-5249	0.28125
TCGA-CR-5249:5:98237004:G	176	52	2	1	1	TCGA-CR-5249	0.228070175438596
TCGA-CR-5249:6:127911331:A	145	68	2	1	1	TCGA-CR-5249	0.31924882629108
TCGA-CR-5249:6:152461285:G	85	26	2	1	1	TCGA-CR-5249	0.234234234234234
TCGA-CR-5249:9:98740378:C	67	20	2	1	1	TCGA-CR-5249	0.229885057471264
TCGA-CR-5249:11:30032800:G	79	8	2	1	1	TCGA-CR-5249	0.0919540229885057
TCGA-CR-5249:11:51411725:G	102	13	2	1	1	TCGA-CR-5249	0.11304347826087
TCGA-CR-5249:12:52639289:G	54	5	2	1	1	TCGA-CR-5249	0.0847457627118644
TCGA-CR-5249:17:6606290:C	95	22	2	1	1	TCGA-CR-5249	0.188034188034188
TCGA-CR-5249:19:10793296:G	51	6	2	1	1	TCGA-CR-5249	0.105263157894737
TCGA-CR-5249:19:10823854:C	97	20	2	1	1	TCGA-CR-5249	0.170940170940171
TCGA-CR-5249:20:62340307:C	70	5	2	1	1	TCGA-CR-5249	0.0666666666666667
TCGA-CR-5249:21:43708124:C	238	17	2	0	2	TCGA-CR-5249	0.0666666666666667
