mutation_id	ref_counts	var_counts	normal_cn	minor_cn	major_cn	variant_case	variant_freq
TCGA-E9-A247:17:48755286:C	27	6	2	1	4	TCGA-E9-A247	0.181818181818182
TCGA-E9-A247:12:22086768:C	44	29	2	3	3	TCGA-E9-A247	0.397260273972603
TCGA-E9-A247:7:73474894:T	43	40	2	3	5	TCGA-E9-A247	0.481927710843373
TCGA-E9-A247:16:20802184:T	45	8	2	2	5	TCGA-E9-A247	0.150943396226415
TCGA-E9-A247:4:126372690:G	37	7	2	1	4	TCGA-E9-A247	0.159090909090909
TCGA-E9-A247:10:49448466:G	26	6	2	2	3	TCGA-E9-A247	0.1875
TCGA-E9-A247:6:26250661:G	29	10	2	0	3	TCGA-E9-A247	0.256410256410256
TCGA-E9-A247:20:43723698:C	25	5	2	3	4	TCGA-E9-A247	0.166666666666667
TCGA-E9-A247:17:39296499:G	32	5	2	1	4	TCGA-E9-A247	0.135135135135135
TCGA-E9-A247:5:140866811:C	42	10	2	2	2	TCGA-E9-A247	0.192307692307692
TCGA-E9-A247:4:23815386:G	42	7	2	2	4	TCGA-E9-A247	0.142857142857143
TCGA-E9-A247:10:27798830:C	64	14	2	2	3	TCGA-E9-A247	0.179487179487179
TCGA-E9-A247:18:67684825:T	48	17	2	2	2	TCGA-E9-A247	0.261538461538462
TCGA-E9-A247:2:179611371:C	39	13	2	2	2	TCGA-E9-A247	0.25
TCGA-E9-A247:1:216591941:C	52	14	2	1	4	TCGA-E9-A247	0.212121212121212
TCGA-E9-A247:3:113049172:C	8	32	2	0	3	TCGA-E9-A247	0.8
TCGA-E9-A247:8:38173482:G	35	49	2	2	6	TCGA-E9-A247	0.583333333333333
TCGA-E9-A247:19:12016108:C	35	15	2	0	3	TCGA-E9-A247	0.3
