mutation_id	ref_counts	var_counts	normal_cn	minor_cn	major_cn	variant_case	variant_freq
TCGA-E2-A1B4:21:28305265:G	100	54	2	1	1	TCGA-E2-A1B4	0.350649350649351
TCGA-E2-A1B4:19:1802548:A	113	51	2	1	1	TCGA-E2-A1B4	0.310975609756098
TCGA-E2-A1B4:3:111304209:C	192	117	2	1	1	TCGA-E2-A1B4	0.378640776699029
TCGA-E2-A1B4:5:176004515:C	29	14	2	1	1	TCGA-E2-A1B4	0.325581395348837
TCGA-E2-A1B4:5:13902213:G	238	93	2	1	2	TCGA-E2-A1B4	0.280966767371601
TCGA-E2-A1B4:3:51393602:C	127	67	2	1	1	TCGA-E2-A1B4	0.345360824742268
TCGA-E2-A1B4:18:28934692:G	83	56	2	1	1	TCGA-E2-A1B4	0.402877697841727
TCGA-E2-A1B4:17:12897055:G	83	36	2	1	1	TCGA-E2-A1B4	0.302521008403361
TCGA-E2-A1B4:13:43810874:C	238	150	2	1	1	TCGA-E2-A1B4	0.38659793814433
TCGA-E2-A1B4:19:17883272:C	52	43	2	1	1	TCGA-E2-A1B4	0.452631578947368
TCGA-E2-A1B4:17:4837651:G	48	29	2	1	1	TCGA-E2-A1B4	0.376623376623377
TCGA-E2-A1B4:5:56178085:C	64	58	2	1	1	TCGA-E2-A1B4	0.475409836065574
TCGA-E2-A1B4:1:5964847:C	47	30	2	1	1	TCGA-E2-A1B4	0.38961038961039
TCGA-E2-A1B4:9:127563854:G	34	17	2	1	1	TCGA-E2-A1B4	0.333333333333333
TCGA-E2-A1B4:1:233136233:C	65	36	2	1	1	TCGA-E2-A1B4	0.356435643564356
TCGA-E2-A1B4:3:178936082:G	222	121	2	1	1	TCGA-E2-A1B4	0.352769679300292
TCGA-E2-A1B4:9:116346360:G	50	38	2	1	1	TCGA-E2-A1B4	0.431818181818182
TCGA-E2-A1B4:1:17355201:T	200	106	2	1	1	TCGA-E2-A1B4	0.34640522875817
TCGA-E2-A1B4:8:145584626:A	32	26	2	1	1	TCGA-E2-A1B4	0.448275862068966
TCGA-E2-A1B4:9:2088587:G	48	131	2	0	2	TCGA-E2-A1B4	0.731843575418994
TCGA-E2-A1B4:1:85018792:C	42	25	2	1	1	TCGA-E2-A1B4	0.373134328358209
TCGA-E2-A1B4:2:61492669:A	129	74	2	1	1	TCGA-E2-A1B4	0.364532019704433
TCGA-E2-A1B4:17:48433561:T	27	19	2	1	1	TCGA-E2-A1B4	0.41304347826087
TCGA-E2-A1B4:4:155283:C	100	60	2	1	1	TCGA-E2-A1B4	0.375
TCGA-E2-A1B4:1:40226145:A	38	5	2	1	1	TCGA-E2-A1B4	0.116279069767442
TCGA-E2-A1B4:21:10921971:G	338	65	2	1	1	TCGA-E2-A1B4	0.161290322580645
