mutation_id	ref_counts	var_counts	normal_cn	minor_cn	major_cn	variant_case	variant_freq
TCGA-AC-A2FE:12:9413853:T	30	5	2	1	1	TCGA-AC-A2FE	0.142857142857143
TCGA-AC-A2FE:10:5199934:G	60	9	2	1	1	TCGA-AC-A2FE	0.130434782608696
TCGA-AC-A2FE:15:35529406:C	43	8	2	1	1	TCGA-AC-A2FE	0.156862745098039
TCGA-AC-A2FE:9:119770383:C	50	13	2	1	1	TCGA-AC-A2FE	0.206349206349206
TCGA-AC-A2FE:15:49085545:G	56	16	2	1	1	TCGA-AC-A2FE	0.222222222222222
TCGA-AC-A2FE:4:52780048:G	38	6	2	1	1	TCGA-AC-A2FE	0.136363636363636
TCGA-AC-A2FE:1:111730159:G	100	15	2	1	2	TCGA-AC-A2FE	0.130434782608696
TCGA-AC-A2FE:1:111730160:C	100	14	2	1	2	TCGA-AC-A2FE	0.12280701754386
TCGA-AC-A2FE:5:38370546:G	35	10	2	2	6	TCGA-AC-A2FE	0.222222222222222
TCGA-AC-A2FE:1:231161773:C	18	18	2	1	2	TCGA-AC-A2FE	0.5
TCGA-AC-A2FE:1:152280782:A	156	24	2	1	2	TCGA-AC-A2FE	0.133333333333333
TCGA-AC-A2FE:7:99767587:A	27	11	2	1	1	TCGA-AC-A2FE	0.289473684210526
TCGA-AC-A2FE:16:32192670:C	91	17	2	1	1	TCGA-AC-A2FE	0.157407407407407
TCGA-AC-A2FE:7:27181431:C	28	12	2	1	1	TCGA-AC-A2FE	0.3
TCGA-AC-A2FE:1:197898292:C	32	10	2	1	2	TCGA-AC-A2FE	0.238095238095238
TCGA-AC-A2FE:13:46801970:A	25	5	2	1	1	TCGA-AC-A2FE	0.166666666666667
TCGA-AC-A2FE:20:55934083:T	30	5	2	1	1	TCGA-AC-A2FE	0.142857142857143
TCGA-AC-A2FE:3:195511390:T	76	11	2	1	1	TCGA-AC-A2FE	0.126436781609195
TCGA-AC-A2FE:3:195513779:C	47	6	2	1	1	TCGA-AC-A2FE	0.113207547169811
TCGA-AC-A2FE:16:2522060:G	40	7	2	1	1	TCGA-AC-A2FE	0.148936170212766
TCGA-AC-A2FE:5:37350364:C	87	39	2	1	8	TCGA-AC-A2FE	0.30952380952381
TCGA-AC-A2FE:11:78381280:G	47	11	2	1	2	TCGA-AC-A2FE	0.189655172413793
TCGA-AC-A2FE:22:38543453:T	63	9	2	1	1	TCGA-AC-A2FE	0.125
TCGA-AC-A2FE:7:47481602:G	16	15	2	1	1	TCGA-AC-A2FE	0.483870967741935
TCGA-AC-A2FE:13:25541467:C	43	8	2	1	1	TCGA-AC-A2FE	0.156862745098039
TCGA-AC-A2FE:15:90611206:G	34	8	2	1	1	TCGA-AC-A2FE	0.19047619047619
TCGA-AC-A2FE:2:101437561:G	54	7	2	1	1	TCGA-AC-A2FE	0.114754098360656
