mutation_id	ref_counts	var_counts	normal_cn	minor_cn	major_cn	variant_case	variant_freq
TCGA-B6-A0IE:8:107782189:C	340	70	2	2	3	TCGA-B6-A0IE	0.170731707317073
TCGA-B6-A0IE:22:36116635:G	145	46	2	1	1	TCGA-B6-A0IE	0.240837696335079
TCGA-B6-A0IE:9:121930047:C	68	55	2	1	1	TCGA-B6-A0IE	0.447154471544715
TCGA-B6-A0IE:2:113888708:G	106	52	2	1	1	TCGA-B6-A0IE	0.329113924050633
TCGA-B6-A0IE:5:61668293:G	123	108	2	0	1	TCGA-B6-A0IE	0.467532467532468
TCGA-B6-A0IE:3:195497194:C	78	24	2	1	1	TCGA-B6-A0IE	0.235294117647059
TCGA-B6-A0IE:18:47352891:A	203	78	2	1	1	TCGA-B6-A0IE	0.277580071174377
TCGA-B6-A0IE:17:26495615:G	78	36	2	1	1	TCGA-B6-A0IE	0.315789473684211
TCGA-B6-A0IE:3:178952085:A	115	31	2	1	1	TCGA-B6-A0IE	0.212328767123288
TCGA-B6-A0IE:1:13448451:C	136	40	2	1	1	TCGA-B6-A0IE	0.227272727272727
TCGA-B6-A0IE:12:42853698:A	372	187	2	1	1	TCGA-B6-A0IE	0.334525939177102
TCGA-B6-A0IE:1:64643348:G	99	52	2	1	1	TCGA-B6-A0IE	0.344370860927152
TCGA-B6-A0IE:18:67863738:G	138	44	2	1	1	TCGA-B6-A0IE	0.241758241758242
TCGA-B6-A0IE:17:7577018:C	170	143	2	0	1	TCGA-B6-A0IE	0.456869009584665
TCGA-B6-A0IE:15:42458983:C	112	56	2	1	1	TCGA-B6-A0IE	0.333333333333333
TCGA-B6-A0IE:7:99673193:G	300	123	2	1	1	TCGA-B6-A0IE	0.290780141843972
TCGA-B6-A0IE:19:11979022:A	104	51	2	1	1	TCGA-B6-A0IE	0.329032258064516
TCGA-B6-A0IE:5:33576497:G	268	32	2	1	1	TCGA-B6-A0IE	0.106666666666667
TCGA-B6-A0IE:2:207041836:A	177	46	2	1	1	TCGA-B6-A0IE	0.20627802690583
TCGA-B6-A0IE:3:46492156:C	61	10	2	0	1	TCGA-B6-A0IE	0.140845070422535
TCGA-B6-A0IE:3:195510725:G	31	5	2	1	1	TCGA-B6-A0IE	0.138888888888889
TCGA-B6-A0IE:15:78316850:C	110	16	2	1	1	TCGA-B6-A0IE	0.126984126984127
