mutation_id	ref_counts	var_counts	normal_cn	minor_cn	major_cn	variant_case	variant_freq
TCGA-E9-A226:2:183943684:T	34	13	2	1	1	TCGA-E9-A226	0.276595744680851
TCGA-E9-A226:19:55019321:G	33	11	2	1	1	TCGA-E9-A226	0.25
TCGA-E9-A226:7:139097295:A	55	42	2	1	1	TCGA-E9-A226	0.43298969072165
TCGA-E9-A226:5:140725783:C	58	29	2	1	1	TCGA-E9-A226	0.333333333333333
TCGA-E9-A226:3:178921553:T	15	51	2	1	5	TCGA-E9-A226	0.772727272727273
TCGA-E9-A226:14:50118020:A	79	63	2	2	6	TCGA-E9-A226	0.443661971830986
TCGA-E9-A226:12:100795586:C	121	39	2	1	1	TCGA-E9-A226	0.24375
TCGA-E9-A226:11:118255404:T	43	11	2	1	1	TCGA-E9-A226	0.203703703703704
TCGA-E9-A226:9:19032889:G	26	5	2	0	1	TCGA-E9-A226	0.161290322580645
TCGA-E9-A226:6:26032071:C	64	8	2	1	1	TCGA-E9-A226	0.111111111111111
TCGA-E9-A226:19:48967521:C	40	7	2	1	1	TCGA-E9-A226	0.148936170212766
TCGA-E9-A226:10:68857462:G	51	7	2	0	1	TCGA-E9-A226	0.120689655172414
TCGA-E9-A226:6:151152648:C	48	10	2	1	1	TCGA-E9-A226	0.172413793103448
TCGA-E9-A226:21:45222219:G	36	6	2	0	1	TCGA-E9-A226	0.142857142857143
TCGA-E9-A226:11:124949049:C	47	9	2	1	1	TCGA-E9-A226	0.160714285714286
TCGA-E9-A226:2:139316712:G	49	9	2	1	1	TCGA-E9-A226	0.155172413793103
TCGA-E9-A226:19:4324465:G	28	6	2	0	1	TCGA-E9-A226	0.176470588235294
TCGA-E9-A226:8:38693781:C	37	7	2	0	1	TCGA-E9-A226	0.159090909090909
TCGA-E9-A226:2:179640219:G	43	10	2	1	1	TCGA-E9-A226	0.188679245283019
TCGA-E9-A226:2:175446104:C	117	18	2	1	1	TCGA-E9-A226	0.133333333333333
TCGA-E9-A226:19:53643755:G	63	9	2	1	1	TCGA-E9-A226	0.125
