mutation_id	ref_counts	var_counts	normal_cn	minor_cn	major_cn	variant_case	variant_freq
TCGA-CV-6939:1:10725438:A	62	16	2	2	2	TCGA-CV-6939	0.205128205128205
TCGA-CV-6939:1:46543232:C	97	25	2	2	2	TCGA-CV-6939	0.204918032786885
TCGA-CV-6939:1:47399867:C	31	14	2	2	2	TCGA-CV-6939	0.311111111111111
TCGA-CV-6939:1:55139731:C	86	23	2	2	2	TCGA-CV-6939	0.211009174311927
TCGA-CV-6939:1:145438932:G	58	24	2	2	2	TCGA-CV-6939	0.292682926829268
TCGA-CV-6939:10:117884861:C	43	9	2	2	2	TCGA-CV-6939	0.173076923076923
TCGA-CV-6939:10:135195045:C	53	10	2	2	2	TCGA-CV-6939	0.158730158730159
TCGA-CV-6939:11:66191328:C	101	28	2	3	3	TCGA-CV-6939	0.217054263565891
TCGA-CV-6939:11:71725192:G	61	33	2	0	2	TCGA-CV-6939	0.351063829787234
TCGA-CV-6939:16:30387481:G	45	9	2	1	4	TCGA-CV-6939	0.166666666666667
TCGA-CV-6939:16:67335719:G	186	18	2	1	4	TCGA-CV-6939	0.0882352941176471
TCGA-CV-6939:16:69363038:A	60	7	2	1	4	TCGA-CV-6939	0.104477611940299
TCGA-CV-6939:18:64172339:C	128	47	2	2	2	TCGA-CV-6939	0.268571428571429
TCGA-CV-6939:19:44981990:A	67	9	2	1	3	TCGA-CV-6939	0.118421052631579
TCGA-CV-6939:2:170099522:G	74	36	2	2	2	TCGA-CV-6939	0.327272727272727
TCGA-CV-6939:20:13856747:C	145	9	2	2	3	TCGA-CV-6939	0.0584415584415584
TCGA-CV-6939:20:31973565:C	110	10	2	2	9	TCGA-CV-6939	0.0833333333333333
TCGA-CV-6939:20:62660829:T	58	13	2	2	2	TCGA-CV-6939	0.183098591549296
TCGA-CV-6939:22:50307071:G	77	6	2	2	2	TCGA-CV-6939	0.072289156626506
TCGA-CV-6939:3:130452855:G	127	25	2	2	3	TCGA-CV-6939	0.164473684210526
TCGA-CV-6939:3:142985669:G	80	34	2	2	3	TCGA-CV-6939	0.298245614035088
TCGA-CV-6939:4:15556747:G	24	12	2	1	2	TCGA-CV-6939	0.333333333333333
TCGA-CV-6939:4:88029324:C	78	9	2	3	3	TCGA-CV-6939	0.103448275862069
TCGA-CV-6939:5:154296703:C	142	12	2	2	2	TCGA-CV-6939	0.0779220779220779
TCGA-CV-6939:8:73921394:C	39	13	2	2	2	TCGA-CV-6939	0.25
TCGA-CV-6939:9:32631389:G	231	52	2	3	3	TCGA-CV-6939	0.183745583038869
TCGA-CV-6939:9:134386815:C	92	28	2	2	3	TCGA-CV-6939	0.233333333333333
TCGA-CV-6939:9:137801845:G	260	57	2	2	3	TCGA-CV-6939	0.17981072555205
TCGA-CV-6939:16:10995954:A	82	9	2	1	4	TCGA-CV-6939	0.0989010989010989
TCGA-CV-6939:1:183195980:C	250	16	2	2	2	TCGA-CV-6939	0.0601503759398496
