mutation_id	ref_counts	var_counts	normal_cn	minor_cn	major_cn	variant_case	variant_freq
TCGA-A8-A082:9:33001567:C	61	26	2	1	1	TCGA-A8-A082	0.298850574712644
TCGA-A8-A082:17:65925453:C	41	31	2	1	1	TCGA-A8-A082	0.430555555555556
TCGA-A8-A082:11:122828073:G	72	122	2	0	1	TCGA-A8-A082	0.628865979381443
TCGA-A8-A082:9:116930472:C	38	18	2	1	1	TCGA-A8-A082	0.321428571428571
TCGA-A8-A082:7:129939179:C	86	51	2	1	1	TCGA-A8-A082	0.372262773722628
TCGA-A8-A082:6:132054845:G	100	59	2	1	1	TCGA-A8-A082	0.371069182389937
TCGA-A8-A082:8:75276279:G	75	104	2	1	2	TCGA-A8-A082	0.581005586592179
TCGA-A8-A082:15:41988487:C	293	163	2	1	1	TCGA-A8-A082	0.357456140350877
TCGA-A8-A082:4:80246828:C	73	47	2	1	1	TCGA-A8-A082	0.391666666666667
TCGA-A8-A082:12:113435383:C	196	135	2	1	1	TCGA-A8-A082	0.40785498489426
TCGA-A8-A082:16:4937211:G	65	38	2	1	1	TCGA-A8-A082	0.368932038834951
TCGA-A8-A082:7:135376383:G	52	28	2	1	1	TCGA-A8-A082	0.35
TCGA-A8-A082:6:85446535:C	61	39	2	1	1	TCGA-A8-A082	0.39
TCGA-A8-A082:20:44640290:G	57	21	2	1	1	TCGA-A8-A082	0.269230769230769
