mutation_id	ref_counts	var_counts	normal_cn	minor_cn	major_cn	variant_case	variant_freq
TCGA-EW-A1J3:4:146038513:A	140	78	2	1	1	TCGA-EW-A1J3	0.357798165137615
TCGA-EW-A1J3:13:103490993:A	59	39	2	1	1	TCGA-EW-A1J3	0.397959183673469
TCGA-EW-A1J3:10:61552827:G	186	104	2	1	1	TCGA-EW-A1J3	0.358620689655172
TCGA-EW-A1J3:17:28378166:G	66	104	2	1	3	TCGA-EW-A1J3	0.611764705882353
TCGA-EW-A1J3:5:180056385:T	96	27	2	1	2	TCGA-EW-A1J3	0.219512195121951
TCGA-EW-A1J3:2:119750834:C	74	50	2	1	1	TCGA-EW-A1J3	0.403225806451613
TCGA-EW-A1J3:20:3835301:G	116	46	2	1	2	TCGA-EW-A1J3	0.283950617283951
TCGA-EW-A1J3:17:38189359:C	289	51	2	0	19	TCGA-EW-A1J3	0.15
TCGA-EW-A1J3:17:38189431:C	364	54	2	0	19	TCGA-EW-A1J3	0.129186602870813
TCGA-EW-A1J3:17:38189690:C	291	49	2	0	19	TCGA-EW-A1J3	0.144117647058824
TCGA-EW-A1J3:19:9038120:T	70	40	2	1	1	TCGA-EW-A1J3	0.363636363636364
TCGA-EW-A1J3:1:156639358:T	50	13	2	1	3	TCGA-EW-A1J3	0.206349206349206
TCGA-EW-A1J3:6:3019762:G	105	47	2	1	1	TCGA-EW-A1J3	0.309210526315789
TCGA-EW-A1J3:2:26697524:C	39	18	2	1	1	TCGA-EW-A1J3	0.315789473684211
TCGA-EW-A1J3:22:25158416:C	31	17	2	1	1	TCGA-EW-A1J3	0.354166666666667
TCGA-EW-A1J3:6:106536124:G	67	42	2	1	1	TCGA-EW-A1J3	0.385321100917431
TCGA-EW-A1J3:5:1216682:C	99	40	2	1	1	TCGA-EW-A1J3	0.287769784172662
TCGA-EW-A1J3:2:228884249:A	51	18	2	1	1	TCGA-EW-A1J3	0.260869565217391
TCGA-EW-A1J3:2:162087536:C	31	17	2	1	1	TCGA-EW-A1J3	0.354166666666667
TCGA-EW-A1J3:19:6850694:G	33	26	2	1	1	TCGA-EW-A1J3	0.440677966101695
TCGA-EW-A1J3:8:100789055:A	110	48	2	1	1	TCGA-EW-A1J3	0.30379746835443
TCGA-EW-A1J3:5:32364331:C	38	58	2	1	2	TCGA-EW-A1J3	0.604166666666667
TCGA-EW-A1J3:17:38031506:G	788	157	2	5	23	TCGA-EW-A1J3	0.166137566137566
TCGA-EW-A1J3:4:99355161:A	105	28	2	1	1	TCGA-EW-A1J3	0.210526315789474
TCGA-EW-A1J3:16:13010598:A	78	12	2	1	2	TCGA-EW-A1J3	0.133333333333333
