mutation_id	ref_counts	var_counts	normal_cn	minor_cn	major_cn	variant_case	variant_freq
TCGA-A8-A07Z:12:81503342:T	228	62	2	2	3	TCGA-A8-A07Z	0.213793103448276
TCGA-A8-A07Z:14:96783628:T	141	61	2	0	2	TCGA-A8-A07Z	0.301980198019802
TCGA-A8-A07Z:3:184102997:C	13	28	2	0	2	TCGA-A8-A07Z	0.682926829268293
TCGA-A8-A07Z:12:12974215:A	300	108	2	2	2	TCGA-A8-A07Z	0.264705882352941
TCGA-A8-A07Z:12:93195436:C	72	38	2	2	2	TCGA-A8-A07Z	0.345454545454545
TCGA-A8-A07Z:9:14746441:G	111	97	2	2	2	TCGA-A8-A07Z	0.466346153846154
TCGA-A8-A07Z:18:48703431:C	50	172	2	0	2	TCGA-A8-A07Z	0.774774774774775
TCGA-A8-A07Z:6:29408425:C	142	377	2	0	2	TCGA-A8-A07Z	0.726396917148362
TCGA-A8-A07Z:5:140564268:C	20	29	2	2	3	TCGA-A8-A07Z	0.591836734693878
TCGA-A8-A07Z:3:178952085:A	76	172	2	0	2	TCGA-A8-A07Z	0.693548387096774
TCGA-A8-A07Z:4:72121014:C	85	239	2	0	2	TCGA-A8-A07Z	0.737654320987654
TCGA-A8-A07Z:14:68236344:A	29	71	2	0	2	TCGA-A8-A07Z	0.71
TCGA-A8-A07Z:17:11998993:T	133	108	2	0	2	TCGA-A8-A07Z	0.448132780082988
TCGA-A8-A07Z:2:183099185:G	148	22	2	0	2	TCGA-A8-A07Z	0.129411764705882
