mutation_id	ref_counts	var_counts	normal_cn	minor_cn	major_cn	variant_case	variant_freq
TCGA-GM-A2DL:3:100489698:C	121	32	2	1	1	TCGA-GM-A2DL	0.209150326797386
TCGA-GM-A2DL:14:33015979:C	27	16	2	1	1	TCGA-GM-A2DL	0.372093023255814
TCGA-GM-A2DL:10:32128240:C	47	25	2	1	1	TCGA-GM-A2DL	0.347222222222222
TCGA-GM-A2DL:20:5753620:G	44	20	2	1	1	TCGA-GM-A2DL	0.3125
TCGA-GM-A2DL:7:71275372:C	81	24	2	1	2	TCGA-GM-A2DL	0.228571428571429
TCGA-GM-A2DL:1:93730309:C	31	12	2	1	1	TCGA-GM-A2DL	0.27906976744186
TCGA-GM-A2DL:22:41521913:C	24	18	2	0	1	TCGA-GM-A2DL	0.428571428571429
TCGA-GM-A2DL:15:73616015:G	28	8	2	1	1	TCGA-GM-A2DL	0.222222222222222
TCGA-GM-A2DL:5:55202014:G	75	23	2	1	1	TCGA-GM-A2DL	0.23469387755102
TCGA-GM-A2DL:1:196367792:T	19	12	2	1	1	TCGA-GM-A2DL	0.387096774193548
TCGA-GM-A2DL:1:152800020:C	41	15	2	1	1	TCGA-GM-A2DL	0.267857142857143
TCGA-GM-A2DL:5:169714981:G	45	13	2	1	1	TCGA-GM-A2DL	0.224137931034483
TCGA-GM-A2DL:10:83635435:C	33	10	2	1	1	TCGA-GM-A2DL	0.232558139534884
TCGA-GM-A2DL:5:167674807:G	23	7	2	1	1	TCGA-GM-A2DL	0.233333333333333
TCGA-GM-A2DL:18:8296407:G	29	22	2	0	1	TCGA-GM-A2DL	0.431372549019608
TCGA-GM-A2DL:11:126075441:C	29	24	2	1	2	TCGA-GM-A2DL	0.452830188679245
TCGA-GM-A2DL:19:5595489:C	73	19	2	1	1	TCGA-GM-A2DL	0.206521739130435
TCGA-GM-A2DL:9:135205171:A	29	8	2	1	1	TCGA-GM-A2DL	0.216216216216216
TCGA-GM-A2DL:5:100238563:C	54	23	2	0	2	TCGA-GM-A2DL	0.298701298701299
TCGA-GM-A2DL:6:152804248:G	79	36	2	1	1	TCGA-GM-A2DL	0.31304347826087
TCGA-GM-A2DL:1:62166636:C	27	14	2	1	1	TCGA-GM-A2DL	0.341463414634146
TCGA-GM-A2DL:17:7577095:G	33	12	2	0	1	TCGA-GM-A2DL	0.266666666666667
TCGA-GM-A2DL:6:18139900:G	19	11	2	1	1	TCGA-GM-A2DL	0.366666666666667
TCGA-GM-A2DL:5:94877078:G	19	11	2	1	1	TCGA-GM-A2DL	0.366666666666667
TCGA-GM-A2DL:3:41942241:G	37	22	2	1	1	TCGA-GM-A2DL	0.372881355932203
TCGA-GM-A2DL:11:49168403:C	69	18	2	0	1	TCGA-GM-A2DL	0.206896551724138
