mutation_id	ref_counts	var_counts	normal_cn	minor_cn	major_cn	variant_case	variant_freq
TCGA-A2-A0ER:16:20576133:G	147	69	2	1	1	TCGA-A2-A0ER	0.319444444444444
TCGA-A2-A0ER:3:62385241:C	126	65	2	1	1	TCGA-A2-A0ER	0.340314136125654
TCGA-A2-A0ER:15:74622637:C	48	22	2	1	1	TCGA-A2-A0ER	0.314285714285714
TCGA-A2-A0ER:19:4772464:G	57	39	2	1	1	TCGA-A2-A0ER	0.40625
TCGA-A2-A0ER:11:1266503:C	30	10	2	1	2	TCGA-A2-A0ER	0.25
TCGA-A2-A0ER:2:183848015:T	115	62	2	1	1	TCGA-A2-A0ER	0.350282485875706
TCGA-A2-A0ER:8:71060629:G	65	42	2	1	1	TCGA-A2-A0ER	0.392523364485981
TCGA-A2-A0ER:1:5987774:G	79	40	2	1	1	TCGA-A2-A0ER	0.336134453781513
TCGA-A2-A0ER:9:98211487:G	47	32	2	1	1	TCGA-A2-A0ER	0.40506329113924
TCGA-A2-A0ER:12:114352823:G	56	25	2	1	1	TCGA-A2-A0ER	0.308641975308642
TCGA-A2-A0ER:5:150682787:C	51	30	2	1	1	TCGA-A2-A0ER	0.37037037037037
TCGA-A2-A0ER:2:120012348:C	93	50	2	1	1	TCGA-A2-A0ER	0.34965034965035
TCGA-A2-A0ER:9:113168951:G	49	33	2	1	1	TCGA-A2-A0ER	0.402439024390244
TCGA-A2-A0ER:2:135745540:C	97	53	2	0	2	TCGA-A2-A0ER	0.353333333333333
TCGA-A2-A0ER:4:170991750:G	97	41	2	1	1	TCGA-A2-A0ER	0.297101449275362
TCGA-A2-A0ER:12:111089194:T	104	40	2	1	1	TCGA-A2-A0ER	0.277777777777778
TCGA-A2-A0ER:14:72138130:A	146	18	2	1	1	TCGA-A2-A0ER	0.109756097560976
TCGA-A2-A0ER:2:219249939:G	90	24	2	1	1	TCGA-A2-A0ER	0.210526315789474
TCGA-A2-A0ER:6:25769214:T	132	21	2	1	1	TCGA-A2-A0ER	0.137254901960784
TCGA-A2-A0ER:19:54081068:G	69	19	2	1	1	TCGA-A2-A0ER	0.215909090909091
