mutation_id	ref_counts	var_counts	normal_cn	minor_cn	major_cn	variant_case	variant_freq
TCGA-AO-A126:10:111892110:A	167	88	2	1	1	TCGA-AO-A126	0.345098039215686
TCGA-AO-A126:4:84368010:A	132	81	2	1	1	TCGA-AO-A126	0.380281690140845
TCGA-AO-A126:5:61781290:G	129	59	2	1	1	TCGA-AO-A126	0.313829787234043
TCGA-AO-A126:8:140631062:G	45	21	2	0	2	TCGA-AO-A126	0.318181818181818
TCGA-AO-A126:10:105657473:G	59	46	2	1	1	TCGA-AO-A126	0.438095238095238
TCGA-AO-A126:1:247836219:A	65	31	2	1	1	TCGA-AO-A126	0.322916666666667
TCGA-AO-A126:16:66918915:C	12	24	2	0	1	TCGA-AO-A126	0.666666666666667
TCGA-AO-A126:3:178936091:G	116	56	2	1	1	TCGA-AO-A126	0.325581395348837
TCGA-AO-A126:22:22049730:T	38	29	2	1	1	TCGA-AO-A126	0.432835820895522
TCGA-AO-A126:22:22300420:T	26	13	2	1	1	TCGA-AO-A126	0.333333333333333
TCGA-AO-A126:1:8421526:A	134	71	2	1	1	TCGA-AO-A126	0.346341463414634
TCGA-AO-A126:11:70331577:G	158	37	2	1	5	TCGA-AO-A126	0.18974358974359
TCGA-AO-A126:5:147505286:G	91	55	2	1	1	TCGA-AO-A126	0.376712328767123
TCGA-AO-A126:19:57133612:C	57	31	2	1	1	TCGA-AO-A126	0.352272727272727
TCGA-AO-A126:2:204820385:G	119	20	2	1	1	TCGA-AO-A126	0.143884892086331
