mutation_id	ref_counts	var_counts	normal_cn	minor_cn	major_cn	variant_case	variant_freq
TCGA-AR-A254:17:38450220:G	618	97	2	0	20	TCGA-AR-A254	0.135664335664336
TCGA-AR-A254:5:13901632:T	24	13	2	1	1	TCGA-AR-A254	0.351351351351351
TCGA-AR-A254:8:95500985:A	120	26	2	1	4	TCGA-AR-A254	0.178082191780822
TCGA-AR-A254:10:73111334:C	46	28	2	1	7	TCGA-AR-A254	0.378378378378378
TCGA-AR-A254:10:73115895:C	67	35	2	1	7	TCGA-AR-A254	0.343137254901961
TCGA-AR-A254:9:131374449:G	22	19	2	0	1	TCGA-AR-A254	0.463414634146341
TCGA-AR-A254:9:131374450:C	23	19	2	0	1	TCGA-AR-A254	0.452380952380952
TCGA-AR-A254:17:35822222:C	59	21	2	1	2	TCGA-AR-A254	0.2625
TCGA-AR-A254:7:117431492:C	41	10	2	0	1	TCGA-AR-A254	0.196078431372549
TCGA-AR-A254:6:159621606:C	34	9	2	0	1	TCGA-AR-A254	0.209302325581395
TCGA-AR-A254:9:139390870:C	26	5	2	0	1	TCGA-AR-A254	0.161290322580645
TCGA-AR-A254:3:155241748:C	59	13	2	0	1	TCGA-AR-A254	0.180555555555556
TCGA-AR-A254:1:175323569:C	82	11	2	1	2	TCGA-AR-A254	0.118279569892473
TCGA-AR-A254:3:185643364:C	28	10	2	0	1	TCGA-AR-A254	0.263157894736842
