mutation_id	ref_counts	var_counts	normal_cn	minor_cn	major_cn	variant_case	variant_freq
TCGA-D8-A1XR:3:49694289:C	15	16	2	2	2	TCGA-D8-A1XR	0.516129032258065
TCGA-D8-A1XR:12:2788732:C	31	27	2	2	2	TCGA-D8-A1XR	0.46551724137931
TCGA-D8-A1XR:12:120156107:C	35	30	2	2	2	TCGA-D8-A1XR	0.461538461538462
TCGA-D8-A1XR:1:16950880:T	31	5	2	1	2	TCGA-D8-A1XR	0.138888888888889
TCGA-D8-A1XR:13:113897392:G	30	26	2	2	2	TCGA-D8-A1XR	0.464285714285714
TCGA-D8-A1XR:1:111742312:A	30	7	2	1	2	TCGA-D8-A1XR	0.189189189189189
TCGA-D8-A1XR:21:47965866:A	18	19	2	2	2	TCGA-D8-A1XR	0.513513513513513
TCGA-D8-A1XR:21:41741044:C	39	11	2	2	2	TCGA-D8-A1XR	0.22
TCGA-D8-A1XR:1:157069272:C	40	17	2	2	8	TCGA-D8-A1XR	0.298245614035088
TCGA-D8-A1XR:22:32889121:G	87	66	2	2	2	TCGA-D8-A1XR	0.431372549019608
TCGA-D8-A1XR:17:21319592:G	77	16	2	2	2	TCGA-D8-A1XR	0.172043010752688
TCGA-D8-A1XR:9:34977197:T	21	19	2	2	2	TCGA-D8-A1XR	0.475
TCGA-D8-A1XR:19:40275187:C	13	17	2	2	2	TCGA-D8-A1XR	0.566666666666667
TCGA-D8-A1XR:17:21206523:G	40	7	2	2	2	TCGA-D8-A1XR	0.148936170212766
TCGA-D8-A1XR:17:48447871:G	49	35	2	2	2	TCGA-D8-A1XR	0.416666666666667
TCGA-D8-A1XR:11:32954399:C	25	22	2	2	2	TCGA-D8-A1XR	0.468085106382979
TCGA-D8-A1XR:10:112361451:A	27	24	2	2	2	TCGA-D8-A1XR	0.470588235294118
TCGA-D8-A1XR:6:170871052:G	35	16	2	2	2	TCGA-D8-A1XR	0.313725490196078
TCGA-D8-A1XR:1:154163748:C	168	34	2	2	7	TCGA-D8-A1XR	0.168316831683168
TCGA-D8-A1XR:19:21299748:T	34	45	2	2	2	TCGA-D8-A1XR	0.569620253164557
