mutation_id	ref_counts	var_counts	normal_cn	minor_cn	major_cn	variant_case	variant_freq
TCGA-A2-A0D4:1:158261173:G	337	83	2	2	2	TCGA-A2-A0D4	0.197619047619048
TCGA-A2-A0D4:7:130027699:C	216	183	2	1	2	TCGA-A2-A0D4	0.458646616541353
TCGA-A2-A0D4:11:6592127:G	24	13	2	0	2	TCGA-A2-A0D4	0.351351351351351
TCGA-A2-A0D4:15:67782366:T	60	242	2	0	4	TCGA-A2-A0D4	0.801324503311258
TCGA-A2-A0D4:14:58941356:C	68	23	2	0	2	TCGA-A2-A0D4	0.252747252747253
TCGA-A2-A0D4:2:26204266:C	81	29	2	2	2	TCGA-A2-A0D4	0.263636363636364
TCGA-A2-A0D4:14:56114770:G	56	17	2	2	5	TCGA-A2-A0D4	0.232876712328767
TCGA-A2-A0D4:6:131926396:C	35	48	2	1	2	TCGA-A2-A0D4	0.578313253012048
TCGA-A2-A0D4:13:33017767:G	31	13	2	1	2	TCGA-A2-A0D4	0.295454545454545
TCGA-A2-A0D4:2:204001452:G	89	15	2	2	2	TCGA-A2-A0D4	0.144230769230769
TCGA-A2-A0D4:14:92958577:C	29	24	2	0	2	TCGA-A2-A0D4	0.452830188679245
TCGA-A2-A0D4:2:162711543:T	133	30	2	2	2	TCGA-A2-A0D4	0.184049079754601
TCGA-A2-A0D4:19:41038673:G	42	7	2	2	2	TCGA-A2-A0D4	0.142857142857143
TCGA-A2-A0D4:14:20876336:A	105	160	2	1	2	TCGA-A2-A0D4	0.60377358490566
TCGA-A2-A0D4:12:8376712:C	39	9	2	0	2	TCGA-A2-A0D4	0.1875
TCGA-A2-A0D4:3:121508941:T	331	54	2	2	2	TCGA-A2-A0D4	0.14025974025974
TCGA-A2-A0D4:1:39889705:C	238	45	2	1	2	TCGA-A2-A0D4	0.159010600706714
TCGA-A2-A0D4:1:17085006:C	43	6	2	1	2	TCGA-A2-A0D4	0.122448979591837
TCGA-A2-A0D4:7:100676653:T	251	177	2	1	2	TCGA-A2-A0D4	0.413551401869159
