mutation_id	ref_counts	var_counts	normal_cn	minor_cn	major_cn	variant_case	variant_freq
TCGA-BH-A204:4:100261755:G	91	58	2	1	1	TCGA-BH-A204	0.389261744966443
TCGA-BH-A204:1:222849466:G	64	61	2	1	1	TCGA-BH-A204	0.488
TCGA-BH-A204:17:55197673:C	50	32	2	1	1	TCGA-BH-A204	0.390243902439024
TCGA-BH-A204:4:122743762:C	57	37	2	1	1	TCGA-BH-A204	0.393617021276596
TCGA-BH-A204:1:207930364:T	38	35	2	1	1	TCGA-BH-A204	0.479452054794521
TCGA-BH-A204:4:54880282:C	68	51	2	1	1	TCGA-BH-A204	0.428571428571429
TCGA-BH-A204:9:101822233:C	74	62	2	1	1	TCGA-BH-A204	0.455882352941176
TCGA-BH-A204:11:103908332:C	29	25	2	1	1	TCGA-BH-A204	0.462962962962963
TCGA-BH-A204:11:103091479:G	49	38	2	1	1	TCGA-BH-A204	0.436781609195402
TCGA-BH-A204:8:104342280:C	86	31	2	1	3	TCGA-BH-A204	0.264957264957265
TCGA-BH-A204:2:191827682:C	37	21	2	1	1	TCGA-BH-A204	0.362068965517241
TCGA-BH-A204:2:165378582:G	29	23	2	1	1	TCGA-BH-A204	0.442307692307692
TCGA-BH-A204:7:6542661:C	43	44	2	1	1	TCGA-BH-A204	0.505747126436782
TCGA-BH-A204:6:39507794:G	79	53	2	1	1	TCGA-BH-A204	0.401515151515151
TCGA-BH-A204:17:12016616:G	36	17	2	1	1	TCGA-BH-A204	0.320754716981132
TCGA-BH-A204:12:102045070:C	78	45	2	1	1	TCGA-BH-A204	0.365853658536585
TCGA-BH-A204:15:60760323:G	42	30	2	1	1	TCGA-BH-A204	0.416666666666667
TCGA-BH-A204:2:15307434:T	22	18	2	1	1	TCGA-BH-A204	0.45
TCGA-BH-A204:3:46759116:C	31	21	2	1	1	TCGA-BH-A204	0.403846153846154
TCGA-BH-A204:5:159854736:G	34	24	2	1	1	TCGA-BH-A204	0.413793103448276
TCGA-BH-A204:3:51673686:G	22	22	2	1	1	TCGA-BH-A204	0.5
TCGA-BH-A204:1:8617573:C	7	28	2	0	1	TCGA-BH-A204	0.8
TCGA-BH-A204:15:59186732:C	56	34	2	1	1	TCGA-BH-A204	0.377777777777778
TCGA-BH-A204:15:30024679:C	61	48	2	1	1	TCGA-BH-A204	0.440366972477064
TCGA-BH-A204:10:101823406:A	51	20	2	1	1	TCGA-BH-A204	0.28169014084507
TCGA-BH-A204:19:44980904:A	38	47	2	0	1	TCGA-BH-A204	0.552941176470588
