mutation_id	ref_counts	var_counts	normal_cn	minor_cn	major_cn	variant_case	variant_freq
TCGA-E9-A1RE:5:129030517:C	59	23	2	1	2	TCGA-E9-A1RE	0.280487804878049
TCGA-E9-A1RE:8:26722154:G	7	26	2	0	2	TCGA-E9-A1RE	0.787878787878788
TCGA-E9-A1RE:5:160033805:G	42	15	2	1	2	TCGA-E9-A1RE	0.263157894736842
TCGA-E9-A1RE:3:112969456:G	67	16	2	1	2	TCGA-E9-A1RE	0.192771084337349
TCGA-E9-A1RE:7:117375356:G	49	22	2	1	2	TCGA-E9-A1RE	0.309859154929577
TCGA-E9-A1RE:6:5545516:C	57	25	2	1	2	TCGA-E9-A1RE	0.304878048780488
TCGA-E9-A1RE:5:127685051:G	42	11	2	1	2	TCGA-E9-A1RE	0.207547169811321
TCGA-E9-A1RE:12:52407973:C	65	29	2	1	2	TCGA-E9-A1RE	0.308510638297872
TCGA-E9-A1RE:16:26147331:A	50	11	2	0	4	TCGA-E9-A1RE	0.180327868852459
TCGA-E9-A1RE:3:9956194:T	20	36	2	1	2	TCGA-E9-A1RE	0.642857142857143
TCGA-E9-A1RE:17:48166523:A	72	16	2	2	2	TCGA-E9-A1RE	0.181818181818182
TCGA-E9-A1RE:19:12962989:G	22	10	2	1	2	TCGA-E9-A1RE	0.3125
TCGA-E9-A1RE:5:71616019:C	32	11	2	1	2	TCGA-E9-A1RE	0.255813953488372
TCGA-E9-A1RE:1:183556058:G	73	31	2	1	2	TCGA-E9-A1RE	0.298076923076923
TCGA-E9-A1RE:11:4510284:C	131	44	2	2	2	TCGA-E9-A1RE	0.251428571428571
TCGA-E9-A1RE:5:140558070:C	41	20	2	1	2	TCGA-E9-A1RE	0.327868852459016
TCGA-E9-A1RE:3:178916924:C	19	31	2	0	1	TCGA-E9-A1RE	0.62
TCGA-E9-A1RE:8:110527447:T	371	179	2	2	11	TCGA-E9-A1RE	0.325454545454545
TCGA-E9-A1RE:15:42374005:C	26	15	2	0	2	TCGA-E9-A1RE	0.365853658536585
TCGA-E9-A1RE:9:8504378:A	28	37	2	0	1	TCGA-E9-A1RE	0.569230769230769
TCGA-E9-A1RE:7:121695126:C	41	12	2	1	2	TCGA-E9-A1RE	0.226415094339623
TCGA-E9-A1RE:15:33872233:C	22	19	2	0	2	TCGA-E9-A1RE	0.463414634146341
TCGA-E9-A1RE:9:91934622:A	109	37	2	1	2	TCGA-E9-A1RE	0.253424657534247
TCGA-E9-A1RE:19:33355671:G	27	17	2	1	2	TCGA-E9-A1RE	0.386363636363636
TCGA-E9-A1RE:1:158627369:G	74	19	2	1	2	TCGA-E9-A1RE	0.204301075268817
TCGA-E9-A1RE:19:13255448:G	40	11	2	1	2	TCGA-E9-A1RE	0.215686274509804
TCGA-E9-A1RE:13:38213437:C	54	71	2	1	2	TCGA-E9-A1RE	0.568
TCGA-E9-A1RE:13:113140381:C	28	9	2	1	2	TCGA-E9-A1RE	0.243243243243243
TCGA-E9-A1RE:10:73044530:C	19	14	2	1	2	TCGA-E9-A1RE	0.424242424242424
TCGA-E9-A1RE:9:84607812:G	98	13	2	1	2	TCGA-E9-A1RE	0.117117117117117
TCGA-E9-A1RE:1:180135688:T	51	11	2	1	2	TCGA-E9-A1RE	0.17741935483871
TCGA-E9-A1RE:19:33490500:C	43	5	2	1	2	TCGA-E9-A1RE	0.104166666666667
