mutation_id	ref_counts	var_counts	normal_cn	minor_cn	major_cn	variant_case	variant_freq
TCGA-EW-A1P0:2:73653617:C	29	26	2	1	1	TCGA-EW-A1P0	0.472727272727273
TCGA-EW-A1P0:3:130095411:G	28	15	2	1	1	TCGA-EW-A1P0	0.348837209302326
TCGA-EW-A1P0:2:74595859:C	20	13	2	1	1	TCGA-EW-A1P0	0.393939393939394
TCGA-EW-A1P0:19:12788175:G	17	16	2	1	1	TCGA-EW-A1P0	0.484848484848485
TCGA-EW-A1P0:11:92507304:G	32	17	2	1	1	TCGA-EW-A1P0	0.346938775510204
TCGA-EW-A1P0:12:133351864:G	25	10	2	1	1	TCGA-EW-A1P0	0.285714285714286
TCGA-EW-A1P0:17:38282588:G	23	19	2	1	1	TCGA-EW-A1P0	0.452380952380952
TCGA-EW-A1P0:5:140580709:C	20	20	2	1	1	TCGA-EW-A1P0	0.5
TCGA-EW-A1P0:8:110412471:T	36	108	2	1	4	TCGA-EW-A1P0	0.75
TCGA-EW-A1P0:12:18837138:A	28	24	2	1	1	TCGA-EW-A1P0	0.461538461538462
TCGA-EW-A1P0:2:179550299:C	34	24	2	1	1	TCGA-EW-A1P0	0.413793103448276
TCGA-EW-A1P0:9:163985:A	62	8	2	1	1	TCGA-EW-A1P0	0.114285714285714
TCGA-EW-A1P0:17:46148872:T	31	8	2	1	1	TCGA-EW-A1P0	0.205128205128205
TCGA-EW-A1P0:13:24242970:C	27	7	2	1	1	TCGA-EW-A1P0	0.205882352941176
