mutation_id	ref_counts	var_counts	normal_cn	minor_cn	major_cn	variant_case	variant_freq
TCGA-A2-A0CQ:3:113005658:C	56	33	2	1	1	TCGA-A2-A0CQ	0.370786516853933
TCGA-A2-A0CQ:22:19203720:G	56	49	2	1	1	TCGA-A2-A0CQ	0.466666666666667
TCGA-A2-A0CQ:3:130116502:C	127	85	2	1	1	TCGA-A2-A0CQ	0.400943396226415
TCGA-A2-A0CQ:16:67654645:C	41	103	2	0	1	TCGA-A2-A0CQ	0.715277777777778
TCGA-A2-A0CQ:2:225729785:C	28	21	2	1	1	TCGA-A2-A0CQ	0.428571428571429
TCGA-A2-A0CQ:8:102661656:A	114	88	2	1	1	TCGA-A2-A0CQ	0.435643564356436
TCGA-A2-A0CQ:9:95381788:A	27	20	2	1	1	TCGA-A2-A0CQ	0.425531914893617
TCGA-A2-A0CQ:8:110980575:C	41	20	2	1	1	TCGA-A2-A0CQ	0.327868852459016
TCGA-A2-A0CQ:7:66103260:G	75	44	2	1	1	TCGA-A2-A0CQ	0.369747899159664
TCGA-A2-A0CQ:19:501786:C	40	17	2	1	1	TCGA-A2-A0CQ	0.298245614035088
TCGA-A2-A0CQ:7:100028415:T	23	13	2	1	1	TCGA-A2-A0CQ	0.361111111111111
TCGA-A2-A0CQ:17:74772590:C	114	69	2	1	1	TCGA-A2-A0CQ	0.377049180327869
TCGA-A2-A0CQ:17:27068449:G	21	26	2	1	1	TCGA-A2-A0CQ	0.553191489361702
TCGA-A2-A0CQ:12:55846918:A	131	83	2	1	1	TCGA-A2-A0CQ	0.38785046728972
TCGA-A2-A0CQ:1:17668843:C	31	30	2	1	1	TCGA-A2-A0CQ	0.491803278688525
TCGA-A2-A0CQ:1:27436074:G	30	17	2	1	1	TCGA-A2-A0CQ	0.361702127659574
TCGA-A2-A0CQ:1:173542380:G	79	25	2	1	3	TCGA-A2-A0CQ	0.240384615384615
TCGA-A2-A0CQ:19:18965708:C	31	22	2	1	1	TCGA-A2-A0CQ	0.415094339622642
TCGA-A2-A0CQ:19:53014601:T	126	72	2	1	1	TCGA-A2-A0CQ	0.363636363636364
TCGA-A2-A0CQ:10:323355:G	104	42	2	1	1	TCGA-A2-A0CQ	0.287671232876712
TCGA-A2-A0CQ:2:96688929:G	76	9	2	1	1	TCGA-A2-A0CQ	0.105882352941176
TCGA-A2-A0CQ:6:32497905:G	37	38	2	0	1	TCGA-A2-A0CQ	0.506666666666667
TCGA-A2-A0CQ:1:39853331:G	58	8	2	1	1	TCGA-A2-A0CQ	0.121212121212121
TCGA-A2-A0CQ:4:121966920:G	53	13	2	1	1	TCGA-A2-A0CQ	0.196969696969697
TCGA-A2-A0CQ:19:14165287:C	251	77	2	1	1	TCGA-A2-A0CQ	0.234756097560976
TCGA-A2-A0CQ:14:92499550:T	26	8	2	1	1	TCGA-A2-A0CQ	0.235294117647059
