mutation_id	ref_counts	var_counts	normal_cn	minor_cn	major_cn	variant_case	variant_freq
TCGA-D8-A1X6:15:79058631:G	15	15	2	2	2	TCGA-D8-A1X6	0.5
TCGA-D8-A1X6:11:46419045:G	77	22	2	1	2	TCGA-D8-A1X6	0.222222222222222
TCGA-D8-A1X6:3:63981414:G	149	87	2	2	2	TCGA-D8-A1X6	0.36864406779661
TCGA-D8-A1X6:9:136918532:G	14	31	2	1	2	TCGA-D8-A1X6	0.688888888888889
TCGA-D8-A1X6:3:157289743:G	144	107	2	2	2	TCGA-D8-A1X6	0.426294820717131
TCGA-D8-A1X6:1:43282112:T	203	133	2	2	2	TCGA-D8-A1X6	0.395833333333333
TCGA-D8-A1X6:18:28714069:C	59	41	2	2	2	TCGA-D8-A1X6	0.41
TCGA-D8-A1X6:4:122735146:T	65	42	2	2	2	TCGA-D8-A1X6	0.392523364485981
TCGA-D8-A1X6:15:52879367:G	98	51	2	2	2	TCGA-D8-A1X6	0.342281879194631
TCGA-D8-A1X6:3:115439676:C	95	65	2	2	2	TCGA-D8-A1X6	0.40625
TCGA-D8-A1X6:12:104495851:G	123	75	2	2	2	TCGA-D8-A1X6	0.378787878787879
TCGA-D8-A1X6:3:20167590:G	43	40	2	2	2	TCGA-D8-A1X6	0.481927710843373
TCGA-D8-A1X6:9:6805599:G	20	22	2	1	2	TCGA-D8-A1X6	0.523809523809524
TCGA-D8-A1X6:2:109300418:G	86	24	2	1	2	TCGA-D8-A1X6	0.218181818181818
TCGA-D8-A1X6:12:57894289:A	62	54	2	2	2	TCGA-D8-A1X6	0.46551724137931
TCGA-D8-A1X6:13:29608146:G	97	84	2	1	2	TCGA-D8-A1X6	0.464088397790055
TCGA-D8-A1X6:12:54902260:C	164	37	2	2	2	TCGA-D8-A1X6	0.18407960199005
TCGA-D8-A1X6:2:178098009:G	72	54	2	1	2	TCGA-D8-A1X6	0.428571428571429
TCGA-D8-A1X6:19:40883954:G	14	16	2	2	2	TCGA-D8-A1X6	0.533333333333333
TCGA-D8-A1X6:14:58737668:T	49	26	2	2	2	TCGA-D8-A1X6	0.346666666666667
TCGA-D8-A1X6:10:121674317:G	368	217	2	2	2	TCGA-D8-A1X6	0.370940170940171
TCGA-D8-A1X6:3:48668568:A	45	6	2	2	2	TCGA-D8-A1X6	0.117647058823529
TCGA-D8-A1X6:12:115118782:G	61	37	2	2	2	TCGA-D8-A1X6	0.377551020408163
TCGA-D8-A1X6:11:89774252:G	23	8	2	1	2	TCGA-D8-A1X6	0.258064516129032
TCGA-D8-A1X6:2:234680995:T	47	47	2	1	2	TCGA-D8-A1X6	0.5
TCGA-D8-A1X6:1:55589159:G	66	39	2	2	2	TCGA-D8-A1X6	0.371428571428571
TCGA-D8-A1X6:1:159828685:G	34	23	2	2	2	TCGA-D8-A1X6	0.403508771929825
