mutation_id	ref_counts	var_counts	normal_cn	minor_cn	major_cn	variant_case	variant_freq
TCGA-EW-A1PH:7:20687685:C	33	16	2	1	2	TCGA-EW-A1PH	0.326530612244898
TCGA-EW-A1PH:1:115217393:G	59	23	2	1	2	TCGA-EW-A1PH	0.280487804878049
TCGA-EW-A1PH:14:24032994:G	61	15	2	3	3	TCGA-EW-A1PH	0.197368421052632
TCGA-EW-A1PH:11:6499366:T	165	37	2	2	2	TCGA-EW-A1PH	0.183168316831683
TCGA-EW-A1PH:14:81329196:G	76	41	2	0	2	TCGA-EW-A1PH	0.35042735042735
TCGA-EW-A1PH:9:137623972:C	68	35	2	0	2	TCGA-EW-A1PH	0.339805825242718
TCGA-EW-A1PH:17:11597227:C	163	41	2	0	5	TCGA-EW-A1PH	0.200980392156863
TCGA-EW-A1PH:3:132224254:A	16	17	2	1	2	TCGA-EW-A1PH	0.515151515151515
TCGA-EW-A1PH:9:2812275:G	245	69	2	2	2	TCGA-EW-A1PH	0.219745222929936
TCGA-EW-A1PH:2:176802242:G	19	17	2	1	1	TCGA-EW-A1PH	0.472222222222222
TCGA-EW-A1PH:2:136566347:A	106	40	2	1	2	TCGA-EW-A1PH	0.273972602739726
TCGA-EW-A1PH:9:27949218:G	92	26	2	2	2	TCGA-EW-A1PH	0.220338983050847
TCGA-EW-A1PH:15:34655637:C	69	25	2	1	1	TCGA-EW-A1PH	0.265957446808511
TCGA-EW-A1PH:10:55582871:T	25	10	2	1	2	TCGA-EW-A1PH	0.285714285714286
TCGA-EW-A1PH:5:32090922:G	27	11	2	1	2	TCGA-EW-A1PH	0.289473684210526
TCGA-EW-A1PH:1:150998051:A	140	25	2	2	2	TCGA-EW-A1PH	0.151515151515152
TCGA-EW-A1PH:8:52321996:G	26	15	2	5	16	TCGA-EW-A1PH	0.365853658536585
TCGA-EW-A1PH:2:18736520:C	108	52	2	1	2	TCGA-EW-A1PH	0.325
TCGA-EW-A1PH:4:39301747:T	43	45	2	1	2	TCGA-EW-A1PH	0.511363636363636
TCGA-EW-A1PH:1:237806646:G	209	44	2	2	3	TCGA-EW-A1PH	0.173913043478261
TCGA-EW-A1PH:3:50252106:G	67	28	2	1	2	TCGA-EW-A1PH	0.294736842105263
TCGA-EW-A1PH:8:110655166:A	122	34	2	0	9	TCGA-EW-A1PH	0.217948717948718
TCGA-EW-A1PH:4:119952720:G	37	13	2	1	1	TCGA-EW-A1PH	0.26
TCGA-EW-A1PH:19:57641241:G	34	32	2	1	2	TCGA-EW-A1PH	0.484848484848485
TCGA-EW-A1PH:1:12368636:A	56	27	2	1	1	TCGA-EW-A1PH	0.325301204819277
TCGA-EW-A1PH:6:33424124:G	39	9	2	1	4	TCGA-EW-A1PH	0.1875
TCGA-EW-A1PH:1:60306040:A	74	12	2	1	1	TCGA-EW-A1PH	0.13953488372093
TCGA-EW-A1PH:8:95500959:C	350	64	2	0	9	TCGA-EW-A1PH	0.154589371980676
TCGA-EW-A1PH:12:52636898:G	32	18	2	1	2	TCGA-EW-A1PH	0.36
TCGA-EW-A1PH:2:170134405:G	135	31	2	2	5	TCGA-EW-A1PH	0.186746987951807
TCGA-EW-A1PH:1:214184963:G	95	43	2	2	2	TCGA-EW-A1PH	0.311594202898551
TCGA-EW-A1PH:2:167284443:C	187	68	2	2	3	TCGA-EW-A1PH	0.266666666666667
