mutation_id	ref_counts	var_counts	normal_cn	minor_cn	major_cn	variant_case	variant_freq
TCGA-A2-A0T3:2:133015302:T	42	25	2	1	1	TCGA-A2-A0T3	0.373134328358209
TCGA-A2-A0T3:1:196884227:C	293	82	2	1	2	TCGA-A2-A0T3	0.218666666666667
TCGA-A2-A0T3:2:29366667:C	79	46	2	1	1	TCGA-A2-A0T3	0.368
TCGA-A2-A0T3:2:238290029:C	34	13	2	1	1	TCGA-A2-A0T3	0.276595744680851
TCGA-A2-A0T3:7:137092668:G	403	106	2	1	2	TCGA-A2-A0T3	0.208251473477407
TCGA-A2-A0T3:21:34127560:C	118	50	2	1	2	TCGA-A2-A0T3	0.297619047619048
TCGA-A2-A0T3:9:104432629:C	54	49	2	1	2	TCGA-A2-A0T3	0.475728155339806
TCGA-A2-A0T3:22:19348811:T	288	74	2	1	2	TCGA-A2-A0T3	0.204419889502762
TCGA-A2-A0T3:9:34976648:G	74	24	2	1	2	TCGA-A2-A0T3	0.244897959183673
TCGA-A2-A0T3:9:5892543:G	80	33	2	1	2	TCGA-A2-A0T3	0.292035398230089
TCGA-A2-A0T3:19:9091513:G	522	143	2	2	7	TCGA-A2-A0T3	0.215037593984962
TCGA-A2-A0T3:18:70417577:G	192	95	2	1	1	TCGA-A2-A0T3	0.331010452961672
TCGA-A2-A0T3:11:64374729:G	41	46	2	0	1	TCGA-A2-A0T3	0.528735632183908
TCGA-A2-A0T3:11:55873220:G	340	93	2	1	2	TCGA-A2-A0T3	0.214780600461894
TCGA-A2-A0T3:12:102572481:G	190	103	2	1	1	TCGA-A2-A0T3	0.351535836177474
TCGA-A2-A0T3:2:197709278:G	41	21	2	1	1	TCGA-A2-A0T3	0.338709677419355
TCGA-A2-A0T3:11:607853:G	47	13	2	1	2	TCGA-A2-A0T3	0.216666666666667
TCGA-A2-A0T3:5:145718682:G	48	29	2	0	2	TCGA-A2-A0T3	0.376623376623377
TCGA-A2-A0T3:17:57057757:C	203	31	2	2	3	TCGA-A2-A0T3	0.132478632478632
TCGA-A2-A0T3:1:171527109:C	265	81	2	1	2	TCGA-A2-A0T3	0.234104046242775
TCGA-A2-A0T3:20:1559200:C	197	151	2	0	1	TCGA-A2-A0T3	0.433908045977011
TCGA-A2-A0T3:3:183442226:G	177	65	2	1	1	TCGA-A2-A0T3	0.268595041322314
TCGA-A2-A0T3:1:52811772:C	46	104	2	0	2	TCGA-A2-A0T3	0.693333333333333
TCGA-A2-A0T3:6:3119540:C	55	7	2	0	1	TCGA-A2-A0T3	0.112903225806452
TCGA-A2-A0T3:1:16955128:A	44	11	2	0	2	TCGA-A2-A0T3	0.2
TCGA-A2-A0T3:1:79358816:A	113	28	2	0	2	TCGA-A2-A0T3	0.198581560283688
TCGA-A2-A0T3:22:20843516:C	111	24	2	0	2	TCGA-A2-A0T3	0.177777777777778
TCGA-A2-A0T3:3:9547779:G	61	18	2	0	1	TCGA-A2-A0T3	0.227848101265823
TCGA-A2-A0T3:6:100841453:C	59	11	2	0	1	TCGA-A2-A0T3	0.157142857142857
TCGA-A2-A0T3:6:160183182:G	34	10	2	0	1	TCGA-A2-A0T3	0.227272727272727
