mutation_id	ref_counts	var_counts	normal_cn	minor_cn	major_cn	variant_case	variant_freq
TCGA-A2-A0YF:7:134645312:C	119	67	2	1	1	TCGA-A2-A0YF	0.360215053763441
TCGA-A2-A0YF:9:123239714:T	211	111	2	1	1	TCGA-A2-A0YF	0.34472049689441
TCGA-A2-A0YF:2:219647024:C	24	17	2	1	1	TCGA-A2-A0YF	0.414634146341463
TCGA-A2-A0YF:15:100331916:C	32	12	2	1	1	TCGA-A2-A0YF	0.272727272727273
TCGA-A2-A0YF:3:169802155:T	61	33	2	1	1	TCGA-A2-A0YF	0.351063829787234
TCGA-A2-A0YF:6:76640790:G	99	61	2	1	1	TCGA-A2-A0YF	0.38125
TCGA-A2-A0YF:1:158817523:C	75	38	2	1	1	TCGA-A2-A0YF	0.336283185840708
TCGA-A2-A0YF:3:98073612:T	13	21	2	1	1	TCGA-A2-A0YF	0.617647058823529
TCGA-A2-A0YF:3:57543003:T	28	29	2	1	1	TCGA-A2-A0YF	0.508771929824561
TCGA-A2-A0YF:16:24567190:C	167	52	2	1	2	TCGA-A2-A0YF	0.237442922374429
TCGA-A2-A0YF:2:79350284:A	90	63	2	1	1	TCGA-A2-A0YF	0.411764705882353
TCGA-A2-A0YF:5:96506986:T	81	53	2	1	1	TCGA-A2-A0YF	0.395522388059701
TCGA-A2-A0YF:10:108427518:C	68	26	2	1	1	TCGA-A2-A0YF	0.276595744680851
TCGA-A2-A0YF:11:124967604:G	20	57	2	0	1	TCGA-A2-A0YF	0.74025974025974
TCGA-A2-A0YF:1:186304588:C	176	83	2	1	2	TCGA-A2-A0YF	0.32046332046332
TCGA-A2-A0YF:19:11727643:G	128	82	2	1	1	TCGA-A2-A0YF	0.39047619047619
TCGA-A2-A0YF:22:37707034:C	41	8	2	0	1	TCGA-A2-A0YF	0.163265306122449
TCGA-A2-A0YF:2:203630190:C	82	28	2	1	1	TCGA-A2-A0YF	0.254545454545455
TCGA-A2-A0YF:1:145293269:G	110	18	2	1	2	TCGA-A2-A0YF	0.140625
