mutation_id	ref_counts	var_counts	normal_cn	minor_cn	major_cn	variant_case	variant_freq
TCGA-EW-A1IY:2:215818580:G	53	15	2	1	1	TCGA-EW-A1IY	0.220588235294118
TCGA-EW-A1IY:9:116155798:T	129	26	2	1	1	TCGA-EW-A1IY	0.167741935483871
TCGA-EW-A1IY:16:67645412:A	30	10	2	0	1	TCGA-EW-A1IY	0.25
TCGA-EW-A1IY:3:58154202:G	44	21	2	1	1	TCGA-EW-A1IY	0.323076923076923
TCGA-EW-A1IY:10:124269648:G	42	18	2	1	1	TCGA-EW-A1IY	0.3
TCGA-EW-A1IY:1:200969064:C	189	31	2	1	3	TCGA-EW-A1IY	0.140909090909091
TCGA-EW-A1IY:6:144184640:G	71	22	2	1	1	TCGA-EW-A1IY	0.236559139784946
TCGA-EW-A1IY:15:23889494:G	50	14	2	1	1	TCGA-EW-A1IY	0.21875
TCGA-EW-A1IY:3:195506258:G	114	54	2	1	1	TCGA-EW-A1IY	0.321428571428571
TCGA-EW-A1IY:9:119106938:G	64	11	2	1	1	TCGA-EW-A1IY	0.146666666666667
TCGA-EW-A1IY:2:61258802:C	81	28	2	1	1	TCGA-EW-A1IY	0.256880733944954
TCGA-EW-A1IY:11:36453429:C	160	43	2	1	1	TCGA-EW-A1IY	0.211822660098522
TCGA-EW-A1IY:1:182517845:C	125	22	2	1	3	TCGA-EW-A1IY	0.149659863945578
TCGA-EW-A1IY:1:26882081:G	39	9	2	1	1	TCGA-EW-A1IY	0.1875
TCGA-EW-A1IY:15:75305052:C	74	19	2	1	1	TCGA-EW-A1IY	0.204301075268817
TCGA-EW-A1IY:10:123845984:G	27	7	2	1	1	TCGA-EW-A1IY	0.205882352941176
TCGA-EW-A1IY:1:234566023:G	26	16	2	1	3	TCGA-EW-A1IY	0.380952380952381
TCGA-EW-A1IY:14:92470730:C	50	12	2	0	2	TCGA-EW-A1IY	0.193548387096774
TCGA-EW-A1IY:6:150267715:C	243	54	2	1	1	TCGA-EW-A1IY	0.181818181818182
