mutation_id	ref_counts	var_counts	normal_cn	minor_cn	major_cn	variant_case	variant_freq
TCGA-AN-A041:10:32106730:T	283	63	2	2	2	TCGA-AN-A041	0.182080924855491
TCGA-AN-A041:1:158299375:C	326	53	2	2	4	TCGA-AN-A041	0.139841688654354
TCGA-AN-A041:17:41590796:C	400	50	2	2	5	TCGA-AN-A041	0.111111111111111
TCGA-AN-A041:14:102494097:G	131	41	2	2	2	TCGA-AN-A041	0.238372093023256
TCGA-AN-A041:1:152279873:A	255	39	2	2	4	TCGA-AN-A041	0.13265306122449
TCGA-AN-A041:1:156697031:C	110	64	2	2	4	TCGA-AN-A041	0.367816091954023
TCGA-AN-A041:20:33345587:G	359	195	2	2	2	TCGA-AN-A041	0.351985559566787
TCGA-AN-A041:10:20290912:C	180	34	2	2	2	TCGA-AN-A041	0.158878504672897
TCGA-AN-A041:3:25502731:C	399	130	2	1	2	TCGA-AN-A041	0.245746691871456
TCGA-AN-A041:2:55253661:G	674	172	2	2	2	TCGA-AN-A041	0.203309692671395
TCGA-AN-A041:19:5664427:A	66	22	2	0	2	TCGA-AN-A041	0.25
TCGA-AN-A041:9:91727508:T	281	76	2	1	2	TCGA-AN-A041	0.212885154061625
TCGA-AN-A041:2:96944396:G	158	27	2	2	2	TCGA-AN-A041	0.145945945945946
TCGA-AN-A041:5:118728611:C	108	26	2	1	2	TCGA-AN-A041	0.194029850746269
TCGA-AN-A041:2:98354541:C	256	57	2	2	2	TCGA-AN-A041	0.182108626198083
TCGA-AN-A041:18:60230264:C	241	63	2	2	2	TCGA-AN-A041	0.207236842105263
TCGA-AN-A041:8:99719442:C	348	44	2	1	4	TCGA-AN-A041	0.112244897959184
TCGA-AN-A041:5:135385250:C	107	14	2	1	2	TCGA-AN-A041	0.115702479338843
