mutation_id	ref_counts	var_counts	normal_cn	minor_cn	major_cn	variant_case	variant_freq
TCGA-BH-A0E2:9:32987555:G	240	124	2	1	1	TCGA-BH-A0E2	0.340659340659341
TCGA-BH-A0E2:12:7047646:G	23	18	2	1	1	TCGA-BH-A0E2	0.439024390243902
TCGA-BH-A0E2:20:36962894:C	291	160	2	1	1	TCGA-BH-A0E2	0.354767184035477
TCGA-BH-A0E2:2:172291597:G	29	26	2	0	1	TCGA-BH-A0E2	0.472727272727273
TCGA-BH-A0E2:7:30818062:A	62	26	2	1	1	TCGA-BH-A0E2	0.295454545454545
TCGA-BH-A0E2:3:52728920:C	82	40	2	1	1	TCGA-BH-A0E2	0.327868852459016
TCGA-BH-A0E2:12:75444552:G	129	205	2	1	3	TCGA-BH-A0E2	0.61377245508982
TCGA-BH-A0E2:6:117050794:T	166	113	2	1	1	TCGA-BH-A0E2	0.405017921146953
TCGA-BH-A0E2:4:1836578:G	26	9	2	1	1	TCGA-BH-A0E2	0.257142857142857
TCGA-BH-A0E2:4:140811265:G	89	79	2	1	1	TCGA-BH-A0E2	0.470238095238095
TCGA-BH-A0E2:17:38182541:A	35	45	2	0	1	TCGA-BH-A0E2	0.5625
TCGA-BH-A0E2:10:21884363:T	105	57	2	1	1	TCGA-BH-A0E2	0.351851851851852
TCGA-BH-A0E2:18:3090726:C	42	47	2	0	1	TCGA-BH-A0E2	0.528089887640449
TCGA-BH-A0E2:5:76932789:G	34	13	2	1	1	TCGA-BH-A0E2	0.276595744680851
TCGA-BH-A0E2:14:24568928:A	62	43	2	1	1	TCGA-BH-A0E2	0.40952380952381
TCGA-BH-A0E2:8:53558327:C	102	37	2	1	1	TCGA-BH-A0E2	0.266187050359712
TCGA-BH-A0E2:12:52145348:T	101	129	2	0	1	TCGA-BH-A0E2	0.560869565217391
TCGA-BH-A0E2:1:169588391:G	112	54	2	1	1	TCGA-BH-A0E2	0.325301204819277
TCGA-BH-A0E2:2:231176276:G	47	36	2	0	1	TCGA-BH-A0E2	0.433734939759036
TCGA-BH-A0E2:10:70406122:A	136	56	2	1	1	TCGA-BH-A0E2	0.291666666666667
TCGA-BH-A0E2:12:72388322:G	579	172	2	2	7	TCGA-BH-A0E2	0.229027962716378
TCGA-BH-A0E2:14:54996904:G	270	36	2	1	3	TCGA-BH-A0E2	0.117647058823529
TCGA-BH-A0E2:6:111695272:A	275	83	2	1	1	TCGA-BH-A0E2	0.231843575418994
