mutation_id	ref_counts	var_counts	normal_cn	minor_cn	major_cn	variant_case	variant_freq
TCGA-AO-A03R:1:181689373:T	371	113	2	1	2	TCGA-AO-A03R	0.233471074380165
TCGA-AO-A03R:5:76028303:C	100	58	2	1	1	TCGA-AO-A03R	0.367088607594937
TCGA-AO-A03R:9:130716172:C	31	12	2	1	1	TCGA-AO-A03R	0.27906976744186
TCGA-AO-A03R:1:173703245:G	149	51	2	1	2	TCGA-AO-A03R	0.255
TCGA-AO-A03R:17:60743534:C	18	13	2	1	1	TCGA-AO-A03R	0.419354838709677
TCGA-AO-A03R:4:152679994:T	151	68	2	1	1	TCGA-AO-A03R	0.310502283105023
TCGA-AO-A03R:1:151266606:G	80	24	2	1	2	TCGA-AO-A03R	0.230769230769231
TCGA-AO-A03R:20:48431650:C	78	49	2	1	1	TCGA-AO-A03R	0.385826771653543
TCGA-AO-A03R:1:25824793:A	94	58	2	1	1	TCGA-AO-A03R	0.381578947368421
TCGA-AO-A03R:5:34867065:T	115	52	2	1	1	TCGA-AO-A03R	0.311377245508982
TCGA-AO-A03R:16:3274067:C	56	28	2	1	1	TCGA-AO-A03R	0.333333333333333
TCGA-AO-A03R:16:70293052:G	67	43	2	0	1	TCGA-AO-A03R	0.390909090909091
TCGA-AO-A03R:15:83926358:C	115	43	2	1	1	TCGA-AO-A03R	0.272151898734177
TCGA-AO-A03R:1:159170670:C	115	26	2	1	2	TCGA-AO-A03R	0.184397163120567
TCGA-AO-A03R:6:14118244:C	43	9	2	1	1	TCGA-AO-A03R	0.173076923076923
TCGA-AO-A03R:13:92345580:G	123	72	2	0	1	TCGA-AO-A03R	0.369230769230769
TCGA-AO-A03R:3:100373700:A	183	67	2	1	1	TCGA-AO-A03R	0.268
TCGA-AO-A03R:12:104487163:G	104	16	2	1	1	TCGA-AO-A03R	0.133333333333333
TCGA-AO-A03R:1:185902884:G	160	38	2	1	2	TCGA-AO-A03R	0.191919191919192
TCGA-AO-A03R:2:198363534:C	39	7	2	1	1	TCGA-AO-A03R	0.152173913043478
TCGA-AO-A03R:11:46894758:G	97	27	2	1	1	TCGA-AO-A03R	0.217741935483871
TCGA-AO-A03R:3:195510990:C	38	10	2	1	1	TCGA-AO-A03R	0.208333333333333
TCGA-AO-A03R:1:201755667:C	338	47	2	1	2	TCGA-AO-A03R	0.122077922077922
TCGA-AO-A03R:1:229619833:C	415	116	2	1	2	TCGA-AO-A03R	0.218455743879473
TCGA-AO-A03R:19:15905356:C	302	124	2	1	1	TCGA-AO-A03R	0.291079812206573
TCGA-AO-A03R:2:86344259:G	118	59	2	0	1	TCGA-AO-A03R	0.333333333333333
TCGA-AO-A03R:17:5238487:C	53	39	2	0	1	TCGA-AO-A03R	0.423913043478261
TCGA-AO-A03R:19:38946102:C	691	293	2	1	1	TCGA-AO-A03R	0.297764227642276
TCGA-AO-A03R:1:109888491:C	121	15	2	1	1	TCGA-AO-A03R	0.110294117647059
TCGA-AO-A03R:17:7577144:A	104	59	2	0	1	TCGA-AO-A03R	0.361963190184049
TCGA-AO-A03R:13:20041461:A	40	20	2	0	1	TCGA-AO-A03R	0.333333333333333
TCGA-AO-A03R:6:42222647:C	63	16	2	1	1	TCGA-AO-A03R	0.20253164556962
TCGA-AO-A03R:19:30500053:A	124	38	2	1	1	TCGA-AO-A03R	0.234567901234568
TCGA-AO-A03R:15:42743536:C	366	54	2	1	1	TCGA-AO-A03R	0.128571428571429
