mutation_id	ref_counts	var_counts	normal_cn	minor_cn	major_cn	variant_case	variant_freq
TCGA-B6-A0IC:9:75540496:C	78	54	2	1	1	TCGA-B6-A0IC	0.409090909090909
TCGA-B6-A0IC:19:47492897:C	35	16	2	1	1	TCGA-B6-A0IC	0.313725490196078
TCGA-B6-A0IC:7:86988539:C	67	91	2	1	2	TCGA-B6-A0IC	0.575949367088608
TCGA-B6-A0IC:16:21115812:T	266	132	2	1	2	TCGA-B6-A0IC	0.331658291457286
TCGA-B6-A0IC:21:41427655:T	83	45	2	1	1	TCGA-B6-A0IC	0.3515625
TCGA-B6-A0IC:1:157767580:C	96	93	2	1	1	TCGA-B6-A0IC	0.492063492063492
TCGA-B6-A0IC:12:53070227:G	44	32	2	1	1	TCGA-B6-A0IC	0.421052631578947
TCGA-B6-A0IC:1:201869751:T	58	46	2	1	1	TCGA-B6-A0IC	0.442307692307692
TCGA-B6-A0IC:1:12062055:C	25	25	2	1	1	TCGA-B6-A0IC	0.5
TCGA-B6-A0IC:12:13068851:G	73	87	2	1	1	TCGA-B6-A0IC	0.54375
TCGA-B6-A0IC:12:13068852:C	73	88	2	1	1	TCGA-B6-A0IC	0.546583850931677
TCGA-B6-A0IC:13:53624378:C	84	58	2	1	1	TCGA-B6-A0IC	0.408450704225352
TCGA-B6-A0IC:3:178936091:G	101	72	2	1	1	TCGA-B6-A0IC	0.416184971098266
TCGA-B6-A0IC:1:150307447:T	39	26	2	1	1	TCGA-B6-A0IC	0.4
TCGA-B6-A0IC:2:200137254:T	69	69	2	1	1	TCGA-B6-A0IC	0.5
TCGA-B6-A0IC:7:4011199:C	66	26	2	1	2	TCGA-B6-A0IC	0.282608695652174
TCGA-B6-A0IC:17:26817851:C	29	21	2	1	1	TCGA-B6-A0IC	0.42
TCGA-B6-A0IC:3:119236093:C	125	114	2	1	1	TCGA-B6-A0IC	0.476987447698745
TCGA-B6-A0IC:2:113277954:A	80	88	2	1	1	TCGA-B6-A0IC	0.523809523809524
TCGA-B6-A0IC:12:108642028:C	22	24	2	1	1	TCGA-B6-A0IC	0.521739130434783
TCGA-B6-A0IC:5:70793174:C	157	24	2	1	1	TCGA-B6-A0IC	0.132596685082873
TCGA-B6-A0IC:13:33629465:A	35	13	2	1	1	TCGA-B6-A0IC	0.270833333333333
TCGA-B6-A0IC:6:161470644:C	164	46	2	1	1	TCGA-B6-A0IC	0.219047619047619
TCGA-B6-A0IC:10:55912885:C	125	43	2	1	1	TCGA-B6-A0IC	0.255952380952381
TCGA-B6-A0IC:4:87770240:G	26	9	2	1	1	TCGA-B6-A0IC	0.257142857142857
TCGA-B6-A0IC:11:26725447:G	112	43	2	1	1	TCGA-B6-A0IC	0.27741935483871
TCGA-B6-A0IC:9:88961242:T	280	151	2	1	1	TCGA-B6-A0IC	0.350348027842227
TCGA-B6-A0IC:5:178503490:C	270	82	2	1	1	TCGA-B6-A0IC	0.232954545454545
