mutation_id	ref_counts	var_counts	normal_cn	minor_cn	major_cn	variant_case	variant_freq
TCGA-D8-A27W:9:88272487:G	26	9	2	1	2	TCGA-D8-A27W	0.257142857142857
TCGA-D8-A27W:2:9467980:A	112	13	2	2	2	TCGA-D8-A27W	0.104
TCGA-D8-A27W:4:26491823:C	52	7	2	2	3	TCGA-D8-A27W	0.11864406779661
TCGA-D8-A27W:6:126669611:G	29	14	2	0	1	TCGA-D8-A27W	0.325581395348837
TCGA-D8-A27W:14:55817206:T	58	7	2	2	4	TCGA-D8-A27W	0.107692307692308
TCGA-D8-A27W:17:38610201:G	53	13	2	4	4	TCGA-D8-A27W	0.196969696969697
TCGA-D8-A27W:3:156249278:G	52	24	2	1	3	TCGA-D8-A27W	0.315789473684211
TCGA-D8-A27W:5:154396151:A	45	20	2	2	3	TCGA-D8-A27W	0.307692307692308
TCGA-D8-A27W:6:25450164:G	32	16	2	1	2	TCGA-D8-A27W	0.333333333333333
TCGA-D8-A27W:6:37620076:G	7	51	2	2	12	TCGA-D8-A27W	0.879310344827586
TCGA-D8-A27W:6:2689172:G	52	6	2	2	2	TCGA-D8-A27W	0.103448275862069
TCGA-D8-A27W:3:146171892:G	67	15	2	1	3	TCGA-D8-A27W	0.182926829268293
TCGA-D8-A27W:4:147561811:G	26	6	2	2	3	TCGA-D8-A27W	0.1875
TCGA-D8-A27W:15:48052559:G	47	18	2	2	2	TCGA-D8-A27W	0.276923076923077
TCGA-D8-A27W:11:70507831:C	33	15	2	0	3	TCGA-D8-A27W	0.3125
TCGA-D8-A27W:20:51872712:C	62	47	2	4	4	TCGA-D8-A27W	0.431192660550459
TCGA-D8-A27W:4:437075:C	141	20	2	2	3	TCGA-D8-A27W	0.124223602484472
