mutation_id	ref_counts	var_counts	normal_cn	minor_cn	major_cn	variant_case	variant_freq
TCGA-E9-A227:15:25966903:G	72	23	2	1	1	TCGA-E9-A227	0.242105263157895
TCGA-E9-A227:9:139889217:C	21	11	2	1	1	TCGA-E9-A227	0.34375
TCGA-E9-A227:16:67645934:C	43	32	2	0	1	TCGA-E9-A227	0.426666666666667
TCGA-E9-A227:17:7708590:G	77	24	2	1	1	TCGA-E9-A227	0.237623762376238
TCGA-E9-A227:5:89948176:C	125	45	2	1	1	TCGA-E9-A227	0.264705882352941
TCGA-E9-A227:17:60865932:C	104	41	2	1	1	TCGA-E9-A227	0.282758620689655
TCGA-E9-A227:3:178952085:A	57	26	2	1	1	TCGA-E9-A227	0.313253012048193
TCGA-E9-A227:13:75884201:C	119	40	2	1	1	TCGA-E9-A227	0.251572327044025
TCGA-E9-A227:17:79152856:G	39	8	2	1	1	TCGA-E9-A227	0.170212765957447
