mutation_id	ref_counts	var_counts	normal_cn	minor_cn	major_cn	variant_case	variant_freq
TCGA-D8-A1X8:2:74043504:G	23	18	2	1	1	TCGA-D8-A1X8	0.439024390243902
TCGA-D8-A1X8:5:96100942:C	37	20	2	1	1	TCGA-D8-A1X8	0.350877192982456
TCGA-D8-A1X8:12:42499714:T	38	11	2	1	1	TCGA-D8-A1X8	0.224489795918367
TCGA-D8-A1X8:14:106173790:A	28	17	2	1	1	TCGA-D8-A1X8	0.377777777777778
TCGA-D8-A1X8:20:33328692:T	31	12	2	1	1	TCGA-D8-A1X8	0.27906976744186
TCGA-D8-A1X8:1:247582326:C	28	5	2	1	2	TCGA-D8-A1X8	0.151515151515152
TCGA-D8-A1X8:17:2573487:C	35	17	2	1	1	TCGA-D8-A1X8	0.326923076923077
TCGA-D8-A1X8:5:32088636:A	22	14	2	1	1	TCGA-D8-A1X8	0.388888888888889
TCGA-D8-A1X8:10:99132555:C	30	10	2	1	1	TCGA-D8-A1X8	0.25
TCGA-D8-A1X8:16:4829725:G	23	10	2	1	1	TCGA-D8-A1X8	0.303030303030303
TCGA-D8-A1X8:7:100771746:G	33	14	2	1	1	TCGA-D8-A1X8	0.297872340425532
TCGA-D8-A1X8:17:78185893:C	23	9	2	1	1	TCGA-D8-A1X8	0.28125
TCGA-D8-A1X8:14:64635628:A	36	8	2	1	1	TCGA-D8-A1X8	0.181818181818182
TCGA-D8-A1X8:19:55687114:G	21	9	2	1	1	TCGA-D8-A1X8	0.3
TCGA-D8-A1X8:5:79374937:C	32	6	2	1	1	TCGA-D8-A1X8	0.157894736842105
TCGA-D8-A1X8:2:138033556:G	28	16	2	1	1	TCGA-D8-A1X8	0.363636363636364
TCGA-D8-A1X8:9:114293154:G	21	11	2	1	1	TCGA-D8-A1X8	0.34375
