mutation_id	ref_counts	var_counts	normal_cn	minor_cn	major_cn	variant_case	variant_freq
TCGA-A2-A25D:2:73635817:C	72	31	2	1	1	TCGA-A2-A25D	0.300970873786408
TCGA-A2-A25D:4:47560135:G	33	16	2	1	1	TCGA-A2-A25D	0.326530612244898
TCGA-A2-A25D:3:142234359:T	51	14	2	1	2	TCGA-A2-A25D	0.215384615384615
TCGA-A2-A25D:13:103382387:G	27	18	2	0	1	TCGA-A2-A25D	0.4
TCGA-A2-A25D:2:238277616:G	40	18	2	1	1	TCGA-A2-A25D	0.310344827586207
TCGA-A2-A25D:2:180858042:T	146	55	2	1	1	TCGA-A2-A25D	0.27363184079602
TCGA-A2-A25D:5:139574060:G	39	26	2	1	1	TCGA-A2-A25D	0.4
TCGA-A2-A25D:14:94524189:G	22	8	2	1	1	TCGA-A2-A25D	0.266666666666667
TCGA-A2-A25D:6:53133926:C	65	23	2	1	1	TCGA-A2-A25D	0.261363636363636
TCGA-A2-A25D:17:77705092:C	27	5	2	1	4	TCGA-A2-A25D	0.15625
TCGA-A2-A25D:17:73924235:T	70	20	2	1	2	TCGA-A2-A25D	0.222222222222222
TCGA-A2-A25D:4:156724917:G	28	7	2	1	1	TCGA-A2-A25D	0.2
TCGA-A2-A25D:1:117131545:G	26	12	2	1	1	TCGA-A2-A25D	0.315789473684211
TCGA-A2-A25D:12:26755633:T	93	49	2	1	1	TCGA-A2-A25D	0.345070422535211
TCGA-A2-A25D:1:225609856:A	63	9	2	1	4	TCGA-A2-A25D	0.125
TCGA-A2-A25D:19:11470279:C	23	10	2	1	1	TCGA-A2-A25D	0.303030303030303
TCGA-A2-A25D:2:33585833:G	29	13	2	1	1	TCGA-A2-A25D	0.30952380952381
TCGA-A2-A25D:17:34105965:C	45	10	2	1	1	TCGA-A2-A25D	0.181818181818182
TCGA-A2-A25D:19:9060763:T	37	24	2	0	1	TCGA-A2-A25D	0.39344262295082
TCGA-A2-A25D:14:23858706:G	51	15	2	1	1	TCGA-A2-A25D	0.227272727272727
TCGA-A2-A25D:11:6789589:G	34	13	2	1	1	TCGA-A2-A25D	0.276595744680851
TCGA-A2-A25D:3:97852403:A	72	34	2	1	1	TCGA-A2-A25D	0.320754716981132
TCGA-A2-A25D:5:140255068:T	38	9	2	1	1	TCGA-A2-A25D	0.191489361702128
TCGA-A2-A25D:18:10761023:C	28	12	2	0	1	TCGA-A2-A25D	0.3
TCGA-A2-A25D:2:68882542:C	39	12	2	1	1	TCGA-A2-A25D	0.235294117647059
TCGA-A2-A25D:6:47846156:C	63	19	2	1	1	TCGA-A2-A25D	0.231707317073171
TCGA-A2-A25D:20:43851070:A	31	16	2	1	1	TCGA-A2-A25D	0.340425531914894
TCGA-A2-A25D:16:4835875:C	37	11	2	1	1	TCGA-A2-A25D	0.229166666666667
TCGA-A2-A25D:12:46754960:C	44	20	2	1	1	TCGA-A2-A25D	0.3125
TCGA-A2-A25D:1:24972547:G	36	10	2	1	1	TCGA-A2-A25D	0.217391304347826
TCGA-A2-A25D:18:29480941:T	29	20	2	0	1	TCGA-A2-A25D	0.408163265306122
TCGA-A2-A25D:19:40581727:A	73	25	2	1	1	TCGA-A2-A25D	0.255102040816327
TCGA-A2-A25D:9:32459494:G	177	109	2	1	2	TCGA-A2-A25D	0.381118881118881
TCGA-A2-A25D:15:42743987:G	68	11	2	1	1	TCGA-A2-A25D	0.139240506329114
