mutation_id	ref_counts	var_counts	normal_cn	minor_cn	major_cn	variant_case	variant_freq
TCGA-D8-A1Y2:5:141049557:G	28	13	2	1	2	TCGA-D8-A1Y2	0.317073170731707
TCGA-D8-A1Y2:1:75055486:G	67	15	2	1	1	TCGA-D8-A1Y2	0.182926829268293
TCGA-D8-A1Y2:14:102449530:G	40	7	2	1	1	TCGA-D8-A1Y2	0.148936170212766
TCGA-D8-A1Y2:19:48239730:G	28	7	2	1	1	TCGA-D8-A1Y2	0.2
TCGA-D8-A1Y2:3:4847896:A	53	41	2	1	2	TCGA-D8-A1Y2	0.436170212765957
TCGA-D8-A1Y2:5:137766020:G	44	12	2	1	2	TCGA-D8-A1Y2	0.214285714285714
TCGA-D8-A1Y2:19:51361806:C	31	6	2	1	1	TCGA-D8-A1Y2	0.162162162162162
TCGA-D8-A1Y2:14:50915497:C	52	22	2	1	1	TCGA-D8-A1Y2	0.297297297297297
TCGA-D8-A1Y2:3:178936091:G	31	13	2	1	2	TCGA-D8-A1Y2	0.295454545454545
TCGA-D8-A1Y2:17:38510603:T	24	8	2	1	2	TCGA-D8-A1Y2	0.25
TCGA-D8-A1Y2:17:40762203:G	34	10	2	1	2	TCGA-D8-A1Y2	0.227272727272727
TCGA-D8-A1Y2:1:27721113:G	49	10	2	0	1	TCGA-D8-A1Y2	0.169491525423729
TCGA-D8-A1Y2:1:158576343:C	64	11	2	1	1	TCGA-D8-A1Y2	0.146666666666667
TCGA-D8-A1Y2:1:201859604:G	39	5	2	1	1	TCGA-D8-A1Y2	0.113636363636364
