mutation_id	ref_counts	var_counts	normal_cn	minor_cn	major_cn	variant_case	variant_freq
TCGA-AC-A2FO:7:129064781:C	84	19	2	1	1	TCGA-AC-A2FO	0.184466019417476
TCGA-AC-A2FO:2:29295823:G	59	16	2	1	1	TCGA-AC-A2FO	0.213333333333333
TCGA-AC-A2FO:17:11726261:G	43	11	2	1	1	TCGA-AC-A2FO	0.203703703703704
TCGA-AC-A2FO:2:187608252:C	70	14	2	1	1	TCGA-AC-A2FO	0.166666666666667
TCGA-AC-A2FO:6:137019707:G	49	15	2	1	1	TCGA-AC-A2FO	0.234375
TCGA-AC-A2FO:22:38333086:G	41	8	2	1	1	TCGA-AC-A2FO	0.163265306122449
TCGA-AC-A2FO:11:65632261:C	39	13	2	1	1	TCGA-AC-A2FO	0.25
TCGA-AC-A2FO:5:151771792:G	118	26	2	1	1	TCGA-AC-A2FO	0.180555555555556
TCGA-AC-A2FO:1:27268243:G	46	9	2	1	1	TCGA-AC-A2FO	0.163636363636364
TCGA-AC-A2FO:3:178936091:G	40	15	2	1	1	TCGA-AC-A2FO	0.272727272727273
TCGA-AC-A2FO:11:14535994:C	31	9	2	1	1	TCGA-AC-A2FO	0.225
TCGA-AC-A2FO:2:210881290:G	128	30	2	1	1	TCGA-AC-A2FO	0.189873417721519
TCGA-AC-A2FO:14:35242895:C	153	22	2	1	1	TCGA-AC-A2FO	0.125714285714286
TCGA-AC-A2FO:10:97772336:G	71	11	2	1	1	TCGA-AC-A2FO	0.134146341463415
TCGA-AC-A2FO:5:140180891:G	62	8	2	1	1	TCGA-AC-A2FO	0.114285714285714
TCGA-AC-A2FO:6:31922433:C	63	9	2	1	1	TCGA-AC-A2FO	0.125
TCGA-AC-A2FO:16:2314298:C	110	16	2	1	1	TCGA-AC-A2FO	0.126984126984127
TCGA-AC-A2FO:11:10011089:C	129	19	2	1	1	TCGA-AC-A2FO	0.128378378378378
