mutation_id	ref_counts	var_counts	normal_cn	minor_cn	major_cn	variant_case	variant_freq
TCGA-D8-A27I:12:22068664:G	88	16	2	1	1	TCGA-D8-A27I	0.153846153846154
TCGA-D8-A27I:5:33658359:G	56	14	2	1	2	TCGA-D8-A27I	0.2
TCGA-D8-A27I:3:112648154:C	149	18	2	1	1	TCGA-D8-A27I	0.107784431137725
TCGA-D8-A27I:8:68062079:A	84	17	2	1	2	TCGA-D8-A27I	0.168316831683168
TCGA-D8-A27I:15:29443953:G	24	7	2	1	1	TCGA-D8-A27I	0.225806451612903
TCGA-D8-A27I:5:161324182:C	68	12	2	2	2	TCGA-D8-A27I	0.15
TCGA-D8-A27I:6:117130687:C	64	12	2	1	1	TCGA-D8-A27I	0.157894736842105
TCGA-D8-A27I:22:46719150:C	30	6	2	0	1	TCGA-D8-A27I	0.166666666666667
TCGA-D8-A27I:9:111663920:G	61	11	2	1	1	TCGA-D8-A27I	0.152777777777778
TCGA-D8-A27I:4:39439521:G	64	12	2	1	1	TCGA-D8-A27I	0.157894736842105
TCGA-D8-A27I:22:37966365:C	48	6	2	0	1	TCGA-D8-A27I	0.111111111111111
TCGA-D8-A27I:3:152165442:A	59	11	2	1	1	TCGA-D8-A27I	0.157142857142857
TCGA-D8-A27I:5:126792857:T	49	10	2	1	2	TCGA-D8-A27I	0.169491525423729
TCGA-D8-A27I:1:248436177:T	43	10	2	1	4	TCGA-D8-A27I	0.188679245283019
TCGA-D8-A27I:5:140730020:C	47	38	2	2	2	TCGA-D8-A27I	0.447058823529412
TCGA-D8-A27I:19:17476703:G	31	9	2	1	1	TCGA-D8-A27I	0.225
TCGA-D8-A27I:1:151379720:T	72	12	2	1	4	TCGA-D8-A27I	0.142857142857143
TCGA-D8-A27I:7:1607460:G	34	6	2	1	2	TCGA-D8-A27I	0.15
TCGA-D8-A27I:1:237777819:A	41	22	2	1	4	TCGA-D8-A27I	0.349206349206349
TCGA-D8-A27I:12:52162755:G	39	10	2	1	1	TCGA-D8-A27I	0.204081632653061
TCGA-D8-A27I:11:64361228:G	51	6	2	1	1	TCGA-D8-A27I	0.105263157894737
TCGA-D8-A27I:21:19770211:C	34	6	2	1	1	TCGA-D8-A27I	0.15
TCGA-D8-A27I:17:46846360:C	54	6	2	1	1	TCGA-D8-A27I	0.1
TCGA-D8-A27I:11:11964387:A	40	15	2	1	1	TCGA-D8-A27I	0.272727272727273
TCGA-D8-A27I:7:148815337:T	138	35	2	1	2	TCGA-D8-A27I	0.202312138728324
