mutation_id	ref_counts	var_counts	normal_cn	minor_cn	major_cn	variant_case	variant_freq
TCGA-A1-A0SN:20:3649953:G	34	18	2	2	3	TCGA-A1-A0SN	0.346153846153846
TCGA-A1-A0SN:11:129993589:C	34	10	2	0	2	TCGA-A1-A0SN	0.227272727272727
TCGA-A1-A0SN:6:30613843:G	51	25	2	2	3	TCGA-A1-A0SN	0.328947368421053
TCGA-A1-A0SN:17:65850252:T	65	12	2	2	5	TCGA-A1-A0SN	0.155844155844156
TCGA-A1-A0SN:1:207317171:C	102	20	2	1	5	TCGA-A1-A0SN	0.163934426229508
TCGA-A1-A0SN:18:21735836:C	30	7	2	2	2	TCGA-A1-A0SN	0.189189189189189
TCGA-A1-A0SN:17:38457154:G	351	42	2	0	54	TCGA-A1-A0SN	0.106870229007634
TCGA-A1-A0SN:17:38458209:G	434	64	2	0	54	TCGA-A1-A0SN	0.1285140562249
TCGA-A1-A0SN:20:5165585:C	65	8	2	2	3	TCGA-A1-A0SN	0.10958904109589
TCGA-A1-A0SN:12:9885586:C	33	6	2	1	5	TCGA-A1-A0SN	0.153846153846154
TCGA-A1-A0SN:3:57419477:A	31	19	2	2	2	TCGA-A1-A0SN	0.38
TCGA-A1-A0SN:5:13865914:C	63	7	2	3	3	TCGA-A1-A0SN	0.1
TCGA-A1-A0SN:1:172011231:G	28	40	2	1	5	TCGA-A1-A0SN	0.588235294117647
TCGA-A1-A0SN:6:30917380:C	122	19	2	2	3	TCGA-A1-A0SN	0.134751773049645
TCGA-A1-A0SN:20:18365188:T	25	10	2	2	3	TCGA-A1-A0SN	0.285714285714286
TCGA-A1-A0SN:19:16528799:G	36	7	2	2	2	TCGA-A1-A0SN	0.162790697674419
TCGA-A1-A0SN:7:1512808:G	27	9	2	2	3	TCGA-A1-A0SN	0.25
TCGA-A1-A0SN:1:245583003:C	32	5	2	1	5	TCGA-A1-A0SN	0.135135135135135
TCGA-A1-A0SN:12:123058840:T	31	5	2	2	3	TCGA-A1-A0SN	0.138888888888889
TCGA-A1-A0SN:17:38857431:G	98	20	2	2	9	TCGA-A1-A0SN	0.169491525423729
TCGA-A1-A0SN:11:1264225:C	76	57	2	2	2	TCGA-A1-A0SN	0.428571428571429
TCGA-A1-A0SN:2:204001448:C	29	6	2	1	2	TCGA-A1-A0SN	0.171428571428571
TCGA-A1-A0SN:17:16029439:C	44	15	2	2	3	TCGA-A1-A0SN	0.254237288135593
TCGA-A1-A0SN:17:27061083:G	30	8	2	2	2	TCGA-A1-A0SN	0.210526315789474
TCGA-A1-A0SN:14:77735657:C	21	10	2	2	2	TCGA-A1-A0SN	0.32258064516129
TCGA-A1-A0SN:1:153659695:A	82	11	2	1	6	TCGA-A1-A0SN	0.118279569892473
TCGA-A1-A0SN:11:56020439:T	41	6	2	1	3	TCGA-A1-A0SN	0.127659574468085
TCGA-A1-A0SN:10:96066253:G	34	6	2	1	2	TCGA-A1-A0SN	0.15
TCGA-A1-A0SN:20:34312573:G	38	11	2	0	5	TCGA-A1-A0SN	0.224489795918367
TCGA-A1-A0SN:7:123594426:C	60	14	2	1	9	TCGA-A1-A0SN	0.189189189189189
TCGA-A1-A0SN:6:30298612:C	38	8	2	2	3	TCGA-A1-A0SN	0.173913043478261
TCGA-A1-A0SN:1:109538271:C	34	13	2	1	2	TCGA-A1-A0SN	0.276595744680851
TCGA-A1-A0SN:19:53741328:C	31	10	2	2	2	TCGA-A1-A0SN	0.24390243902439
TCGA-A1-A0SN:19:20116956:C	41	7	2	2	2	TCGA-A1-A0SN	0.145833333333333
