mutation_id	ref_counts	var_counts	normal_cn	minor_cn	major_cn	variant_case	variant_freq
TCGA-DQ-7591:1:103405905:G	33	17	2	1	1	TCGA-DQ-7591	0.34
TCGA-DQ-7591:1:161954641:T	79	42	2	1	1	TCGA-DQ-7591	0.347107438016529
TCGA-DQ-7591:10:63851924:C	46	28	2	1	1	TCGA-DQ-7591	0.378378378378378
TCGA-DQ-7591:10:97607265:C	46	26	2	1	1	TCGA-DQ-7591	0.361111111111111
TCGA-DQ-7591:11:31616337:T	26	11	2	1	1	TCGA-DQ-7591	0.297297297297297
TCGA-DQ-7591:11:32955375:T	49	28	2	1	1	TCGA-DQ-7591	0.363636363636364
TCGA-DQ-7591:11:34176283:C	45	24	2	1	1	TCGA-DQ-7591	0.347826086956522
TCGA-DQ-7591:12:247484:G	128	8	2	1	10	TCGA-DQ-7591	0.0588235294117647
TCGA-DQ-7591:13:101997763:G	34	20	2	1	1	TCGA-DQ-7591	0.37037037037037
TCGA-DQ-7591:14:92336584:G	51	26	2	1	1	TCGA-DQ-7591	0.337662337662338
TCGA-DQ-7591:15:28375741:C	72	43	2	1	1	TCGA-DQ-7591	0.373913043478261
TCGA-DQ-7591:15:42133017:G	41	29	2	1	1	TCGA-DQ-7591	0.414285714285714
TCGA-DQ-7591:15:57913836:C	53	23	2	1	1	TCGA-DQ-7591	0.302631578947368
TCGA-DQ-7591:16:3645643:G	21	9	2	1	1	TCGA-DQ-7591	0.3
TCGA-DQ-7591:17:58233927:T	35	17	2	1	1	TCGA-DQ-7591	0.326923076923077
TCGA-DQ-7591:18:43319570:A	44	26	2	1	1	TCGA-DQ-7591	0.371428571428571
TCGA-DQ-7591:19:5456253:G	19	25	2	0	1	TCGA-DQ-7591	0.568181818181818
TCGA-DQ-7591:2:166848284:G	64	43	2	1	1	TCGA-DQ-7591	0.401869158878505
TCGA-DQ-7591:2:202700438:C	29	15	2	1	1	TCGA-DQ-7591	0.340909090909091
TCGA-DQ-7591:2:228009238:T	45	19	2	1	1	TCGA-DQ-7591	0.296875
TCGA-DQ-7591:22:43524565:G	67	27	2	1	1	TCGA-DQ-7591	0.287234042553192
TCGA-DQ-7591:3:185316239:C	36	11	2	1	2	TCGA-DQ-7591	0.234042553191489
TCGA-DQ-7591:4:20597445:C	36	19	2	1	1	TCGA-DQ-7591	0.345454545454545
TCGA-DQ-7591:5:140250616:G	41	20	2	1	1	TCGA-DQ-7591	0.327868852459016
TCGA-DQ-7591:5:150922619:T	40	26	2	1	1	TCGA-DQ-7591	0.393939393939394
TCGA-DQ-7591:8:42196204:G	56	31	2	1	1	TCGA-DQ-7591	0.35632183908046
TCGA-DQ-7591:8:145139221:G	48	17	2	1	1	TCGA-DQ-7591	0.261538461538462
TCGA-DQ-7591:9:137005026:G	22	11	2	1	1	TCGA-DQ-7591	0.333333333333333
TCGA-DQ-7591:11:55578997:G	113	14	2	1	1	TCGA-DQ-7591	0.110236220472441
TCGA-DQ-7591:17:10448712:C	96	10	2	0	1	TCGA-DQ-7591	0.0943396226415094
TCGA-DQ-7591:2:29455179:C	91	6	2	1	1	TCGA-DQ-7591	0.0618556701030928
TCGA-DQ-7591:5:98233988:G	31	9	2	1	1	TCGA-DQ-7591	0.225
TCGA-DQ-7591:9:90501079:C	139	11	2	1	1	TCGA-DQ-7591	0.0733333333333333
