mutation_id	ref_counts	var_counts	normal_cn	minor_cn	major_cn	variant_case	variant_freq
TCGA-D8-A1JU:2:21233395:C	56	15	2	1	1	TCGA-D8-A1JU	0.211267605633803
TCGA-D8-A1JU:4:83971138:G	50	8	2	1	1	TCGA-D8-A1JU	0.137931034482759
TCGA-D8-A1JU:16:26147094:C	33	9	2	1	1	TCGA-D8-A1JU	0.214285714285714
TCGA-D8-A1JU:1:203743056:A	24	14	2	1	2	TCGA-D8-A1JU	0.368421052631579
TCGA-D8-A1JU:13:77748601:G	59	17	2	1	1	TCGA-D8-A1JU	0.223684210526316
TCGA-D8-A1JU:3:178952085:A	43	7	2	1	1	TCGA-D8-A1JU	0.14
TCGA-D8-A1JU:12:107254119:A	34	7	2	1	1	TCGA-D8-A1JU	0.170731707317073
TCGA-D8-A1JU:11:7324289:G	84	17	2	1	1	TCGA-D8-A1JU	0.168316831683168
TCGA-D8-A1JU:8:119936777:C	95	32	2	1	2	TCGA-D8-A1JU	0.251968503937008
