mutation_id	ref_counts	var_counts	normal_cn	minor_cn	major_cn	variant_case	variant_freq
TCGA-C8-A1HI:7:121741712:G	151	28	2	2	2	TCGA-C8-A1HI	0.156424581005587
TCGA-C8-A1HI:14:23530619:C	122	20	2	2	2	TCGA-C8-A1HI	0.140845070422535
TCGA-C8-A1HI:14:77935581:C	109	53	2	2	2	TCGA-C8-A1HI	0.327160493827161
TCGA-C8-A1HI:17:72951890:C	559	123	2	0	16	TCGA-C8-A1HI	0.180351906158358
TCGA-C8-A1HI:17:72952020:C	606	127	2	0	16	TCGA-C8-A1HI	0.173260572987722
TCGA-C8-A1HI:17:7329370:G	84	16	2	1	1	TCGA-C8-A1HI	0.16
TCGA-C8-A1HI:2:99013403:G	51	20	2	1	2	TCGA-C8-A1HI	0.28169014084507
TCGA-C8-A1HI:6:84644368:C	313	83	2	1	2	TCGA-C8-A1HI	0.20959595959596
TCGA-C8-A1HI:19:41711922:C	181	51	2	1	2	TCGA-C8-A1HI	0.219827586206897
TCGA-C8-A1HI:1:221912365:T	213	92	2	3	4	TCGA-C8-A1HI	0.301639344262295
TCGA-C8-A1HI:19:14863285:C	151	79	2	1	2	TCGA-C8-A1HI	0.343478260869565
TCGA-C8-A1HI:14:89878525:G	67	18	2	2	2	TCGA-C8-A1HI	0.211764705882353
TCGA-C8-A1HI:3:136699172:G	59	21	2	2	2	TCGA-C8-A1HI	0.2625
TCGA-C8-A1HI:15:79749073:T	77	31	2	2	2	TCGA-C8-A1HI	0.287037037037037
TCGA-C8-A1HI:17:72350926:C	415	60	2	0	16	TCGA-C8-A1HI	0.126315789473684
TCGA-C8-A1HI:19:51410279:C	98	26	2	1	2	TCGA-C8-A1HI	0.209677419354839
TCGA-C8-A1HI:7:97823713:C	57	26	2	2	2	TCGA-C8-A1HI	0.313253012048193
TCGA-C8-A1HI:17:73898161:G	267	105	2	1	3	TCGA-C8-A1HI	0.282258064516129
TCGA-C8-A1HI:12:107371529:C	398	139	2	2	3	TCGA-C8-A1HI	0.258845437616387
TCGA-C8-A1HI:19:14938267:C	203	62	2	1	2	TCGA-C8-A1HI	0.233962264150943
TCGA-C8-A1HI:14:23239475:C	169	61	2	2	2	TCGA-C8-A1HI	0.265217391304348
TCGA-C8-A1HI:1:33795722:G	282	52	2	1	2	TCGA-C8-A1HI	0.155688622754491
TCGA-C8-A1HI:11:67261512:C	33	7	2	1	2	TCGA-C8-A1HI	0.175
TCGA-C8-A1HI:8:43152259:G	350	174	2	1	3	TCGA-C8-A1HI	0.33206106870229
TCGA-C8-A1HI:2:173825508:C	264	47	2	1	2	TCGA-C8-A1HI	0.15112540192926
TCGA-C8-A1HI:12:114296632:G	234	89	2	2	3	TCGA-C8-A1HI	0.275541795665635
TCGA-C8-A1HI:7:100777176:T	89	34	2	2	2	TCGA-C8-A1HI	0.276422764227642
TCGA-C8-A1HI:10:114910812:C	213	57	2	1	1	TCGA-C8-A1HI	0.211111111111111
TCGA-C8-A1HI:4:164428259:A	228	51	2	1	2	TCGA-C8-A1HI	0.182795698924731
TCGA-C8-A1HI:9:104238875:C	86	30	2	1	2	TCGA-C8-A1HI	0.258620689655172
TCGA-C8-A1HI:1:54509100:G	123	24	2	1	2	TCGA-C8-A1HI	0.163265306122449
TCGA-C8-A1HI:15:91551102:G	179	25	2	2	2	TCGA-C8-A1HI	0.122549019607843
TCGA-C8-A1HI:16:28167638:C	184	185	2	2	4	TCGA-C8-A1HI	0.501355013550135
TCGA-C8-A1HI:2:133539971:T	141	50	2	1	2	TCGA-C8-A1HI	0.261780104712042
