mutation_id	ref_counts	var_counts	normal_cn	minor_cn	major_cn	variant_case	variant_freq
TCGA-E9-A1R5:14:74758989:C	29	10	2	1	1	TCGA-E9-A1R5	0.256410256410256
TCGA-E9-A1R5:22:39418878:C	77	43	2	1	1	TCGA-E9-A1R5	0.358333333333333
TCGA-E9-A1R5:19:3907867:G	20	11	2	1	1	TCGA-E9-A1R5	0.354838709677419
TCGA-E9-A1R5:17:16638041:A	35	11	2	0	2	TCGA-E9-A1R5	0.239130434782609
TCGA-E9-A1R5:20:54974292:C	134	37	2	1	2	TCGA-E9-A1R5	0.216374269005848
TCGA-E9-A1R5:1:225702347:G	25	25	2	1	4	TCGA-E9-A1R5	0.5
TCGA-E9-A1R5:17:37880261:G	69	71	2	1	2	TCGA-E9-A1R5	0.507142857142857
TCGA-E9-A1R5:1:150969810:C	12	57	2	1	4	TCGA-E9-A1R5	0.826086956521739
TCGA-E9-A1R5:14:88454828:G	60	23	2	1	1	TCGA-E9-A1R5	0.27710843373494
TCGA-E9-A1R5:1:182355487:G	131	25	2	1	4	TCGA-E9-A1R5	0.16025641025641
TCGA-E9-A1R5:9:99064321:C	54	27	2	1	1	TCGA-E9-A1R5	0.333333333333333
TCGA-E9-A1R5:11:108361856:G	48	22	2	1	1	TCGA-E9-A1R5	0.314285714285714
TCGA-E9-A1R5:1:197890707:C	28	5	2	1	4	TCGA-E9-A1R5	0.151515151515152
TCGA-E9-A1R5:17:60088032:T	189	53	2	1	2	TCGA-E9-A1R5	0.21900826446281
TCGA-E9-A1R5:9:36594707:A	87	46	2	1	1	TCGA-E9-A1R5	0.345864661654135
TCGA-E9-A1R5:15:75190052:G	65	39	2	1	1	TCGA-E9-A1R5	0.375
TCGA-E9-A1R5:3:178927980:T	54	56	2	1	1	TCGA-E9-A1R5	0.509090909090909
TCGA-E9-A1R5:3:126736504:C	21	12	2	1	1	TCGA-E9-A1R5	0.363636363636364
TCGA-E9-A1R5:20:35627233:C	250	79	2	1	2	TCGA-E9-A1R5	0.240121580547112
TCGA-E9-A1R5:12:56607765:C	97	47	2	1	1	TCGA-E9-A1R5	0.326388888888889
TCGA-E9-A1R5:5:114482989:C	127	62	2	1	2	TCGA-E9-A1R5	0.328042328042328
TCGA-E9-A1R5:19:11979122:A	65	32	2	1	1	TCGA-E9-A1R5	0.329896907216495
TCGA-E9-A1R5:7:94041434:G	136	22	2	1	1	TCGA-E9-A1R5	0.139240506329114
TCGA-E9-A1R5:17:10432037:A	70	17	2	0	2	TCGA-E9-A1R5	0.195402298850575
TCGA-E9-A1R5:19:8381508:G	45	9	2	1	1	TCGA-E9-A1R5	0.166666666666667
TCGA-E9-A1R5:11:49974275:G	107	40	2	1	1	TCGA-E9-A1R5	0.272108843537415
TCGA-E9-A1R5:12:8086481:T	142	51	2	1	1	TCGA-E9-A1R5	0.264248704663212
TCGA-E9-A1R5:9:131371190:A	48	8	2	1	1	TCGA-E9-A1R5	0.142857142857143
