mutation_id	ref_counts	var_counts	normal_cn	minor_cn	major_cn	variant_case	variant_freq
TCGA-AR-A1AS:5:160097495:C	89	42	2	1	1	TCGA-AR-A1AS	0.320610687022901
TCGA-AR-A1AS:2:60687616:C	27	18	2	1	1	TCGA-AR-A1AS	0.4
TCGA-AR-A1AS:7:142568630:G	22	17	2	1	1	TCGA-AR-A1AS	0.435897435897436
TCGA-AR-A1AS:10:135170746:C	23	7	2	1	1	TCGA-AR-A1AS	0.233333333333333
TCGA-AR-A1AS:7:150269546:G	19	14	2	1	1	TCGA-AR-A1AS	0.424242424242424
TCGA-AR-A1AS:1:193065756:C	103	22	2	1	4	TCGA-AR-A1AS	0.176
TCGA-AR-A1AS:5:32143957:T	53	49	2	1	1	TCGA-AR-A1AS	0.480392156862745
TCGA-AR-A1AS:12:66638269:A	38	31	2	1	1	TCGA-AR-A1AS	0.449275362318841
TCGA-AR-A1AS:15:71128708:C	41	35	2	0	2	TCGA-AR-A1AS	0.460526315789474
TCGA-AR-A1AS:14:42360996:G	44	32	2	0	2	TCGA-AR-A1AS	0.421052631578947
TCGA-AR-A1AS:17:12016634:C	13	17	2	0	1	TCGA-AR-A1AS	0.566666666666667
TCGA-AR-A1AS:11:26582735:C	93	54	2	1	1	TCGA-AR-A1AS	0.36734693877551
TCGA-AR-A1AS:3:178936092:A	46	48	2	1	2	TCGA-AR-A1AS	0.51063829787234
TCGA-AR-A1AS:7:131848926:C	69	44	2	1	1	TCGA-AR-A1AS	0.389380530973451
TCGA-AR-A1AS:3:50095901:A	43	50	2	1	2	TCGA-AR-A1AS	0.537634408602151
TCGA-AR-A1AS:1:237632461:G	229	61	2	1	4	TCGA-AR-A1AS	0.210344827586207
TCGA-AR-A1AS:1:153043220:G	149	47	2	1	4	TCGA-AR-A1AS	0.239795918367347
TCGA-AR-A1AS:17:7578406:C	20	22	2	0	1	TCGA-AR-A1AS	0.523809523809524
TCGA-AR-A1AS:2:179427821:C	33	23	2	1	1	TCGA-AR-A1AS	0.410714285714286
TCGA-AR-A1AS:18:9887689:C	119	73	2	1	1	TCGA-AR-A1AS	0.380208333333333
TCGA-AR-A1AS:1:203819082:G	42	9	2	1	4	TCGA-AR-A1AS	0.176470588235294
TCGA-AR-A1AS:1:162343895:G	60	7	2	1	4	TCGA-AR-A1AS	0.104477611940299
TCGA-AR-A1AS:17:78110120:G	52	16	2	1	1	TCGA-AR-A1AS	0.235294117647059
TCGA-AR-A1AS:20:45801427:G	87	12	2	1	1	TCGA-AR-A1AS	0.121212121212121
TCGA-AR-A1AS:12:25398284:C	82	35	2	1	1	TCGA-AR-A1AS	0.299145299145299
TCGA-AR-A1AS:5:140187112:C	43	11	2	1	1	TCGA-AR-A1AS	0.203703703703704
TCGA-AR-A1AS:19:45406420:C	36	5	2	1	1	TCGA-AR-A1AS	0.121951219512195
