mutation_id	ref_counts	var_counts	normal_cn	minor_cn	major_cn	variant_case	variant_freq
TCGA-E2-A15J:20:43255195:C	99	52	2	1	2	TCGA-E2-A15J	0.344370860927152
TCGA-E2-A15J:14:94417514:G	32	39	2	1	2	TCGA-E2-A15J	0.549295774647887
TCGA-E2-A15J:11:205996:G	57	40	2	1	2	TCGA-E2-A15J	0.412371134020619
TCGA-E2-A15J:3:1414040:T	166	112	2	1	2	TCGA-E2-A15J	0.402877697841727
TCGA-E2-A15J:3:99513227:G	97	63	2	1	2	TCGA-E2-A15J	0.39375
TCGA-E2-A15J:11:6645350:G	18	16	2	1	2	TCGA-E2-A15J	0.470588235294118
TCGA-E2-A15J:1:217783712:C	117	226	2	1	5	TCGA-E2-A15J	0.658892128279883
TCGA-E2-A15J:2:118860893:G	199	126	2	1	2	TCGA-E2-A15J	0.387692307692308
TCGA-E2-A15J:19:17945965:C	21	13	2	1	2	TCGA-E2-A15J	0.382352941176471
TCGA-E2-A15J:12:57548459:G	48	30	2	1	2	TCGA-E2-A15J	0.384615384615385
TCGA-E2-A15J:19:41113324:G	26	15	2	1	2	TCGA-E2-A15J	0.365853658536585
TCGA-E2-A15J:16:31213061:G	47	78	2	1	3	TCGA-E2-A15J	0.624
TCGA-E2-A15J:8:104948831:T	189	75	2	1	3	TCGA-E2-A15J	0.284090909090909
TCGA-E2-A15J:17:76803588:G	112	69	2	1	2	TCGA-E2-A15J	0.38121546961326
TCGA-E2-A15J:17:55183677:G	138	106	2	1	2	TCGA-E2-A15J	0.434426229508197
TCGA-E2-A15J:1:6202309:G	51	42	2	1	2	TCGA-E2-A15J	0.451612903225806
TCGA-E2-A15J:15:68582869:T	103	80	2	1	2	TCGA-E2-A15J	0.437158469945355
TCGA-E2-A15J:12:8203193:A	126	100	2	1	2	TCGA-E2-A15J	0.442477876106195
TCGA-E2-A15J:1:23637492:C	128	128	2	1	2	TCGA-E2-A15J	0.5
TCGA-E2-A15J:9:136634607:T	64	53	2	1	2	TCGA-E2-A15J	0.452991452991453
TCGA-E2-A15J:3:11684952:A	92	90	2	1	2	TCGA-E2-A15J	0.494505494505495
