mutation_id	ref_counts	var_counts	normal_cn	minor_cn	major_cn	variant_case	variant_freq
TCGA-A8-A0A2:14:20923818:G	245	103	2	2	3	TCGA-A8-A0A2	0.295977011494253
TCGA-A8-A0A2:5:137506082:C	121	62	2	2	3	TCGA-A8-A0A2	0.33879781420765
TCGA-A8-A0A2:18:30554604:C	44	9	2	1	2	TCGA-A8-A0A2	0.169811320754717
TCGA-A8-A0A2:2:219674428:C	87	34	2	1	2	TCGA-A8-A0A2	0.28099173553719
TCGA-A8-A0A2:3:56667624:T	82	39	2	2	2	TCGA-A8-A0A2	0.322314049586777
TCGA-A8-A0A2:19:50827193:G	65	12	2	2	2	TCGA-A8-A0A2	0.155844155844156
TCGA-A8-A0A2:17:39022941:A	48	18	2	2	2	TCGA-A8-A0A2	0.272727272727273
TCGA-A8-A0A2:1:209806016:C	132	21	2	2	5	TCGA-A8-A0A2	0.137254901960784
TCGA-A8-A0A2:14:42361011:C	118	20	2	2	3	TCGA-A8-A0A2	0.144927536231884
TCGA-A8-A0A2:5:140516085:G	129	26	2	2	3	TCGA-A8-A0A2	0.167741935483871
TCGA-A8-A0A2:19:46307978:G	76	18	2	2	2	TCGA-A8-A0A2	0.191489361702128
TCGA-A8-A0A2:3:33194254:T	98	56	2	2	2	TCGA-A8-A0A2	0.363636363636364
TCGA-A8-A0A2:9:15177715:A	114	26	2	1	2	TCGA-A8-A0A2	0.185714285714286
TCGA-A8-A0A2:16:22159556:C	154	33	2	2	2	TCGA-A8-A0A2	0.176470588235294
TCGA-A8-A0A2:2:187371487:C	43	31	2	1	2	TCGA-A8-A0A2	0.418918918918919
TCGA-A8-A0A2:8:106813892:C	40	7	2	2	3	TCGA-A8-A0A2	0.148936170212766
TCGA-A8-A0A2:5:77458675:T	277	48	2	2	2	TCGA-A8-A0A2	0.147692307692308
TCGA-A8-A0A2:21:31538360:C	236	64	2	1	1	TCGA-A8-A0A2	0.213333333333333
TCGA-A8-A0A2:20:53205225:G	330	57	2	2	2	TCGA-A8-A0A2	0.147286821705426
TCGA-A8-A0A2:2:24285915:C	131	26	2	1	2	TCGA-A8-A0A2	0.165605095541401
TCGA-A8-A0A2:5:161576155:G	301	39	2	2	3	TCGA-A8-A0A2	0.114705882352941
TCGA-A8-A0A2:19:51189556:G	156	21	2	2	2	TCGA-A8-A0A2	0.11864406779661
TCGA-A8-A0A2:5:136314405:C	435	51	2	2	3	TCGA-A8-A0A2	0.104938271604938
TCGA-A8-A0A2:19:40996086:G	258	34	2	2	2	TCGA-A8-A0A2	0.116438356164384
TCGA-A8-A0A2:9:117553070:G	146	24	2	1	2	TCGA-A8-A0A2	0.141176470588235
