mutation_id	ref_counts	var_counts	normal_cn	minor_cn	major_cn	variant_case	variant_freq
TCGA-AO-A12H:6:147073842:G	77	43	2	2	2	TCGA-AO-A12H	0.358333333333333
TCGA-AO-A12H:11:34113522:C	112	73	2	2	2	TCGA-AO-A12H	0.394594594594595
TCGA-AO-A12H:12:51133229:A	89	82	2	2	2	TCGA-AO-A12H	0.47953216374269
TCGA-AO-A12H:7:21639512:C	163	92	2	2	2	TCGA-AO-A12H	0.36078431372549
TCGA-AO-A12H:12:7867799:G	118	68	2	2	2	TCGA-AO-A12H	0.365591397849462
TCGA-AO-A12H:12:1289751:A	128	52	2	2	2	TCGA-AO-A12H	0.288888888888889
TCGA-AO-A12H:9:70177977:G	17	17	2	2	2	TCGA-AO-A12H	0.5
TCGA-AO-A12H:11:94730906:A	67	38	2	2	2	TCGA-AO-A12H	0.361904761904762
TCGA-AO-A12H:17:4788835:T	116	69	2	2	2	TCGA-AO-A12H	0.372972972972973
TCGA-AO-A12H:17:29562668:C	187	83	2	2	2	TCGA-AO-A12H	0.307407407407407
TCGA-AO-A12H:15:34078003:A	76	44	2	2	2	TCGA-AO-A12H	0.366666666666667
TCGA-AO-A12H:16:51175176:G	109	48	2	2	2	TCGA-AO-A12H	0.305732484076433
TCGA-AO-A12H:17:33592829:G	48	27	2	2	2	TCGA-AO-A12H	0.36
TCGA-AO-A12H:22:26884108:G	130	89	2	2	2	TCGA-AO-A12H	0.406392694063927
TCGA-AO-A12H:1:185153956:G	91	82	2	2	2	TCGA-AO-A12H	0.473988439306358
TCGA-AO-A12H:1:224607232:C	123	94	2	2	2	TCGA-AO-A12H	0.433179723502304
TCGA-AO-A12H:16:71701217:G	112	14	2	2	2	TCGA-AO-A12H	0.111111111111111
