mutation_id	ref_counts	var_counts	normal_cn	minor_cn	major_cn	variant_case	variant_freq
TCGA-AN-A0FN:7:140439646:T	81	67	2	2	2	TCGA-AN-A0FN	0.452702702702703
TCGA-AN-A0FN:7:129915037:C	376	87	2	2	2	TCGA-AN-A0FN	0.187904967602592
TCGA-AN-A0FN:7:73452051:G	37	15	2	2	2	TCGA-AN-A0FN	0.288461538461538
TCGA-AN-A0FN:16:68266395:G	63	9	2	1	2	TCGA-AN-A0FN	0.125
TCGA-AN-A0FN:13:22255226:G	186	25	2	2	2	TCGA-AN-A0FN	0.118483412322275
TCGA-AN-A0FN:20:6025283:G	53	115	2	2	2	TCGA-AN-A0FN	0.68452380952381
TCGA-AN-A0FN:9:139316462:A	4	38	2	2	2	TCGA-AN-A0FN	0.904761904761905
TCGA-AN-A0FN:1:145457994:C	161	20	2	2	3	TCGA-AN-A0FN	0.110497237569061
TCGA-AN-A0FN:20:20517353:G	74	26	2	2	2	TCGA-AN-A0FN	0.26
TCGA-AN-A0FN:1:9101751:G	35	14	2	2	2	TCGA-AN-A0FN	0.285714285714286
TCGA-AN-A0FN:19:12739046:G	33	9	2	0	4	TCGA-AN-A0FN	0.214285714285714
