mutation_id	ref_counts	var_counts	normal_cn	minor_cn	major_cn	variant_case	variant_freq
TCGA-BH-A0AU:17:61570872:C	79	32	2	2	2	TCGA-BH-A0AU	0.288288288288288
TCGA-BH-A0AU:11:118468587:A	94	100	2	0	2	TCGA-BH-A0AU	0.515463917525773
TCGA-BH-A0AU:1:150807078:C	248	32	2	2	3	TCGA-BH-A0AU	0.114285714285714
TCGA-BH-A0AU:19:1032430:C	97	46	2	2	3	TCGA-BH-A0AU	0.321678321678322
TCGA-BH-A0AU:1:112270149:C	42	9	2	1	2	TCGA-BH-A0AU	0.176470588235294
TCGA-BH-A0AU:3:13545616:G	164	74	2	2	2	TCGA-BH-A0AU	0.310924369747899
TCGA-BH-A0AU:3:129207207:G	140	31	2	2	2	TCGA-BH-A0AU	0.181286549707602
TCGA-BH-A0AU:17:73745040:G	55	22	2	2	2	TCGA-BH-A0AU	0.285714285714286
TCGA-BH-A0AU:2:210557446:G	47	26	2	1	2	TCGA-BH-A0AU	0.356164383561644
TCGA-BH-A0AU:5:140188734:C	25	21	2	0	2	TCGA-BH-A0AU	0.456521739130435
TCGA-BH-A0AU:12:107141268:G	65	32	2	2	2	TCGA-BH-A0AU	0.329896907216495
TCGA-BH-A0AU:12:56817648:G	182	88	2	0	4	TCGA-BH-A0AU	0.325925925925926
TCGA-BH-A0AU:9:135798857:A	52	51	2	0	2	TCGA-BH-A0AU	0.495145631067961
TCGA-BH-A0AU:17:30678929:C	161	63	2	2	2	TCGA-BH-A0AU	0.28125
TCGA-BH-A0AU:4:78082828:C	153	47	2	2	2	TCGA-BH-A0AU	0.235
