mutation_id	ref_counts	var_counts	normal_cn	minor_cn	major_cn	variant_case	variant_freq
TCGA-E2-A107:9:18574047:G	74	29	2	2	2	TCGA-E2-A107	0.281553398058252
TCGA-E2-A107:16:68845762:G	24	21	2	0	2	TCGA-E2-A107	0.466666666666667
TCGA-E2-A107:18:645027:G	146	31	2	1	2	TCGA-E2-A107	0.175141242937853
TCGA-E2-A107:5:134147500:C	187	138	2	2	3	TCGA-E2-A107	0.424615384615385
TCGA-E2-A107:5:73931474:A	63	24	2	2	2	TCGA-E2-A107	0.275862068965517
TCGA-E2-A107:7:151810410:G	77	50	2	2	2	TCGA-E2-A107	0.393700787401575
TCGA-E2-A107:12:75892695:A	376	205	2	2	3	TCGA-E2-A107	0.352839931153184
TCGA-E2-A107:1:200567540:T	360	279	2	2	6	TCGA-E2-A107	0.436619718309859
TCGA-E2-A107:16:1812950:A	24	21	2	2	4	TCGA-E2-A107	0.466666666666667
TCGA-E2-A107:5:138699536:C	190	87	2	2	2	TCGA-E2-A107	0.314079422382672
TCGA-E2-A107:5:140531214:G	55	20	2	2	2	TCGA-E2-A107	0.266666666666667
TCGA-E2-A107:12:130833916:G	296	53	2	2	3	TCGA-E2-A107	0.151862464183381
TCGA-E2-A107:1:166839061:C	351	81	2	2	5	TCGA-E2-A107	0.1875
TCGA-E2-A107:8:124265786:C	317	45	2	1	4	TCGA-E2-A107	0.124309392265193
TCGA-E2-A107:6:143759817:G	297	146	2	1	2	TCGA-E2-A107	0.329571106094808
TCGA-E2-A107:4:175224934:C	280	126	2	1	2	TCGA-E2-A107	0.310344827586207
TCGA-E2-A107:15:93527570:T	109	38	2	2	2	TCGA-E2-A107	0.258503401360544
TCGA-E2-A107:5:43295926:A	236	79	2	2	2	TCGA-E2-A107	0.250793650793651
TCGA-E2-A107:2:103120013:G	616	77	2	1	2	TCGA-E2-A107	0.111111111111111
