mutation_id	ref_counts	var_counts	normal_cn	minor_cn	major_cn	variant_case	variant_freq
TCGA-AR-A0U2:7:44151594:G	29	8	2	2	3	TCGA-AR-A0U2	0.216216216216216
TCGA-AR-A0U2:20:54961390:G	128	23	2	2	3	TCGA-AR-A0U2	0.152317880794702
TCGA-AR-A0U2:9:123778623:C	41	19	2	1	2	TCGA-AR-A0U2	0.316666666666667
TCGA-AR-A0U2:2:44993576:C	164	35	2	2	2	TCGA-AR-A0U2	0.175879396984925
TCGA-AR-A0U2:12:7556322:A	28	10	2	0	2	TCGA-AR-A0U2	0.263157894736842
TCGA-AR-A0U2:6:83872606:C	58	26	2	1	1	TCGA-AR-A0U2	0.30952380952381
TCGA-AR-A0U2:15:27114436:A	252	182	2	2	2	TCGA-AR-A0U2	0.419354838709677
TCGA-AR-A0U2:10:8115746:A	63	18	2	2	2	TCGA-AR-A0U2	0.222222222222222
TCGA-AR-A0U2:4:22438157:C	28	9	2	1	2	TCGA-AR-A0U2	0.243243243243243
TCGA-AR-A0U2:5:145252330:C	23	11	2	1	2	TCGA-AR-A0U2	0.323529411764706
TCGA-AR-A0U2:4:70898889:G	94	31	2	1	2	TCGA-AR-A0U2	0.248
TCGA-AR-A0U2:2:90078097:C	52	28	2	2	2	TCGA-AR-A0U2	0.35
TCGA-AR-A0U2:12:465641:C	82	33	2	0	2	TCGA-AR-A0U2	0.28695652173913
TCGA-AR-A0U2:7:138602615:G	37	12	2	0	2	TCGA-AR-A0U2	0.244897959183673
TCGA-AR-A0U2:11:7530894:T	39	15	2	1	2	TCGA-AR-A0U2	0.277777777777778
TCGA-AR-A0U2:7:24902870:G	82	12	2	2	3	TCGA-AR-A0U2	0.127659574468085
TCGA-AR-A0U2:10:3159021:C	125	34	2	2	2	TCGA-AR-A0U2	0.213836477987421
TCGA-AR-A0U2:1:151265399:C	79	20	2	2	2	TCGA-AR-A0U2	0.202020202020202
TCGA-AR-A0U2:7:113520082:C	51	13	2	0	2	TCGA-AR-A0U2	0.203125
TCGA-AR-A0U2:14:102384167:G	46	15	2	1	2	TCGA-AR-A0U2	0.245901639344262
TCGA-AR-A0U2:22:30891919:C	26	16	2	1	1	TCGA-AR-A0U2	0.380952380952381
TCGA-AR-A0U2:3:101136588:G	38	22	2	0	2	TCGA-AR-A0U2	0.366666666666667
TCGA-AR-A0U2:2:138169282:C	33	32	2	0	3	TCGA-AR-A0U2	0.492307692307692
TCGA-AR-A0U2:17:7578403:C	9	35	2	0	2	TCGA-AR-A0U2	0.795454545454545
TCGA-AR-A0U2:2:190332305:T	24	45	2	0	3	TCGA-AR-A0U2	0.652173913043478
TCGA-AR-A0U2:9:115806423:T	52	15	2	1	2	TCGA-AR-A0U2	0.223880597014925
TCGA-AR-A0U2:19:44770438:G	72	27	2	1	1	TCGA-AR-A0U2	0.272727272727273
TCGA-AR-A0U2:1:227751396:A	21	12	2	1	2	TCGA-AR-A0U2	0.363636363636364
TCGA-AR-A0U2:1:151261890:C	36	10	2	2	2	TCGA-AR-A0U2	0.217391304347826
TCGA-AR-A0U2:19:11834071:G	70	31	2	1	1	TCGA-AR-A0U2	0.306930693069307
