mutation_id	ref_counts	var_counts	normal_cn	minor_cn	major_cn	variant_case	variant_freq
TCGA-A8-A08Z:1:15802970:C	53	23	2	1	1	TCGA-A8-A08Z	0.302631578947368
TCGA-A8-A08Z:3:186503952:G	53	22	2	1	1	TCGA-A8-A08Z	0.293333333333333
TCGA-A8-A08Z:17:37881332:G	19	14	2	1	1	TCGA-A8-A08Z	0.424242424242424
TCGA-A8-A08Z:13:37584782:C	45	15	2	1	1	TCGA-A8-A08Z	0.25
TCGA-A8-A08Z:11:92087511:A	204	113	2	1	1	TCGA-A8-A08Z	0.356466876971609
TCGA-A8-A08Z:11:128680832:C	115	44	2	1	1	TCGA-A8-A08Z	0.276729559748428
TCGA-A8-A08Z:1:233518401:A	169	43	2	1	3	TCGA-A8-A08Z	0.202830188679245
TCGA-A8-A08Z:1:197889140:C	51	14	2	1	3	TCGA-A8-A08Z	0.215384615384615
TCGA-A8-A08Z:5:56178169:C	134	62	2	1	1	TCGA-A8-A08Z	0.316326530612245
TCGA-A8-A08Z:19:50882307:C	24	16	2	1	1	TCGA-A8-A08Z	0.4
TCGA-A8-A08Z:5:140744719:C	51	16	2	1	1	TCGA-A8-A08Z	0.238805970149254
TCGA-A8-A08Z:3:178952085:A	131	52	2	1	1	TCGA-A8-A08Z	0.284153005464481
TCGA-A8-A08Z:5:68684870:A	36	18	2	1	1	TCGA-A8-A08Z	0.333333333333333
TCGA-A8-A08Z:11:57235333:T	88	39	2	1	1	TCGA-A8-A08Z	0.307086614173228
TCGA-A8-A08Z:3:176771560:C	87	40	2	1	1	TCGA-A8-A08Z	0.31496062992126
TCGA-A8-A08Z:15:63353074:C	27	9	2	1	1	TCGA-A8-A08Z	0.25
TCGA-A8-A08Z:3:179478911:G	68	31	2	1	1	TCGA-A8-A08Z	0.313131313131313
TCGA-A8-A08Z:8:124132397:C	33	14	2	1	1	TCGA-A8-A08Z	0.297872340425532
TCGA-A8-A08Z:2:89104384:G	25	6	2	1	1	TCGA-A8-A08Z	0.193548387096774
TCGA-A8-A08Z:1:158326619:C	256	48	2	1	3	TCGA-A8-A08Z	0.157894736842105
TCGA-A8-A08Z:1:86894174:G	141	33	2	1	1	TCGA-A8-A08Z	0.189655172413793
TCGA-A8-A08Z:1:17085006:C	47	8	2	1	1	TCGA-A8-A08Z	0.145454545454545
TCGA-A8-A08Z:10:95380689:G	889	398	2	1	1	TCGA-A8-A08Z	0.309246309246309
TCGA-A8-A08Z:4:39308302:G	55	10	2	1	1	TCGA-A8-A08Z	0.153846153846154
TCGA-A8-A08Z:19:57640254:C	140	17	2	1	1	TCGA-A8-A08Z	0.10828025477707
