mutation_id	ref_counts	var_counts	normal_cn	minor_cn	major_cn	variant_case	variant_freq
TCGA-A8-A07U:17:48669336:T	101	12	2	0	2	TCGA-A8-A07U	0.106194690265487
TCGA-A8-A07U:19:35835800:G	390	79	2	4	4	TCGA-A8-A07U	0.168443496801706
TCGA-A8-A07U:3:140122491:A	216	51	2	1	2	TCGA-A8-A07U	0.191011235955056
TCGA-A8-A07U:11:46341932:C	158	74	2	1	1	TCGA-A8-A07U	0.318965517241379
TCGA-A8-A07U:6:30864625:G	40	9	2	1	1	TCGA-A8-A07U	0.183673469387755
TCGA-A8-A07U:17:28419935:T	237	66	2	0	1	TCGA-A8-A07U	0.217821782178218
TCGA-A8-A07U:7:151800318:C	162	61	2	1	1	TCGA-A8-A07U	0.273542600896861
TCGA-A8-A07U:16:3293331:C	79	12	2	1	1	TCGA-A8-A07U	0.131868131868132
TCGA-A8-A07U:3:13364912:C	97	14	2	0	1	TCGA-A8-A07U	0.126126126126126
TCGA-A8-A07U:5:140574447:G	48	9	2	0	1	TCGA-A8-A07U	0.157894736842105
TCGA-A8-A07U:12:89818991:C	258	48	2	0	1	TCGA-A8-A07U	0.156862745098039
TCGA-A8-A07U:6:35392419:G	66	17	2	1	1	TCGA-A8-A07U	0.204819277108434
TCGA-A8-A07U:7:77210798:A	86	17	2	1	1	TCGA-A8-A07U	0.16504854368932
TCGA-A8-A07U:13:21742333:C	133	17	2	0	1	TCGA-A8-A07U	0.113333333333333
TCGA-A8-A07U:19:15061145:G	36	10	2	0	1	TCGA-A8-A07U	0.217391304347826
TCGA-A8-A07U:16:30380863:T	29	12	2	0	1	TCGA-A8-A07U	0.292682926829268
TCGA-A8-A07U:3:51737809:C	33	20	2	0	1	TCGA-A8-A07U	0.377358490566038
TCGA-A8-A07U:3:188925280:C	270	61	2	1	2	TCGA-A8-A07U	0.18429003021148
TCGA-A8-A07U:6:158924160:G	38	6	2	0	1	TCGA-A8-A07U	0.136363636363636
TCGA-A8-A07U:18:54291576:C	199	30	2	0	1	TCGA-A8-A07U	0.131004366812227
TCGA-A8-A07U:19:52400227:G	291	66	2	0	1	TCGA-A8-A07U	0.184873949579832
