mutation_id	ref_counts	var_counts	normal_cn	minor_cn	major_cn	variant_case	variant_freq
TCGA-EW-A1J1:6:24528350:G	26	11	2	2	2	TCGA-EW-A1J1	0.297297297297297
TCGA-EW-A1J1:12:110780236:C	94	68	2	3	3	TCGA-EW-A1J1	0.419753086419753
TCGA-EW-A1J1:16:11071088:G	64	53	2	0	6	TCGA-EW-A1J1	0.452991452991453
TCGA-EW-A1J1:1:168683522:A	58	12	2	3	3	TCGA-EW-A1J1	0.171428571428571
TCGA-EW-A1J1:11:64645813:A	92	18	2	4	4	TCGA-EW-A1J1	0.163636363636364
TCGA-EW-A1J1:22:37770887:G	22	8	2	1	2	TCGA-EW-A1J1	0.266666666666667
TCGA-EW-A1J1:18:43484051:C	48	17	2	1	2	TCGA-EW-A1J1	0.261538461538462
TCGA-EW-A1J1:5:170883561:G	36	7	2	3	3	TCGA-EW-A1J1	0.162790697674419
TCGA-EW-A1J1:17:48594830:C	46	36	2	3	3	TCGA-EW-A1J1	0.439024390243902
TCGA-EW-A1J1:1:201757631:C	98	24	2	3	3	TCGA-EW-A1J1	0.19672131147541
TCGA-EW-A1J1:5:156899736:C	74	27	2	3	3	TCGA-EW-A1J1	0.267326732673267
TCGA-EW-A1J1:3:178952075:A	65	33	2	3	3	TCGA-EW-A1J1	0.336734693877551
TCGA-EW-A1J1:15:33954810:G	52	43	2	3	3	TCGA-EW-A1J1	0.452631578947368
TCGA-EW-A1J1:11:64535092:C	65	9	2	4	4	TCGA-EW-A1J1	0.121621621621622
TCGA-EW-A1J1:2:39239446:G	173	34	2	2	2	TCGA-EW-A1J1	0.164251207729469
TCGA-EW-A1J1:6:170871052:G	55	15	2	2	2	TCGA-EW-A1J1	0.214285714285714
TCGA-EW-A1J1:6:41250151:G	42	15	2	2	2	TCGA-EW-A1J1	0.263157894736842
TCGA-EW-A1J1:12:100452034:T	53	12	2	3	3	TCGA-EW-A1J1	0.184615384615385
TCGA-EW-A1J1:2:210681761:G	55	21	2	2	2	TCGA-EW-A1J1	0.276315789473684
