mutation_id	ref_counts	var_counts	normal_cn	minor_cn	major_cn	variant_case	variant_freq
TCGA-E9-A1R6:1:100960455:C	40	31	2	1	1	TCGA-E9-A1R6	0.436619718309859
TCGA-E9-A1R6:8:88365983:G	54	50	2	2	3	TCGA-E9-A1R6	0.480769230769231
TCGA-E9-A1R6:17:9674897:C	20	14	2	1	1	TCGA-E9-A1R6	0.411764705882353
TCGA-E9-A1R6:4:80327715:C	46	46	2	2	2	TCGA-E9-A1R6	0.5
TCGA-E9-A1R6:13:51961567:C	35	20	2	1	1	TCGA-E9-A1R6	0.363636363636364
TCGA-E9-A1R6:11:30033317:G	8	25	2	0	3	TCGA-E9-A1R6	0.757575757575758
TCGA-E9-A1R6:6:127767979:C	66	23	2	0	2	TCGA-E9-A1R6	0.258426966292135
TCGA-E9-A1R6:11:93463081:C	66	16	2	0	3	TCGA-E9-A1R6	0.195121951219512
TCGA-E9-A1R6:2:241708612:C	25	10	2	1	1	TCGA-E9-A1R6	0.285714285714286
TCGA-E9-A1R6:6:131925359:A	21	50	2	0	2	TCGA-E9-A1R6	0.704225352112676
TCGA-E9-A1R6:15:33944994:C	65	21	2	1	2	TCGA-E9-A1R6	0.244186046511628
TCGA-E9-A1R6:19:11942981:C	76	16	2	1	2	TCGA-E9-A1R6	0.173913043478261
TCGA-E9-A1R6:7:127014790:T	58	21	2	1	2	TCGA-E9-A1R6	0.265822784810127
TCGA-E9-A1R6:1:90179621:G	40	8	2	1	1	TCGA-E9-A1R6	0.166666666666667
TCGA-E9-A1R6:11:64822123:C	57	7	2	0	3	TCGA-E9-A1R6	0.109375
