mutation_id	ref_counts	var_counts	normal_cn	minor_cn	major_cn	variant_case	variant_freq
TCGA-AR-A24O:8:133142164:G	33	13	2	1	1	TCGA-AR-A24O	0.282608695652174
TCGA-AR-A24O:13:113212589:C	39	11	2	1	2	TCGA-AR-A24O	0.22
TCGA-AR-A24O:12:105605050:T	87	10	2	1	1	TCGA-AR-A24O	0.103092783505155
TCGA-AR-A24O:20:40065975:C	66	22	2	1	1	TCGA-AR-A24O	0.25
TCGA-AR-A24O:22:42536703:G	63	11	2	0	1	TCGA-AR-A24O	0.148648648648649
TCGA-AR-A24O:2:225661753:G	47	6	2	1	1	TCGA-AR-A24O	0.113207547169811
TCGA-AR-A24O:13:107145608:G	54	7	2	1	2	TCGA-AR-A24O	0.114754098360656
TCGA-AR-A24O:14:38061463:T	53	7	2	1	1	TCGA-AR-A24O	0.116666666666667
TCGA-AR-A24O:3:195968901:A	51	8	2	1	1	TCGA-AR-A24O	0.135593220338983
TCGA-AR-A24O:3:178952085:A	44	11	2	1	1	TCGA-AR-A24O	0.2
TCGA-AR-A24O:8:110454342:T	65	22	2	0	2	TCGA-AR-A24O	0.252873563218391
TCGA-AR-A24O:12:48482684:C	99	30	2	1	1	TCGA-AR-A24O	0.232558139534884
TCGA-AR-A24O:1:220091665:G	64	18	2	1	1	TCGA-AR-A24O	0.219512195121951
TCGA-AR-A24O:2:46707808:C	27	5	2	1	1	TCGA-AR-A24O	0.15625
TCGA-AR-A24O:16:3363109:G	88	11	2	1	2	TCGA-AR-A24O	0.111111111111111
