mutation_id	ref_counts	var_counts	normal_cn	minor_cn	major_cn	variant_case	variant_freq
TCGA-EW-A1OX:9:33536929:G	26	34	2	1	2	TCGA-EW-A1OX	0.566666666666667
TCGA-EW-A1OX:1:235336038:G	75	22	2	1	2	TCGA-EW-A1OX	0.22680412371134
TCGA-EW-A1OX:17:61611456:T	52	7	2	1	5	TCGA-EW-A1OX	0.11864406779661
TCGA-EW-A1OX:11:1266710:T	27	32	2	1	1	TCGA-EW-A1OX	0.542372881355932
TCGA-EW-A1OX:2:166850700:C	24	17	2	1	1	TCGA-EW-A1OX	0.414634146341463
TCGA-EW-A1OX:12:48468348:T	29	21	2	1	1	TCGA-EW-A1OX	0.42
TCGA-EW-A1OX:3:114012875:A	17	14	2	1	1	TCGA-EW-A1OX	0.451612903225806
TCGA-EW-A1OX:17:10406521:T	68	19	2	1	1	TCGA-EW-A1OX	0.218390804597701
TCGA-EW-A1OX:1:145311128:G	282	36	2	1	2	TCGA-EW-A1OX	0.113207547169811
