mutation_id	ref_counts	var_counts	normal_cn	minor_cn	major_cn	variant_case	variant_freq
TCGA-E2-A15P:7:45753497:C	39	31	2	1	1	TCGA-E2-A15P	0.442857142857143
TCGA-E2-A15P:5:34925580:G	62	22	2	1	1	TCGA-E2-A15P	0.261904761904762
TCGA-E2-A15P:21:34968081:T	137	45	2	1	1	TCGA-E2-A15P	0.247252747252747
TCGA-E2-A15P:11:20177994:G	22	13	2	1	1	TCGA-E2-A15P	0.371428571428571
TCGA-E2-A15P:11:58345493:G	26	16	2	1	1	TCGA-E2-A15P	0.380952380952381
TCGA-E2-A15P:2:171240240:G	190	57	2	1	1	TCGA-E2-A15P	0.230769230769231
TCGA-E2-A15P:3:178936082:G	67	27	2	1	1	TCGA-E2-A15P	0.287234042553192
TCGA-E2-A15P:10:51592555:T	94	82	2	0	1	TCGA-E2-A15P	0.465909090909091
TCGA-E2-A15P:15:42529656:T	134	62	2	1	1	TCGA-E2-A15P	0.316326530612245
TCGA-E2-A15P:2:179442017:C	158	65	2	1	1	TCGA-E2-A15P	0.291479820627803
TCGA-E2-A15P:1:109525305:C	58	38	2	0	1	TCGA-E2-A15P	0.395833333333333
TCGA-E2-A15P:2:95847302:G	93	43	2	1	1	TCGA-E2-A15P	0.316176470588235
TCGA-E2-A15P:5:150275009:T	102	52	2	1	1	TCGA-E2-A15P	0.337662337662338
TCGA-E2-A15P:4:10445214:A	81	34	2	1	1	TCGA-E2-A15P	0.295652173913043
TCGA-E2-A15P:7:99306769:A	415	65	2	1	1	TCGA-E2-A15P	0.135416666666667
