mutation_id	ref_counts	var_counts	normal_cn	minor_cn	major_cn	variant_case	variant_freq
TCGA-D8-A1XS:22:30210708:T	36	16	2	1	1	TCGA-D8-A1XS	0.307692307692308
TCGA-D8-A1XS:9:131024001:C	24	17	2	1	1	TCGA-D8-A1XS	0.414634146341463
TCGA-D8-A1XS:3:151163762:G	55	32	2	1	1	TCGA-D8-A1XS	0.367816091954023
TCGA-D8-A1XS:6:16145378:T	22	8	2	1	1	TCGA-D8-A1XS	0.266666666666667
TCGA-D8-A1XS:3:152554180:C	60	40	2	1	1	TCGA-D8-A1XS	0.4
TCGA-D8-A1XS:3:178936091:G	27	23	2	1	1	TCGA-D8-A1XS	0.46
TCGA-D8-A1XS:1:205813220:G	30	26	2	1	2	TCGA-D8-A1XS	0.464285714285714
TCGA-D8-A1XS:11:4127418:C	20	21	2	1	1	TCGA-D8-A1XS	0.51219512195122
TCGA-D8-A1XS:3:170244644:G	66	44	2	1	1	TCGA-D8-A1XS	0.4
TCGA-D8-A1XS:8:134477071:G	104	24	2	1	4	TCGA-D8-A1XS	0.1875
TCGA-D8-A1XS:2:43798926:A	36	21	2	1	1	TCGA-D8-A1XS	0.368421052631579
TCGA-D8-A1XS:11:61725644:C	57	16	2	0	1	TCGA-D8-A1XS	0.219178082191781
TCGA-D8-A1XS:8:38775523:C	68	39	2	0	1	TCGA-D8-A1XS	0.364485981308411
TCGA-D8-A1XS:2:130832873:G	44	7	2	1	1	TCGA-D8-A1XS	0.137254901960784
TCGA-D8-A1XS:2:152320011:A	48	16	2	1	1	TCGA-D8-A1XS	0.25
