mutation_id	ref_counts	var_counts	normal_cn	minor_cn	major_cn	variant_case	variant_freq
TCGA-AO-A12F:2:24080330:T	61	49	2	4	4	TCGA-AO-A12F	0.445454545454545
TCGA-AO-A12F:20:11900400:C	77	18	2	1	2	TCGA-AO-A12F	0.189473684210526
TCGA-AO-A12F:19:45571725:G	34	12	2	2	3	TCGA-AO-A12F	0.260869565217391
TCGA-AO-A12F:5:172195858:G	61	17	2	0	4	TCGA-AO-A12F	0.217948717948718
TCGA-AO-A12F:1:152277404:G	247	148	2	4	6	TCGA-AO-A12F	0.374683544303797
TCGA-AO-A12F:11:101818866:A	85	23	2	0	5	TCGA-AO-A12F	0.212962962962963
TCGA-AO-A12F:17:66033483:C	36	31	2	0	5	TCGA-AO-A12F	0.462686567164179
TCGA-AO-A12F:17:39742881:T	89	96	2	0	5	TCGA-AO-A12F	0.518918918918919
TCGA-AO-A12F:3:12623389:G	77	16	2	0	5	TCGA-AO-A12F	0.172043010752688
TCGA-AO-A12F:12:122107317:C	39	24	2	2	2	TCGA-AO-A12F	0.380952380952381
TCGA-AO-A12F:19:4513446:G	30	18	2	2	2	TCGA-AO-A12F	0.375
TCGA-AO-A12F:13:38172818:C	82	58	2	2	3	TCGA-AO-A12F	0.414285714285714
TCGA-AO-A12F:8:133899602:G	70	13	2	3	5	TCGA-AO-A12F	0.156626506024096
TCGA-AO-A12F:11:5632399:C	53	13	2	0	3	TCGA-AO-A12F	0.196969696969697
TCGA-AO-A12F:15:54435218:G	108	30	2	1	3	TCGA-AO-A12F	0.217391304347826
TCGA-AO-A12F:6:167728785:G	219	29	2	1	6	TCGA-AO-A12F	0.116935483870968
TCGA-AO-A12F:17:7606441:G	37	16	2	0	5	TCGA-AO-A12F	0.30188679245283
TCGA-AO-A12F:19:53385122:C	102	20	2	2	4	TCGA-AO-A12F	0.163934426229508
TCGA-AO-A12F:3:126180635:G	79	25	2	0	5	TCGA-AO-A12F	0.240384615384615
