mutation_id	ref_counts	var_counts	normal_cn	minor_cn	major_cn	variant_case	variant_freq
TCGA-E2-A14Q:1:160147410:G	394	99	2	3	3	TCGA-E2-A14Q	0.200811359026369
TCGA-E2-A14Q:1:196918689:T	306	188	2	3	3	TCGA-E2-A14Q	0.380566801619433
TCGA-E2-A14Q:12:122825972:G	111	47	2	2	2	TCGA-E2-A14Q	0.29746835443038
TCGA-E2-A14Q:9:100887118:C	96	24	2	2	2	TCGA-E2-A14Q	0.2
TCGA-E2-A14Q:8:12044059:G	172	26	2	2	2	TCGA-E2-A14Q	0.131313131313131
TCGA-E2-A14Q:2:102818091:G	120	41	2	2	2	TCGA-E2-A14Q	0.254658385093168
TCGA-E2-A14Q:17:2598235:G	51	25	2	1	1	TCGA-E2-A14Q	0.328947368421053
TCGA-E2-A14Q:6:33371608:G	84	22	2	2	2	TCGA-E2-A14Q	0.207547169811321
TCGA-E2-A14Q:12:81101884:C	28	9	2	2	2	TCGA-E2-A14Q	0.243243243243243
TCGA-E2-A14Q:5:140605357:G	230	66	2	2	2	TCGA-E2-A14Q	0.222972972972973
TCGA-E2-A14Q:5:140731438:G	25	9	2	2	2	TCGA-E2-A14Q	0.264705882352941
TCGA-E2-A14Q:14:77757676:C	191	63	2	2	2	TCGA-E2-A14Q	0.248031496062992
TCGA-E2-A14Q:14:53173897:T	23	11	2	2	2	TCGA-E2-A14Q	0.323529411764706
TCGA-E2-A14Q:8:95392443:C	79	28	2	2	2	TCGA-E2-A14Q	0.261682242990654
TCGA-E2-A14Q:7:5103484:A	175	70	2	2	2	TCGA-E2-A14Q	0.285714285714286
TCGA-E2-A14Q:17:63221255:C	159	66	2	2	2	TCGA-E2-A14Q	0.293333333333333
TCGA-E2-A14Q:1:237881772:A	194	34	2	3	3	TCGA-E2-A14Q	0.149122807017544
TCGA-E2-A14Q:7:6155014:T	177	48	2	2	2	TCGA-E2-A14Q	0.213333333333333
TCGA-E2-A14Q:6:41773690:G	33	7	2	2	2	TCGA-E2-A14Q	0.175
TCGA-E2-A14Q:20:39832443:G	130	43	2	2	2	TCGA-E2-A14Q	0.248554913294798
TCGA-E2-A14Q:4:88536886:C	277	37	2	0	2	TCGA-E2-A14Q	0.117834394904459
