mutation_id	ref_counts	var_counts	normal_cn	minor_cn	major_cn	variant_case	variant_freq
TCGA-44-6146:1:36212562:A	90	39	2	1	1	TCGA-44-6146	0.302325581395349
TCGA-44-6146:1:176998839:T	18	13	2	1	1	TCGA-44-6146	0.419354838709677
TCGA-44-6146:1:231885726:A	61	32	2	1	1	TCGA-44-6146	0.344086021505376
TCGA-44-6146:1:237754106:C	77	40	2	1	1	TCGA-44-6146	0.341880341880342
TCGA-44-6146:10:11504482:C	38	22	2	1	1	TCGA-44-6146	0.366666666666667
TCGA-44-6146:10:28900789:C	85	61	2	1	1	TCGA-44-6146	0.417808219178082
TCGA-44-6146:10:73047492:C	25	19	2	1	1	TCGA-44-6146	0.431818181818182
TCGA-44-6146:11:132016192:C	30	11	2	1	1	TCGA-44-6146	0.268292682926829
TCGA-44-6146:12:21926414:G	31	16	2	1	1	TCGA-44-6146	0.340425531914894
TCGA-44-6146:12:53564229:G	37	20	2	1	1	TCGA-44-6146	0.350877192982456
TCGA-44-6146:12:56822747:G	42	17	2	1	1	TCGA-44-6146	0.288135593220339
TCGA-44-6146:13:46357677:C	34	22	2	1	1	TCGA-44-6146	0.392857142857143
TCGA-44-6146:13:95131260:C	41	14	2	1	1	TCGA-44-6146	0.254545454545455
TCGA-44-6146:15:27772631:C	36	20	2	1	1	TCGA-44-6146	0.357142857142857
TCGA-44-6146:17:72846417:G	96	49	2	1	1	TCGA-44-6146	0.337931034482759
TCGA-44-6146:19:5661591:G	29	13	2	1	1	TCGA-44-6146	0.30952380952381
TCGA-44-6146:2:8926114:G	49	30	2	1	1	TCGA-44-6146	0.379746835443038
TCGA-44-6146:2:100079005:G	84	44	2	1	1	TCGA-44-6146	0.34375
TCGA-44-6146:2:232390132:G	19	12	2	1	1	TCGA-44-6146	0.387096774193548
TCGA-44-6146:20:3278717:G	73	41	2	1	1	TCGA-44-6146	0.359649122807018
TCGA-44-6146:3:188477903:C	29	9	2	1	1	TCGA-44-6146	0.236842105263158
TCGA-44-6146:5:94991871:G	15	38	2	0	1	TCGA-44-6146	0.716981132075472
TCGA-44-6146:6:43266308:G	22	8	2	1	1	TCGA-44-6146	0.266666666666667
TCGA-44-6146:6:91260267:T	46	18	2	1	1	TCGA-44-6146	0.28125
TCGA-44-6146:14:19857036:A	105	6	2	0	1	TCGA-44-6146	0.0540540540540541
TCGA-44-6146:18:6958505:G	80	5	2	1	1	TCGA-44-6146	0.0588235294117647
TCGA-44-6146:2:130738393:C	79	6	2	1	1	TCGA-44-6146	0.0705882352941176
TCGA-44-6146:5:26903857:G	164	64	2	1	1	TCGA-44-6146	0.280701754385965
TCGA-44-6146:8:110588223:G	41	12	2	1	1	TCGA-44-6146	0.226415094339623
TCGA-44-6146:9:5765734:G	113	13	2	0	1	TCGA-44-6146	0.103174603174603
TCGA-44-6146:9:66499793:G	68	6	2	1	1	TCGA-44-6146	0.0810810810810811
TCGA-44-6146:17:20224794:A	83	5	2	1	1	TCGA-44-6146	0.0568181818181818
