mutation_id	ref_counts	var_counts	normal_cn	minor_cn	major_cn	variant_case	variant_freq
TCGA-BH-A0EI:9:84530475:C	271	150	2	1	1	TCGA-BH-A0EI	0.356294536817102
TCGA-BH-A0EI:17:18157896:G	20	16	2	0	1	TCGA-BH-A0EI	0.444444444444444
TCGA-BH-A0EI:9:27950338:C	119	55	2	1	1	TCGA-BH-A0EI	0.316091954022989
TCGA-BH-A0EI:17:12011150:A	85	80	2	0	1	TCGA-BH-A0EI	0.484848484848485
TCGA-BH-A0EI:20:39802876:G	53	24	2	1	2	TCGA-BH-A0EI	0.311688311688312
TCGA-BH-A0EI:14:31118737:C	67	28	2	1	1	TCGA-BH-A0EI	0.294736842105263
TCGA-BH-A0EI:14:94933670:T	67	31	2	1	1	TCGA-BH-A0EI	0.316326530612245
TCGA-BH-A0EI:11:65819873:C	21	13	2	1	2	TCGA-BH-A0EI	0.382352941176471
TCGA-BH-A0EI:18:43422104:G	67	36	2	1	1	TCGA-BH-A0EI	0.349514563106796
TCGA-BH-A0EI:11:224173:C	51	19	2	1	2	TCGA-BH-A0EI	0.271428571428571
TCGA-BH-A0EI:14:62229257:G	82	31	2	1	1	TCGA-BH-A0EI	0.274336283185841
TCGA-BH-A0EI:5:150321847:G	57	30	2	1	1	TCGA-BH-A0EI	0.344827586206897
TCGA-BH-A0EI:20:3559378:G	160	32	2	1	2	TCGA-BH-A0EI	0.166666666666667
TCGA-BH-A0EI:1:16950880:T	37	8	2	1	1	TCGA-BH-A0EI	0.177777777777778
TCGA-BH-A0EI:11:9494303:A	124	24	2	1	2	TCGA-BH-A0EI	0.162162162162162
TCGA-BH-A0EI:1:247473058:G	84	15	2	1	1	TCGA-BH-A0EI	0.151515151515152
