mutation_id	ref_counts	var_counts	normal_cn	minor_cn	major_cn	variant_case	variant_freq
TCGA-A2-A0CU:8:65527680:G	149	21	2	2	3	TCGA-A2-A0CU	0.123529411764706
TCGA-A2-A0CU:4:41984183:G	52	9	2	2	2	TCGA-A2-A0CU	0.147540983606557
TCGA-A2-A0CU:11:34664214:C	31	12	2	1	1	TCGA-A2-A0CU	0.27906976744186
TCGA-A2-A0CU:11:134179562:C	46	33	2	1	2	TCGA-A2-A0CU	0.417721518987342
TCGA-A2-A0CU:4:16504298:A	129	18	2	2	2	TCGA-A2-A0CU	0.122448979591837
TCGA-A2-A0CU:1:17083776:C	52	9	2	1	2	TCGA-A2-A0CU	0.147540983606557
TCGA-A2-A0CU:7:139726015:C	31	27	2	1	2	TCGA-A2-A0CU	0.46551724137931
TCGA-A2-A0CU:11:61017206:C	124	106	2	1	2	TCGA-A2-A0CU	0.460869565217391
TCGA-A2-A0CU:11:61258004:A	83	26	2	1	2	TCGA-A2-A0CU	0.238532110091743
TCGA-A2-A0CU:2:100019354:G	86	22	2	1	2	TCGA-A2-A0CU	0.203703703703704
TCGA-A2-A0CU:7:77379331:T	33	15	2	1	2	TCGA-A2-A0CU	0.3125
TCGA-A2-A0CU:17:36522192:C	87	44	2	2	3	TCGA-A2-A0CU	0.33587786259542
TCGA-A2-A0CU:16:28986519:C	34	8	2	2	2	TCGA-A2-A0CU	0.19047619047619
TCGA-A2-A0CU:16:30722123:C	301	54	2	2	2	TCGA-A2-A0CU	0.152112676056338
TCGA-A2-A0CU:12:120031840:G	315	84	2	1	2	TCGA-A2-A0CU	0.210526315789474
TCGA-A2-A0CU:4:44626756:A	131	25	2	2	2	TCGA-A2-A0CU	0.16025641025641
TCGA-A2-A0CU:19:20307906:G	99	24	2	1	2	TCGA-A2-A0CU	0.195121951219512
TCGA-A2-A0CU:11:17428939:G	191	32	2	1	2	TCGA-A2-A0CU	0.143497757847534
TCGA-A2-A0CU:15:65491181:G	41	5	2	1	2	TCGA-A2-A0CU	0.108695652173913
TCGA-A2-A0CU:12:6952161:C	194	22	2	2	2	TCGA-A2-A0CU	0.101851851851852
TCGA-A2-A0CU:9:6793072:G	94	19	2	0	2	TCGA-A2-A0CU	0.168141592920354
TCGA-A2-A0CU:2:226273793:G	64	11	2	0	2	TCGA-A2-A0CU	0.146666666666667
TCGA-A2-A0CU:11:6048841:G	345	42	2	1	2	TCGA-A2-A0CU	0.108527131782946
TCGA-A2-A0CU:4:69094493:A	92	11	2	2	2	TCGA-A2-A0CU	0.106796116504854
TCGA-A2-A0CU:12:65460458:G	150	19	2	2	2	TCGA-A2-A0CU	0.112426035502959
