mutation_id	ref_counts	var_counts	normal_cn	minor_cn	major_cn	variant_case	variant_freq
TCGA-55-8087:15:51693912:C	41	22	2	1	1	TCGA-55-8087	0.349206349206349
TCGA-55-8087:2:108477232:T	105	84	2	1	1	TCGA-55-8087	0.444444444444444
TCGA-55-8087:20:62316891:G	46	12	2	1	2	TCGA-55-8087	0.206896551724138
TCGA-55-8087:3:151155294:C	109	57	2	1	1	TCGA-55-8087	0.343373493975904
TCGA-55-8087:4:73956679:C	210	119	2	1	1	TCGA-55-8087	0.361702127659574
TCGA-55-8087:5:16465300:C	48	38	2	1	1	TCGA-55-8087	0.441860465116279
TCGA-55-8087:7:6485624:G	94	68	2	1	1	TCGA-55-8087	0.419753086419753
TCGA-55-8087:7:15666509:G	81	41	2	1	1	TCGA-55-8087	0.336065573770492
TCGA-55-8087:8:97312064:C	60	33	2	1	1	TCGA-55-8087	0.354838709677419
TCGA-55-8087:1:47746006:C	194	6	2	1	1	TCGA-55-8087	0.03
TCGA-55-8087:1:61824896:G	145	30	2	1	1	TCGA-55-8087	0.171428571428571
TCGA-55-8087:1:183908079:G	172	9	2	1	2	TCGA-55-8087	0.0497237569060773
TCGA-55-8087:1:216465672:C	88	8	2	1	2	TCGA-55-8087	0.0833333333333333
TCGA-55-8087:1:248637422:C	562	17	2	1	2	TCGA-55-8087	0.0293609671848014
TCGA-55-8087:10:38654432:A	82	5	2	1	1	TCGA-55-8087	0.0574712643678161
TCGA-55-8087:11:65685011:G	43	40	2	0	1	TCGA-55-8087	0.481927710843373
TCGA-55-8087:11:124310402:C	87	7	2	1	1	TCGA-55-8087	0.074468085106383
TCGA-55-8087:14:20586543:G	32	5	2	1	1	TCGA-55-8087	0.135135135135135
TCGA-55-8087:14:80669369:T	70	7	2	1	1	TCGA-55-8087	0.0909090909090909
TCGA-55-8087:17:40094978:G	167	8	2	1	1	TCGA-55-8087	0.0457142857142857
TCGA-55-8087:17:43587657:C	148	5	2	1	1	TCGA-55-8087	0.0326797385620915
TCGA-55-8087:2:142237983:C	77	7	2	1	1	TCGA-55-8087	0.0833333333333333
TCGA-55-8087:2:207426992:A	287	7	2	1	1	TCGA-55-8087	0.0238095238095238
TCGA-55-8087:20:37394972:G	109	54	2	0	1	TCGA-55-8087	0.331288343558282
TCGA-55-8087:20:60900504:G	57	22	2	1	1	TCGA-55-8087	0.278481012658228
TCGA-55-8087:3:183994719:C	82	10	2	1	1	TCGA-55-8087	0.108695652173913
TCGA-55-8087:5:140176801:C	91	8	2	1	1	TCGA-55-8087	0.0808080808080808
TCGA-55-8087:7:116339264:G	96	12	2	1	1	TCGA-55-8087	0.111111111111111
TCGA-55-8087:7:142658923:G	464	29	2	1	1	TCGA-55-8087	0.0588235294117647
