mutation_id	ref_counts	var_counts	normal_cn	minor_cn	major_cn	variant_case	variant_freq
TCGA-A2-A0EO:2:133015454:C	28	6	2	1	2	TCGA-A2-A0EO	0.176470588235294
TCGA-A2-A0EO:16:67100696:G	61	56	2	0	2	TCGA-A2-A0EO	0.478632478632479
TCGA-A2-A0EO:1:196759282:C	136	16	2	1	5	TCGA-A2-A0EO	0.105263157894737
TCGA-A2-A0EO:1:16950470:C	37	7	2	1	2	TCGA-A2-A0EO	0.159090909090909
TCGA-A2-A0EO:11:687941:C	64	14	2	2	3	TCGA-A2-A0EO	0.179487179487179
TCGA-A2-A0EO:6:121768373:T	67	70	2	0	2	TCGA-A2-A0EO	0.510948905109489
TCGA-A2-A0EO:16:57719640:G	119	99	2	0	2	TCGA-A2-A0EO	0.454128440366972
TCGA-A2-A0EO:1:149857851:C	81	33	2	1	5	TCGA-A2-A0EO	0.289473684210526
TCGA-A2-A0EO:15:42041007:A	124	35	2	1	2	TCGA-A2-A0EO	0.220125786163522
TCGA-A2-A0EO:1:181021547:C	63	16	2	1	5	TCGA-A2-A0EO	0.20253164556962
TCGA-A2-A0EO:17:10236473:G	39	27	2	0	2	TCGA-A2-A0EO	0.409090909090909
TCGA-A2-A0EO:12:20782980:G	137	31	2	2	2	TCGA-A2-A0EO	0.18452380952381
TCGA-A2-A0EO:10:74714297:G	60	19	2	2	2	TCGA-A2-A0EO	0.240506329113924
TCGA-A2-A0EO:10:118202578:G	61	26	2	2	2	TCGA-A2-A0EO	0.298850574712644
TCGA-A2-A0EO:12:4662226:G	207	91	2	2	2	TCGA-A2-A0EO	0.305369127516779
TCGA-A2-A0EO:13:45971426:T	98	18	2	1	2	TCGA-A2-A0EO	0.155172413793103
TCGA-A2-A0EO:2:31754498:T	99	53	2	1	2	TCGA-A2-A0EO	0.348684210526316
TCGA-A2-A0EO:3:42226205:G	98	25	2	1	2	TCGA-A2-A0EO	0.203252032520325
TCGA-A2-A0EO:19:57036477:A	29	11	2	1	2	TCGA-A2-A0EO	0.275
TCGA-A2-A0EO:2:116497433:G	162	26	2	1	2	TCGA-A2-A0EO	0.138297872340426
TCGA-A2-A0EO:18:33722826:C	171	21	2	2	2	TCGA-A2-A0EO	0.109375
TCGA-A2-A0EO:6:30673105:C	169	36	2	0	2	TCGA-A2-A0EO	0.175609756097561
TCGA-A2-A0EO:3:178936082:G	101	42	2	1	2	TCGA-A2-A0EO	0.293706293706294
TCGA-A2-A0EO:4:152086824:G	751	86	2	1	3	TCGA-A2-A0EO	0.102747909199522
TCGA-A2-A0EO:2:45704138:C	203	32	2	1	2	TCGA-A2-A0EO	0.136170212765957
