mutation_id	ref_counts	var_counts	normal_cn	minor_cn	major_cn	variant_case	variant_freq
TCGA-BH-A1FR:12:132593193:C	21	10	2	1	1	TCGA-BH-A1FR	0.32258064516129
TCGA-BH-A1FR:15:69553426:G	40	15	2	1	1	TCGA-BH-A1FR	0.272727272727273
TCGA-BH-A1FR:19:40889792:G	43	25	2	1	1	TCGA-BH-A1FR	0.367647058823529
TCGA-BH-A1FR:2:209113113:G	48	20	2	1	1	TCGA-BH-A1FR	0.294117647058824
TCGA-BH-A1FR:13:38154780:C	268	85	2	1	1	TCGA-BH-A1FR	0.240793201133144
TCGA-BH-A1FR:22:37603605:T	27	21	2	1	1	TCGA-BH-A1FR	0.4375
TCGA-BH-A1FR:2:108921678:G	229	107	2	1	1	TCGA-BH-A1FR	0.318452380952381
TCGA-BH-A1FR:6:33231274:T	72	41	2	1	1	TCGA-BH-A1FR	0.36283185840708
TCGA-BH-A1FR:18:32919834:A	35	28	2	1	1	TCGA-BH-A1FR	0.444444444444444
TCGA-BH-A1FR:15:23685200:C	151	25	2	1	1	TCGA-BH-A1FR	0.142045454545455
