mutation_id	ref_counts	var_counts	normal_cn	minor_cn	major_cn	variant_case	variant_freq
TCGA-AR-A24R:1:154557805:T	46	21	2	3	3	TCGA-AR-A24R	0.313432835820896
TCGA-AR-A24R:12:105589107:A	52	17	2	2	2	TCGA-AR-A24R	0.246376811594203
TCGA-AR-A24R:10:101978864:G	25	27	2	1	2	TCGA-AR-A24R	0.519230769230769
TCGA-AR-A24R:7:14737756:T	31	22	2	2	2	TCGA-AR-A24R	0.415094339622642
TCGA-AR-A24R:17:72310298:G	78	15	2	1	8	TCGA-AR-A24R	0.161290322580645
TCGA-AR-A24R:8:75263607:C	92	28	2	3	3	TCGA-AR-A24R	0.233333333333333
TCGA-AR-A24R:4:1818540:C	61	22	2	2	2	TCGA-AR-A24R	0.265060240963855
TCGA-AR-A24R:14:20612744:C	38	17	2	2	5	TCGA-AR-A24R	0.309090909090909
TCGA-AR-A24R:9:125551282:G	18	20	2	0	3	TCGA-AR-A24R	0.526315789473684
TCGA-AR-A24R:19:1825883:G	24	13	2	1	2	TCGA-AR-A24R	0.351351351351351
TCGA-AR-A24R:14:76187037:A	49	30	2	2	3	TCGA-AR-A24R	0.379746835443038
