mutation_id	ref_counts	var_counts	normal_cn	minor_cn	major_cn	variant_case	variant_freq
TCGA-C8-A12N:17:41931261:T	53	44	2	1	1	TCGA-C8-A12N	0.45360824742268
TCGA-C8-A12N:10:105811267:G	65	35	2	1	1	TCGA-C8-A12N	0.35
TCGA-C8-A12N:5:457049:C	87	38	2	1	1	TCGA-C8-A12N	0.304
TCGA-C8-A12N:7:41729851:G	61	24	2	1	1	TCGA-C8-A12N	0.282352941176471
TCGA-C8-A12N:17:38933368:G	128	89	2	1	1	TCGA-C8-A12N	0.410138248847926
TCGA-C8-A12N:16:15831386:G	122	69	2	1	4	TCGA-C8-A12N	0.361256544502618
TCGA-C8-A12N:6:126243897:G	63	39	2	1	1	TCGA-C8-A12N	0.382352941176471
TCGA-C8-A12N:19:15276820:G	34	12	2	1	1	TCGA-C8-A12N	0.260869565217391
TCGA-C8-A12N:11:57970851:G	154	76	2	1	1	TCGA-C8-A12N	0.330434782608696
TCGA-C8-A12N:3:178936091:G	45	72	2	0	2	TCGA-C8-A12N	0.615384615384615
TCGA-C8-A12N:5:167943847:C	118	56	2	1	1	TCGA-C8-A12N	0.32183908045977
TCGA-C8-A12N:12:130907060:C	18	12	2	1	1	TCGA-C8-A12N	0.4
TCGA-C8-A12N:12:11183409:C	160	77	2	1	1	TCGA-C8-A12N	0.324894514767932
TCGA-C8-A12N:1:112002198:A	70	16	2	1	1	TCGA-C8-A12N	0.186046511627907
TCGA-C8-A12N:1:16950449:A	39	10	2	1	1	TCGA-C8-A12N	0.204081632653061
TCGA-C8-A12N:7:143095047:G	86	29	2	1	1	TCGA-C8-A12N	0.252173913043478
TCGA-C8-A12N:5:56189440:T	123	38	2	1	1	TCGA-C8-A12N	0.236024844720497
TCGA-C8-A12N:12:123794131:C	101	13	2	1	1	TCGA-C8-A12N	0.114035087719298
TCGA-C8-A12N:22:50472912:A	30	7	2	1	1	TCGA-C8-A12N	0.189189189189189
