mutation_id	ref_counts	var_counts	normal_cn	minor_cn	major_cn	variant_case	variant_freq
TCGA-CF-A3MF:22:31500334:T	170	40	2	2	2	TCGA-CF-A3MF	0.19047619047619
TCGA-CF-A3MF:12:133732511:C	73	13	2	2	3	TCGA-CF-A3MF	0.151162790697674
TCGA-CF-A3MF:16:67470804:G	134	49	2	1	2	TCGA-CF-A3MF	0.26775956284153
TCGA-CF-A3MF:20:45853033:A	202	50	2	2	2	TCGA-CF-A3MF	0.198412698412698
TCGA-CF-A3MF:4:2341289:C	9	21	2	1	2	TCGA-CF-A3MF	0.7
TCGA-CF-A3MF:12:107155161:C	81	16	2	2	3	TCGA-CF-A3MF	0.164948453608247
TCGA-CF-A3MF:3:122642517:C	146	57	2	2	3	TCGA-CF-A3MF	0.280788177339901
TCGA-CF-A3MF:11:72536397:C	84	39	2	1	1	TCGA-CF-A3MF	0.317073170731707
TCGA-CF-A3MF:19:19606680:G	56	17	2	2	2	TCGA-CF-A3MF	0.232876712328767
TCGA-CF-A3MF:19:10664773:G	183	49	2	2	2	TCGA-CF-A3MF	0.211206896551724
TCGA-CF-A3MF:10:118314751:C	56	14	2	2	2	TCGA-CF-A3MF	0.2
TCGA-CF-A3MF:20:61525841:G	69	18	2	1	2	TCGA-CF-A3MF	0.206896551724138
TCGA-CF-A3MF:19:40367841:T	41	14	2	2	2	TCGA-CF-A3MF	0.254545454545455
TCGA-CF-A3MF:16:87743024:G	137	42	2	1	2	TCGA-CF-A3MF	0.23463687150838
TCGA-CF-A3MF:9:34107398:T	55	48	2	1	1	TCGA-CF-A3MF	0.466019417475728
TCGA-CF-A3MF:2:174223511:G	24	16	2	0	2	TCGA-CF-A3MF	0.4
TCGA-CF-A3MF:6:36652024:G	12	82	2	0	3	TCGA-CF-A3MF	0.872340425531915
TCGA-CF-A3MF:10:99338106:G	60	9	2	2	2	TCGA-CF-A3MF	0.130434782608696
TCGA-CF-A3MF:1:78958508:G	54	5	2	1	2	TCGA-CF-A3MF	0.0847457627118644
TCGA-CF-A3MF:19:13338283:C	143	25	2	2	2	TCGA-CF-A3MF	0.148809523809524
TCGA-CF-A3MF:6:37605212:C	65	27	2	0	2	TCGA-CF-A3MF	0.293478260869565
TCGA-CF-A3MF:20:62730140:G	76	15	2	1	2	TCGA-CF-A3MF	0.164835164835165
TCGA-CF-A3MF:17:63532493:G	73	5	2	2	2	TCGA-CF-A3MF	0.0641025641025641
TCGA-CF-A3MF:22:32498214:C	165	15	2	2	2	TCGA-CF-A3MF	0.0833333333333333
TCGA-CF-A3MF:7:157178324:G	59	9	2	1	2	TCGA-CF-A3MF	0.132352941176471
