mutation_id	ref_counts	var_counts	normal_cn	minor_cn	major_cn	variant_case	variant_freq
TCGA-BH-A0BC:12:81545639:C	335	136	2	1	1	TCGA-BH-A0BC	0.288747346072187
TCGA-BH-A0BC:1:247079596:C	105	28	2	1	2	TCGA-BH-A0BC	0.210526315789474
TCGA-BH-A0BC:15:90349393:C	33	9	2	1	1	TCGA-BH-A0BC	0.214285714285714
TCGA-BH-A0BC:1:111724830:A	197	69	2	1	1	TCGA-BH-A0BC	0.259398496240602
TCGA-BH-A0BC:3:139077631:C	304	73	2	1	2	TCGA-BH-A0BC	0.193633952254642
TCGA-BH-A0BC:3:139077632:A	299	74	2	1	2	TCGA-BH-A0BC	0.198391420911528
TCGA-BH-A0BC:8:26484190:G	174	57	2	1	1	TCGA-BH-A0BC	0.246753246753247
TCGA-BH-A0BC:1:161475284:G	135	38	2	1	2	TCGA-BH-A0BC	0.219653179190751
TCGA-BH-A0BC:22:17450868:C	29	16	2	1	1	TCGA-BH-A0BC	0.355555555555556
TCGA-BH-A0BC:22:46712235:A	43	21	2	1	1	TCGA-BH-A0BC	0.328125
TCGA-BH-A0BC:17:34264775:G	52	39	2	0	1	TCGA-BH-A0BC	0.428571428571429
TCGA-BH-A0BC:5:88018447:G	37	18	2	1	1	TCGA-BH-A0BC	0.327272727272727
TCGA-BH-A0BC:15:52620094:C	258	82	2	1	1	TCGA-BH-A0BC	0.241176470588235
TCGA-BH-A0BC:4:30725361:G	38	10	2	1	1	TCGA-BH-A0BC	0.208333333333333
TCGA-BH-A0BC:3:178952085:A	130	99	2	1	2	TCGA-BH-A0BC	0.432314410480349
TCGA-BH-A0BC:12:56349111:G	45	14	2	1	1	TCGA-BH-A0BC	0.23728813559322
TCGA-BH-A0BC:1:35656463:T	120	48	2	1	1	TCGA-BH-A0BC	0.285714285714286
TCGA-BH-A0BC:2:88390554:C	137	64	2	1	1	TCGA-BH-A0BC	0.318407960199005
TCGA-BH-A0BC:3:136136813:C	228	73	2	1	1	TCGA-BH-A0BC	0.242524916943522
TCGA-BH-A0BC:6:46657115:A	34	11	2	1	1	TCGA-BH-A0BC	0.244444444444444
TCGA-BH-A0BC:17:7577539:G	20	12	2	0	1	TCGA-BH-A0BC	0.375
TCGA-BH-A0BC:15:54556502:T	174	68	2	1	1	TCGA-BH-A0BC	0.28099173553719
TCGA-BH-A0BC:3:39136217:C	62	22	2	1	1	TCGA-BH-A0BC	0.261904761904762
TCGA-BH-A0BC:8:106431410:T	97	55	2	1	1	TCGA-BH-A0BC	0.361842105263158
TCGA-BH-A0BC:10:43015259:G	102	31	2	1	1	TCGA-BH-A0BC	0.233082706766917
TCGA-BH-A0BC:19:53612661:C	150	44	2	1	1	TCGA-BH-A0BC	0.22680412371134
TCGA-BH-A0BC:11:94532836:G	25	6	2	0	1	TCGA-BH-A0BC	0.193548387096774
TCGA-BH-A0BC:2:116572515:A	202	57	2	0	2	TCGA-BH-A0BC	0.22007722007722
TCGA-BH-A0BC:9:99701178:A	113	18	2	1	1	TCGA-BH-A0BC	0.137404580152672
TCGA-BH-A0BC:1:19464532:C	91	11	2	1	1	TCGA-BH-A0BC	0.107843137254902
