mutation_id	ref_counts	var_counts	normal_cn	minor_cn	major_cn	variant_case	variant_freq
TCGA-A2-A04Y:17:36646353:C	38	9	2	1	1	TCGA-A2-A04Y	0.191489361702128
TCGA-A2-A04Y:14:96707798:G	41	19	2	1	1	TCGA-A2-A04Y	0.316666666666667
TCGA-A2-A04Y:2:188211077:C	97	44	2	1	1	TCGA-A2-A04Y	0.312056737588652
TCGA-A2-A04Y:7:128388708:A	60	27	2	1	1	TCGA-A2-A04Y	0.310344827586207
TCGA-A2-A04Y:16:66766320:T	89	31	2	1	1	TCGA-A2-A04Y	0.258333333333333
TCGA-A2-A04Y:8:120594788:T	144	32	2	1	2	TCGA-A2-A04Y	0.181818181818182
TCGA-A2-A04Y:3:11301157:C	42	14	2	1	1	TCGA-A2-A04Y	0.25
TCGA-A2-A04Y:12:30822138:C	128	114	2	1	1	TCGA-A2-A04Y	0.471074380165289
TCGA-A2-A04Y:4:16597371:G	69	32	2	1	1	TCGA-A2-A04Y	0.316831683168317
TCGA-A2-A04Y:1:148017589:G	649	235	2	1	2	TCGA-A2-A04Y	0.265837104072398
TCGA-A2-A04Y:2:152420119:C	196	84	2	1	1	TCGA-A2-A04Y	0.3
TCGA-A2-A04Y:1:156639945:T	29	7	2	1	2	TCGA-A2-A04Y	0.194444444444444
TCGA-A2-A04Y:9:95077554:A	62	36	2	0	1	TCGA-A2-A04Y	0.36734693877551
TCGA-A2-A04Y:12:100928730:G	72	39	2	1	1	TCGA-A2-A04Y	0.351351351351351
TCGA-A2-A04Y:10:22880688:G	61	27	2	1	1	TCGA-A2-A04Y	0.306818181818182
TCGA-A2-A04Y:17:78346457:A	25	6	2	1	2	TCGA-A2-A04Y	0.193548387096774
TCGA-A2-A04Y:1:241823900:G	163	232	2	1	4	TCGA-A2-A04Y	0.587341772151899
TCGA-A2-A04Y:6:147047304:G	225	47	2	1	1	TCGA-A2-A04Y	0.172794117647059
TCGA-A2-A04Y:14:24035597:C	108	27	2	1	1	TCGA-A2-A04Y	0.2
TCGA-A2-A04Y:2:108496541:C	449	57	2	1	1	TCGA-A2-A04Y	0.112648221343874
TCGA-A2-A04Y:11:16007966:C	158	47	2	1	1	TCGA-A2-A04Y	0.229268292682927
TCGA-A2-A04Y:9:117838681:T	248	73	2	1	1	TCGA-A2-A04Y	0.227414330218069
