mutation_id	ref_counts	var_counts	normal_cn	minor_cn	major_cn	variant_case	variant_freq
TCGA-BH-A0W3:15:43939311:G	154	106	2	3	3	TCGA-BH-A0W3	0.407692307692308
TCGA-BH-A0W3:3:148930395:G	138	117	2	3	3	TCGA-BH-A0W3	0.458823529411765
TCGA-BH-A0W3:17:12901771:G	70	56	2	3	3	TCGA-BH-A0W3	0.444444444444444
TCGA-BH-A0W3:12:96653588:C	31	32	2	3	3	TCGA-BH-A0W3	0.507936507936508
TCGA-BH-A0W3:13:76370783:A	58	50	2	2	2	TCGA-BH-A0W3	0.462962962962963
TCGA-BH-A0W3:13:47279264:G	60	110	2	2	2	TCGA-BH-A0W3	0.647058823529412
TCGA-BH-A0W3:2:170669020:T	118	92	2	3	3	TCGA-BH-A0W3	0.438095238095238
TCGA-BH-A0W3:20:33568852:C	18	26	2	3	3	TCGA-BH-A0W3	0.590909090909091
TCGA-BH-A0W3:3:178936082:G	69	76	2	3	3	TCGA-BH-A0W3	0.524137931034483
TCGA-BH-A0W3:2:166245338:C	144	121	2	3	3	TCGA-BH-A0W3	0.456603773584906
TCGA-BH-A0W3:12:122212588:G	32	38	2	3	3	TCGA-BH-A0W3	0.542857142857143
TCGA-BH-A0W3:7:142013464:C	23	22	2	3	4	TCGA-BH-A0W3	0.488888888888889
TCGA-BH-A0W3:7:141427142:A	34	22	2	2	3	TCGA-BH-A0W3	0.392857142857143
TCGA-BH-A0W3:7:99631717:C	34	19	2	2	3	TCGA-BH-A0W3	0.358490566037736
