mutation_id	ref_counts	var_counts	normal_cn	minor_cn	major_cn	variant_case	variant_freq
TCGA-A8-A086:6:32088603:T	104	64	2	1	1	TCGA-A8-A086	0.380952380952381
TCGA-A8-A086:1:159409936:G	150	85	2	1	1	TCGA-A8-A086	0.361702127659574
TCGA-A8-A086:1:205764571:G	38	21	2	1	1	TCGA-A8-A086	0.355932203389831
TCGA-A8-A086:3:129546835:C	95	50	2	1	1	TCGA-A8-A086	0.344827586206897
TCGA-A8-A086:21:43833311:C	89	42	2	1	1	TCGA-A8-A086	0.320610687022901
TCGA-A8-A086:5:110462515:C	80	113	2	1	2	TCGA-A8-A086	0.585492227979275
TCGA-A8-A086:16:69744912:G	98	83	2	0	1	TCGA-A8-A086	0.458563535911602
TCGA-A8-A086:12:94620410:C	183	81	2	1	1	TCGA-A8-A086	0.306818181818182
TCGA-A8-A086:2:113333168:C	169	83	2	1	1	TCGA-A8-A086	0.329365079365079
TCGA-A8-A086:3:10967723:C	290	153	2	1	1	TCGA-A8-A086	0.345372460496614
TCGA-A8-A086:21:34924651:G	64	10	2	1	1	TCGA-A8-A086	0.135135135135135
