mutation_id	ref_counts	var_counts	normal_cn	minor_cn	major_cn	variant_case	variant_freq
TCGA-C8-A26W:3:183677527:C	212	78	2	1	2	TCGA-C8-A26W	0.268965517241379
TCGA-C8-A26W:2:21226147:A	56	30	2	1	1	TCGA-C8-A26W	0.348837209302326
TCGA-C8-A26W:9:35660615:G	42	30	2	1	1	TCGA-C8-A26W	0.416666666666667
TCGA-C8-A26W:2:130897469:C	40	16	2	1	1	TCGA-C8-A26W	0.285714285714286
TCGA-C8-A26W:20:31967344:G	43	20	2	1	1	TCGA-C8-A26W	0.317460317460317
TCGA-C8-A26W:12:39161456:G	32	26	2	1	1	TCGA-C8-A26W	0.448275862068966
TCGA-C8-A26W:3:47610685:T	42	32	2	0	1	TCGA-C8-A26W	0.432432432432432
TCGA-C8-A26W:9:121971044:G	63	30	2	1	1	TCGA-C8-A26W	0.32258064516129
TCGA-C8-A26W:1:154995617:G	18	18	2	1	1	TCGA-C8-A26W	0.5
TCGA-C8-A26W:6:64431555:A	106	49	2	1	1	TCGA-C8-A26W	0.316129032258064
TCGA-C8-A26W:2:187626830:C	30	25	2	1	2	TCGA-C8-A26W	0.454545454545455
TCGA-C8-A26W:11:95520814:C	32	31	2	0	1	TCGA-C8-A26W	0.492063492063492
TCGA-C8-A26W:13:20717290:G	33	25	2	1	1	TCGA-C8-A26W	0.431034482758621
TCGA-C8-A26W:16:27556779:T	54	16	2	1	2	TCGA-C8-A26W	0.228571428571429
TCGA-C8-A26W:15:28387403:G	29	15	2	1	1	TCGA-C8-A26W	0.340909090909091
TCGA-C8-A26W:7:81334803:C	54	20	2	1	1	TCGA-C8-A26W	0.27027027027027
TCGA-C8-A26W:19:55148052:C	91	23	2	1	2	TCGA-C8-A26W	0.201754385964912
TCGA-C8-A26W:6:144183272:G	52	28	2	1	1	TCGA-C8-A26W	0.35
TCGA-C8-A26W:6:6589046:T	45	13	2	1	1	TCGA-C8-A26W	0.224137931034483
TCGA-C8-A26W:20:50051765:C	77	37	2	1	1	TCGA-C8-A26W	0.324561403508772
TCGA-C8-A26W:3:178952085:A	31	41	2	1	2	TCGA-C8-A26W	0.569444444444444
TCGA-C8-A26W:16:30975564:C	28	24	2	1	2	TCGA-C8-A26W	0.461538461538462
TCGA-C8-A26W:19:51961352:T	165	54	2	1	2	TCGA-C8-A26W	0.246575342465753
TCGA-C8-A26W:11:20676303:C	29	13	2	1	1	TCGA-C8-A26W	0.30952380952381
TCGA-C8-A26W:4:20490503:C	41	20	2	1	1	TCGA-C8-A26W	0.327868852459016
TCGA-C8-A26W:18:23619391:G	38	29	2	1	1	TCGA-C8-A26W	0.432835820895522
TCGA-C8-A26W:12:94975411:C	28	7	2	1	1	TCGA-C8-A26W	0.2
TCGA-C8-A26W:8:124442245:C	63	23	2	1	2	TCGA-C8-A26W	0.267441860465116
TCGA-C8-A26W:19:41627364:C	44	11	2	1	1	TCGA-C8-A26W	0.2
TCGA-C8-A26W:8:144940706:C	31	6	2	1	1	TCGA-C8-A26W	0.162162162162162
TCGA-C8-A26W:9:20990142:G	27	8	2	0	1	TCGA-C8-A26W	0.228571428571429
TCGA-C8-A26W:1:89630428:C	59	16	2	1	1	TCGA-C8-A26W	0.213333333333333
TCGA-C8-A26W:4:100532382:A	58	25	2	0	1	TCGA-C8-A26W	0.301204819277108
TCGA-C8-A26W:14:20216391:G	72	18	2	1	1	TCGA-C8-A26W	0.2
TCGA-C8-A26W:2:179426582:C	36	5	2	1	2	TCGA-C8-A26W	0.121951219512195
