mutation_id	ref_counts	var_counts	normal_cn	minor_cn	major_cn	variant_case	variant_freq
TCGA-A8-A08J:17:66872768:C	189	98	2	2	2	TCGA-A8-A08J	0.341463414634146
TCGA-A8-A08J:12:109637223:G	98	60	2	2	3	TCGA-A8-A08J	0.379746835443038
TCGA-A8-A08J:19:41863814:T	26	6	2	1	2	TCGA-A8-A08J	0.1875
TCGA-A8-A08J:3:5252828:A	60	17	2	2	2	TCGA-A8-A08J	0.220779220779221
TCGA-A8-A08J:16:23713958:C	81	33	2	1	2	TCGA-A8-A08J	0.289473684210526
TCGA-A8-A08J:2:170367168:G	78	25	2	1	2	TCGA-A8-A08J	0.242718446601942
TCGA-A8-A08J:20:36993284:A	270	47	2	2	4	TCGA-A8-A08J	0.148264984227129
TCGA-A8-A08J:4:16597474:C	49	54	2	0	3	TCGA-A8-A08J	0.524271844660194
TCGA-A8-A08J:7:100552250:C	265	102	2	1	2	TCGA-A8-A08J	0.277929155313351
TCGA-A8-A08J:17:7318874:C	28	13	2	1	2	TCGA-A8-A08J	0.317073170731707
TCGA-A8-A08J:1:169272390:A	77	61	2	1	2	TCGA-A8-A08J	0.442028985507246
TCGA-A8-A08J:19:38911748:G	53	14	2	1	2	TCGA-A8-A08J	0.208955223880597
TCGA-A8-A08J:7:100459398:C	32	20	2	1	2	TCGA-A8-A08J	0.384615384615385
TCGA-A8-A08J:17:73100132:A	67	16	2	2	2	TCGA-A8-A08J	0.192771084337349
TCGA-A8-A08J:9:40773310:C	381	121	2	1	1	TCGA-A8-A08J	0.241035856573705
TCGA-A8-A08J:2:122122750:G	54	7	2	1	2	TCGA-A8-A08J	0.114754098360656
TCGA-A8-A08J:1:11888625:C	201	45	2	1	1	TCGA-A8-A08J	0.182926829268293
TCGA-A8-A08J:1:28802626:G	145	33	2	1	1	TCGA-A8-A08J	0.185393258426966
TCGA-A8-A08J:7:11675946:C	150	22	2	1	2	TCGA-A8-A08J	0.127906976744186
TCGA-A8-A08J:13:46544025:C	722	108	2	0	3	TCGA-A8-A08J	0.130120481927711
