mutation_id	ref_counts	var_counts	normal_cn	minor_cn	major_cn	variant_case	variant_freq
TCGA-AO-A0J8:4:100205585:C	120	59	2	1	1	TCGA-AO-A0J8	0.329608938547486
TCGA-AO-A0J8:12:124229203:G	118	54	2	1	1	TCGA-AO-A0J8	0.313953488372093
TCGA-AO-A0J8:14:95688048:T	89	60	2	1	1	TCGA-AO-A0J8	0.402684563758389
TCGA-AO-A0J8:14:59113588:C	50	24	2	1	1	TCGA-AO-A0J8	0.324324324324324
TCGA-AO-A0J8:1:46871162:C	28	20	2	1	1	TCGA-AO-A0J8	0.416666666666667
TCGA-AO-A0J8:1:46874199:G	42	32	2	1	1	TCGA-AO-A0J8	0.432432432432432
TCGA-AO-A0J8:10:99223754:T	33	34	2	1	1	TCGA-AO-A0J8	0.507462686567164
TCGA-AO-A0J8:3:195506387:G	37	21	2	1	1	TCGA-AO-A0J8	0.362068965517241
TCGA-AO-A0J8:5:141515313:C	423	229	2	1	1	TCGA-AO-A0J8	0.351226993865031
TCGA-AO-A0J8:6:108492770:G	33	42	2	0	1	TCGA-AO-A0J8	0.56
TCGA-AO-A0J8:5:31799549:A	58	33	2	1	1	TCGA-AO-A0J8	0.362637362637363
TCGA-AO-A0J8:10:118354350:G	41	20	2	1	1	TCGA-AO-A0J8	0.327868852459016
TCGA-AO-A0J8:8:43197031:G	72	27	2	1	1	TCGA-AO-A0J8	0.272727272727273
TCGA-AO-A0J8:1:227077759:A	271	74	2	1	3	TCGA-AO-A0J8	0.214492753623188
TCGA-AO-A0J8:12:105322236:C	47	35	2	1	1	TCGA-AO-A0J8	0.426829268292683
TCGA-AO-A0J8:8:80992644:C	96	66	2	1	1	TCGA-AO-A0J8	0.407407407407407
TCGA-AO-A0J8:19:52448195:C	109	58	2	1	1	TCGA-AO-A0J8	0.347305389221557
TCGA-AO-A0J8:19:54194212:G	216	84	2	1	1	TCGA-AO-A0J8	0.28
