mutation_id	ref_counts	var_counts	normal_cn	minor_cn	major_cn	variant_case	variant_freq
TCGA-E9-A1RB:11:67050279:C	29	5	2	2	2	TCGA-E9-A1RB	0.147058823529412
TCGA-E9-A1RB:10:61959967:G	50	30	2	2	2	TCGA-E9-A1RB	0.375
TCGA-E9-A1RB:2:160304785:G	53	17	2	1	1	TCGA-E9-A1RB	0.242857142857143
TCGA-E9-A1RB:19:6694484:C	40	17	2	1	2	TCGA-E9-A1RB	0.298245614035088
TCGA-E9-A1RB:1:196711113:A	76	26	2	0	6	TCGA-E9-A1RB	0.254901960784314
TCGA-E9-A1RB:18:72173106:C	21	20	2	1	2	TCGA-E9-A1RB	0.48780487804878
TCGA-E9-A1RB:3:14547146:C	20	10	2	1	2	TCGA-E9-A1RB	0.333333333333333
TCGA-E9-A1RB:7:75182834:G	35	17	2	1	2	TCGA-E9-A1RB	0.326923076923077
TCGA-E9-A1RB:2:90229285:A	79	25	2	1	2	TCGA-E9-A1RB	0.240384615384615
TCGA-E9-A1RB:19:55341436:G	32	77	2	1	2	TCGA-E9-A1RB	0.706422018348624
TCGA-E9-A1RB:1:32745462:C	35	73	2	1	5	TCGA-E9-A1RB	0.675925925925926
TCGA-E9-A1RB:2:74761688:C	48	15	2	1	2	TCGA-E9-A1RB	0.238095238095238
TCGA-E9-A1RB:17:56344804:G	26	13	2	1	2	TCGA-E9-A1RB	0.333333333333333
TCGA-E9-A1RB:11:34160963:C	45	33	2	2	2	TCGA-E9-A1RB	0.423076923076923
TCGA-E9-A1RB:1:248616764:C	39	19	2	2	3	TCGA-E9-A1RB	0.327586206896552
TCGA-E9-A1RB:14:22133650:G	34	61	2	0	2	TCGA-E9-A1RB	0.642105263157895
TCGA-E9-A1RB:16:31144597:G	70	11	2	2	4	TCGA-E9-A1RB	0.135802469135802
TCGA-E9-A1RB:20:41420080:C	42	19	2	2	2	TCGA-E9-A1RB	0.311475409836066
TCGA-E9-A1RB:13:98828595:C	24	48	2	0	2	TCGA-E9-A1RB	0.666666666666667
TCGA-E9-A1RB:5:115783352:C	21	14	2	0	2	TCGA-E9-A1RB	0.4
TCGA-E9-A1RB:18:5891633:A	30	9	2	1	2	TCGA-E9-A1RB	0.230769230769231
TCGA-E9-A1RB:17:7577082:C	28	39	2	0	2	TCGA-E9-A1RB	0.582089552238806
TCGA-E9-A1RB:16:22142969:G	71	8	2	2	4	TCGA-E9-A1RB	0.10126582278481
TCGA-E9-A1RB:9:131397466:G	26	7	2	2	5	TCGA-E9-A1RB	0.212121212121212
TCGA-E9-A1RB:2:175436606:C	24	8	2	1	1	TCGA-E9-A1RB	0.25
TCGA-E9-A1RB:1:200378052:T	68	29	2	0	6	TCGA-E9-A1RB	0.298969072164948
