mutation_id	ref_counts	var_counts	normal_cn	minor_cn	major_cn	variant_case	variant_freq
TCGA-AN-A0XO:2:241468736:G	78	29	2	1	1	TCGA-AN-A0XO	0.271028037383178
TCGA-AN-A0XO:10:121429471:C	30	14	2	1	1	TCGA-AN-A0XO	0.318181818181818
TCGA-AN-A0XO:8:25325771:T	57	24	2	1	1	TCGA-AN-A0XO	0.296296296296296
TCGA-AN-A0XO:13:51855020:G	22	17	2	1	1	TCGA-AN-A0XO	0.435897435897436
TCGA-AN-A0XO:12:51771043:G	68	29	2	1	1	TCGA-AN-A0XO	0.298969072164948
TCGA-AN-A0XO:2:102625095:G	71	41	2	1	1	TCGA-AN-A0XO	0.366071428571429
TCGA-AN-A0XO:12:40714892:T	161	100	2	1	1	TCGA-AN-A0XO	0.383141762452107
TCGA-AN-A0XO:7:100637074:G	26	9	2	1	1	TCGA-AN-A0XO	0.257142857142857
TCGA-AN-A0XO:12:78444719:C	48	31	2	1	1	TCGA-AN-A0XO	0.392405063291139
TCGA-AN-A0XO:1:248652175:G	51	14	2	2	2	TCGA-AN-A0XO	0.215384615384615
TCGA-AN-A0XO:14:105856299:C	127	38	2	1	2	TCGA-AN-A0XO	0.23030303030303
TCGA-AN-A0XO:1:154918213:T	37	35	2	1	2	TCGA-AN-A0XO	0.486111111111111
TCGA-AN-A0XO:3:178928079:G	110	143	2	1	2	TCGA-AN-A0XO	0.565217391304348
TCGA-AN-A0XO:3:178936082:G	94	83	2	1	2	TCGA-AN-A0XO	0.468926553672316
TCGA-AN-A0XO:12:7076766:C	26	14	2	1	1	TCGA-AN-A0XO	0.35
TCGA-AN-A0XO:2:96964156:A	155	76	2	1	1	TCGA-AN-A0XO	0.329004329004329
TCGA-AN-A0XO:1:151162528:C	131	47	2	1	2	TCGA-AN-A0XO	0.264044943820225
TCGA-AN-A0XO:13:20641448:A	90	48	2	1	1	TCGA-AN-A0XO	0.347826086956522
TCGA-AN-A0XO:9:125377610:G	86	11	2	1	1	TCGA-AN-A0XO	0.11340206185567
TCGA-AN-A0XO:4:134071406:C	52	10	2	1	1	TCGA-AN-A0XO	0.161290322580645
TCGA-AN-A0XO:2:32889484:A	165	52	2	1	1	TCGA-AN-A0XO	0.23963133640553
