mutation_id	ref_counts	var_counts	normal_cn	minor_cn	major_cn	variant_case	variant_freq
TCGA-A6-5664:5:112175639:C	86	17	2	2	2	TCGA-A6-5664	0.16504854368932
TCGA-A6-5664:6:56882085:T	41	12	2	2	2	TCGA-A6-5664	0.226415094339623
TCGA-A6-5664:1:170964609:C	57	17	2	2	2	TCGA-A6-5664	0.22972972972973
TCGA-A6-5664:19:5778513:C	58	12	2	2	2	TCGA-A6-5664	0.171428571428571
TCGA-A6-5664:3:42906212:G	76	19	2	2	2	TCGA-A6-5664	0.2
TCGA-A6-5664:5:13776634:C	73	20	2	2	2	TCGA-A6-5664	0.21505376344086
TCGA-A6-5664:6:38998067:C	73	18	2	2	2	TCGA-A6-5664	0.197802197802198
TCGA-A6-5664:7:102953022:C	82	16	2	2	2	TCGA-A6-5664	0.163265306122449
TCGA-A6-5664:11:65688885:C	64	21	2	2	2	TCGA-A6-5664	0.247058823529412
TCGA-A6-5664:12:25380276:T	47	28	2	2	3	TCGA-A6-5664	0.373333333333333
TCGA-A6-5664:14:45711670:C	71	16	2	2	2	TCGA-A6-5664	0.183908045977011
TCGA-A6-5664:3:123376182:C	66	15	2	2	2	TCGA-A6-5664	0.185185185185185
TCGA-A6-5664:5:140250862:C	79	23	2	2	2	TCGA-A6-5664	0.225490196078431
TCGA-A6-5664:4:147561088:G	38	9	2	2	2	TCGA-A6-5664	0.191489361702128
TCGA-A6-5664:1:158906751:C	120	32	2	2	2	TCGA-A6-5664	0.210526315789474
TCGA-A6-5664:17:9808240:G	78	19	2	2	2	TCGA-A6-5664	0.195876288659794
TCGA-A6-5664:1:26863453:C	55	13	2	2	2	TCGA-A6-5664	0.191176470588235
TCGA-A6-5664:2:128712754:G	86	30	2	2	2	TCGA-A6-5664	0.258620689655172
TCGA-A6-5664:7:19738155:C	84	21	2	2	2	TCGA-A6-5664	0.2
TCGA-A6-5664:9:99581489:C	22	8	2	2	2	TCGA-A6-5664	0.266666666666667
TCGA-A6-5664:7:137801371:G	102	19	2	2	2	TCGA-A6-5664	0.15702479338843
TCGA-A6-5664:12:133318025:C	187	29	2	2	3	TCGA-A6-5664	0.134259259259259
TCGA-A6-5664:5:112116592:C	87	16	2	2	2	TCGA-A6-5664	0.155339805825243
TCGA-A6-5664:11:64976835:C	202	45	2	2	2	TCGA-A6-5664	0.182186234817814
TCGA-A6-5664:1:180006125:C	96	10	2	1	3	TCGA-A6-5664	0.0943396226415094
TCGA-A6-5664:4:88537315:C	89	16	2	2	2	TCGA-A6-5664	0.152380952380952
TCGA-A6-5664:8:42868256:A	126	22	2	2	2	TCGA-A6-5664	0.148648648648649
TCGA-A6-5664:11:77632421:G	229	21	2	2	2	TCGA-A6-5664	0.084
TCGA-A6-5664:17:51901651:C	107	10	2	2	2	TCGA-A6-5664	0.0854700854700855
TCGA-A6-5664:1:71478001:C	64	11	2	2	2	TCGA-A6-5664	0.146666666666667
TCGA-A6-5664:5:127516687:G	79	8	2	2	2	TCGA-A6-5664	0.0919540229885057
TCGA-A6-5664:18:48591855:A	103	19	2	1	2	TCGA-A6-5664	0.155737704918033
TCGA-A6-5664:6:36507890:A	188	40	2	2	2	TCGA-A6-5664	0.175438596491228
