mutation_id	ref_counts	var_counts	normal_cn	minor_cn	major_cn	variant_case	variant_freq
TCGA-BH-A0BG:1:236918367:A	49	10	2	2	2	TCGA-BH-A0BG	0.169491525423729
TCGA-BH-A0BG:2:133015476:A	42	7	2	2	2	TCGA-BH-A0BG	0.142857142857143
TCGA-BH-A0BG:11:8950998:C	67	16	2	0	4	TCGA-BH-A0BG	0.192771084337349
TCGA-BH-A0BG:4:184367676:C	67	17	2	1	2	TCGA-BH-A0BG	0.202380952380952
TCGA-BH-A0BG:1:214794222:T	69	76	2	2	4	TCGA-BH-A0BG	0.524137931034483
TCGA-BH-A0BG:19:49557572:T	37	10	2	2	2	TCGA-BH-A0BG	0.212765957446809
TCGA-BH-A0BG:5:129520027:A	18	29	2	0	2	TCGA-BH-A0BG	0.617021276595745
TCGA-BH-A0BG:13:60240935:T	96	62	2	1	2	TCGA-BH-A0BG	0.392405063291139
TCGA-BH-A0BG:10:15256057:T	37	17	2	2	3	TCGA-BH-A0BG	0.314814814814815
TCGA-BH-A0BG:7:121018965:A	62	25	2	0	2	TCGA-BH-A0BG	0.28735632183908
TCGA-BH-A0BG:17:6684022:C	25	7	2	0	3	TCGA-BH-A0BG	0.21875
TCGA-BH-A0BG:9:7011799:G	18	32	2	0	4	TCGA-BH-A0BG	0.64
TCGA-BH-A0BG:8:136619254:T	440	57	2	2	8	TCGA-BH-A0BG	0.114688128772636
TCGA-BH-A0BG:3:49211701:G	17	19	2	0	2	TCGA-BH-A0BG	0.527777777777778
TCGA-BH-A0BG:7:107732103:C	46	12	2	2	2	TCGA-BH-A0BG	0.206896551724138
TCGA-BH-A0BG:17:38187823:G	14	27	2	0	3	TCGA-BH-A0BG	0.658536585365854
TCGA-BH-A0BG:17:13446924:G	26	122	2	0	4	TCGA-BH-A0BG	0.824324324324324
TCGA-BH-A0BG:3:40291713:A	44	53	2	0	2	TCGA-BH-A0BG	0.54639175257732
TCGA-BH-A0BG:11:55406228:T	114	19	2	2	2	TCGA-BH-A0BG	0.142857142857143
TCGA-BH-A0BG:1:233397811:G	120	21	2	2	2	TCGA-BH-A0BG	0.148936170212766
TCGA-BH-A0BG:1:16043237:T	25	7	2	1	2	TCGA-BH-A0BG	0.21875
TCGA-BH-A0BG:11:124947362:G	21	26	2	0	2	TCGA-BH-A0BG	0.553191489361702
TCGA-BH-A0BG:16:18872050:C	98	92	2	2	2	TCGA-BH-A0BG	0.484210526315789
TCGA-BH-A0BG:2:179443676:C	54	29	2	2	2	TCGA-BH-A0BG	0.349397590361446
TCGA-BH-A0BG:22:21363561:T	48	41	2	1	2	TCGA-BH-A0BG	0.460674157303371
TCGA-BH-A0BG:8:56435907:G	43	26	2	0	4	TCGA-BH-A0BG	0.376811594202899
TCGA-BH-A0BG:13:21382693:G	91	49	2	1	2	TCGA-BH-A0BG	0.35
TCGA-BH-A0BG:19:24310770:C	20	13	2	0	2	TCGA-BH-A0BG	0.393939393939394
TCGA-BH-A0BG:1:91406655:C	158	47	2	1	2	TCGA-BH-A0BG	0.229268292682927
TCGA-BH-A0BG:4:190874281:G	259	40	2	1	2	TCGA-BH-A0BG	0.133779264214047
