mutation_id	ref_counts	var_counts	normal_cn	minor_cn	major_cn	variant_case	variant_freq
TCGA-B6-A0RH:8:19263493:C	34	37	2	0	1	TCGA-B6-A0RH	0.52112676056338
TCGA-B6-A0RH:11:33047294:C	103	49	2	1	1	TCGA-B6-A0RH	0.322368421052632
TCGA-B6-A0RH:1:23222000:C	114	52	2	1	1	TCGA-B6-A0RH	0.313253012048193
TCGA-B6-A0RH:7:128317709:C	29	14	2	1	1	TCGA-B6-A0RH	0.325581395348837
TCGA-B6-A0RH:9:84605378:G	149	66	2	1	1	TCGA-B6-A0RH	0.306976744186047
TCGA-B6-A0RH:17:38954517:C	207	39	2	1	4	TCGA-B6-A0RH	0.158536585365854
TCGA-B6-A0RH:1:222801435:G	140	24	2	1	3	TCGA-B6-A0RH	0.146341463414634
TCGA-B6-A0RH:10:21827790:T	91	57	2	1	1	TCGA-B6-A0RH	0.385135135135135
TCGA-B6-A0RH:5:149510159:C	23	11	2	1	1	TCGA-B6-A0RH	0.323529411764706
TCGA-B6-A0RH:3:178936091:G	57	102	2	1	4	TCGA-B6-A0RH	0.641509433962264
TCGA-B6-A0RH:1:227069706:A	14	27	2	1	3	TCGA-B6-A0RH	0.658536585365854
TCGA-B6-A0RH:1:114397570:A	85	40	2	1	1	TCGA-B6-A0RH	0.32
TCGA-B6-A0RH:17:29325839:C	49	33	2	1	1	TCGA-B6-A0RH	0.402439024390244
TCGA-B6-A0RH:14:101348922:A	86	41	2	1	1	TCGA-B6-A0RH	0.322834645669291
TCGA-B6-A0RH:5:134059307:C	110	47	2	1	1	TCGA-B6-A0RH	0.299363057324841
TCGA-B6-A0RH:5:171766429:A	30	16	2	1	1	TCGA-B6-A0RH	0.347826086956522
TCGA-B6-A0RH:3:164716394:G	160	81	2	1	1	TCGA-B6-A0RH	0.336099585062241
TCGA-B6-A0RH:9:2116045:A	21	11	2	1	1	TCGA-B6-A0RH	0.34375
TCGA-B6-A0RH:9:113169979:A	38	18	2	1	1	TCGA-B6-A0RH	0.321428571428571
TCGA-B6-A0RH:14:64636985:G	80	46	2	1	1	TCGA-B6-A0RH	0.365079365079365
TCGA-B6-A0RH:12:64875760:A	120	37	2	1	2	TCGA-B6-A0RH	0.235668789808917
TCGA-B6-A0RH:6:170871052:G	30	9	2	1	1	TCGA-B6-A0RH	0.230769230769231
TCGA-B6-A0RH:16:19451502:C	76	31	2	1	1	TCGA-B6-A0RH	0.289719626168224
TCGA-B6-A0RH:17:7578190:T	68	67	2	0	1	TCGA-B6-A0RH	0.496296296296296
TCGA-B6-A0RH:1:46650495:C	78	34	2	1	1	TCGA-B6-A0RH	0.303571428571429
TCGA-B6-A0RH:22:22599458:C	59	24	2	1	1	TCGA-B6-A0RH	0.289156626506024
TCGA-B6-A0RH:18:54385232:A	35	48	2	0	1	TCGA-B6-A0RH	0.578313253012048
TCGA-B6-A0RH:19:33464469:G	76	23	2	1	1	TCGA-B6-A0RH	0.232323232323232
TCGA-B6-A0RH:9:99798887:C	126	32	2	1	1	TCGA-B6-A0RH	0.20253164556962
TCGA-B6-A0RH:10:76739051:G	105	33	2	1	1	TCGA-B6-A0RH	0.239130434782609
TCGA-B6-A0RH:1:150479529:G	121	49	2	1	3	TCGA-B6-A0RH	0.288235294117647
