mutation_id	ref_counts	var_counts	normal_cn	minor_cn	major_cn	variant_case	variant_freq
TCGA-E2-A15E:21:33765616:G	37	11	2	1	2	TCGA-E2-A15E	0.229166666666667
TCGA-E2-A15E:14:81382827:G	253	88	2	2	2	TCGA-E2-A15E	0.258064516129032
TCGA-E2-A15E:1:203152855:G	206	37	2	1	3	TCGA-E2-A15E	0.152263374485597
TCGA-E2-A15E:9:90266523:G	226	82	2	0	2	TCGA-E2-A15E	0.266233766233766
TCGA-E2-A15E:21:38884440:A	163	79	2	1	2	TCGA-E2-A15E	0.326446280991736
TCGA-E2-A15E:17:42929146:G	56	59	2	0	3	TCGA-E2-A15E	0.51304347826087
TCGA-E2-A15E:11:128443000:C	87	26	2	1	2	TCGA-E2-A15E	0.230088495575221
TCGA-E2-A15E:21:39086565:T	124	38	2	1	2	TCGA-E2-A15E	0.234567901234568
TCGA-E2-A15E:3:9594129:C	26	12	2	2	2	TCGA-E2-A15E	0.315789473684211
TCGA-E2-A15E:19:50885244:A	31	7	2	2	4	TCGA-E2-A15E	0.184210526315789
TCGA-E2-A15E:5:140167773:C	73	10	2	2	2	TCGA-E2-A15E	0.120481927710843
TCGA-E2-A15E:3:178952085:A	169	179	2	2	4	TCGA-E2-A15E	0.514367816091954
TCGA-E2-A15E:1:2430566:C	54	18	2	1	4	TCGA-E2-A15E	0.25
TCGA-E2-A15E:16:4947750:C	103	21	2	2	2	TCGA-E2-A15E	0.169354838709677
TCGA-E2-A15E:1:2103803:G	54	8	2	1	4	TCGA-E2-A15E	0.129032258064516
TCGA-E2-A15E:8:30695338:C	538	238	2	1	7	TCGA-E2-A15E	0.306701030927835
TCGA-E2-A15E:8:30695512:C	662	281	2	1	7	TCGA-E2-A15E	0.297985153764581
TCGA-E2-A15E:12:44238679:C	153	42	2	2	2	TCGA-E2-A15E	0.215384615384615
TCGA-E2-A15E:17:7578271:T	151	67	2	0	2	TCGA-E2-A15E	0.307339449541284
TCGA-E2-A15E:1:236883433:C	478	56	2	1	3	TCGA-E2-A15E	0.104868913857678
TCGA-E2-A15E:17:9680524:G	278	53	2	0	2	TCGA-E2-A15E	0.16012084592145
TCGA-E2-A15E:6:7570674:G	220	42	2	1	7	TCGA-E2-A15E	0.16030534351145
TCGA-E2-A15E:11:85961453:A	201	37	2	1	2	TCGA-E2-A15E	0.15546218487395
TCGA-E2-A15E:1:110086562:C	136	26	2	1	2	TCGA-E2-A15E	0.160493827160494
TCGA-E2-A15E:6:29974759:C	174	36	2	1	2	TCGA-E2-A15E	0.171428571428571
TCGA-E2-A15E:15:42032290:C	192	28	2	2	2	TCGA-E2-A15E	0.127272727272727
TCGA-E2-A15E:17:10346782:G	327	75	2	0	2	TCGA-E2-A15E	0.186567164179104
TCGA-E2-A15E:5:140741005:A	74	29	2	2	2	TCGA-E2-A15E	0.281553398058252
TCGA-E2-A15E:1:184023924:G	290	42	2	1	3	TCGA-E2-A15E	0.126506024096386
