mutation_id	ref_counts	var_counts	normal_cn	minor_cn	major_cn	variant_case	variant_freq
TCGA-A1-A0SJ:16:5132586:C	170	36	2	2	2	TCGA-A1-A0SJ	0.174757281553398
TCGA-A1-A0SJ:17:66246548:T	96	90	2	4	4	TCGA-A1-A0SJ	0.483870967741935
TCGA-A1-A0SJ:11:8959533:G	80	24	2	1	2	TCGA-A1-A0SJ	0.230769230769231
TCGA-A1-A0SJ:15:65489601:A	39	12	2	1	2	TCGA-A1-A0SJ	0.235294117647059
TCGA-A1-A0SJ:20:61939981:C	121	23	2	4	22	TCGA-A1-A0SJ	0.159722222222222
TCGA-A1-A0SJ:5:175875463:C	47	23	2	2	2	TCGA-A1-A0SJ	0.328571428571429
TCGA-A1-A0SJ:13:20763283:G	75	20	2	1	2	TCGA-A1-A0SJ	0.210526315789474
TCGA-A1-A0SJ:12:102161847:G	61	28	2	0	2	TCGA-A1-A0SJ	0.314606741573034
TCGA-A1-A0SJ:17:72846850:G	23	9	2	0	4	TCGA-A1-A0SJ	0.28125
TCGA-A1-A0SJ:4:83350497:C	48	27	2	2	2	TCGA-A1-A0SJ	0.36
TCGA-A1-A0SJ:7:91792659:C	180	36	2	1	2	TCGA-A1-A0SJ	0.166666666666667
TCGA-A1-A0SJ:14:24845882:G	61	12	2	1	2	TCGA-A1-A0SJ	0.164383561643836
TCGA-A1-A0SJ:16:57059665:C	81	40	2	2	2	TCGA-A1-A0SJ	0.330578512396694
TCGA-A1-A0SJ:17:79914949:C	11	26	2	0	4	TCGA-A1-A0SJ	0.702702702702703
TCGA-A1-A0SJ:19:50412785:C	98	60	2	2	2	TCGA-A1-A0SJ	0.379746835443038
TCGA-A1-A0SJ:11:7650734:G	162	64	2	1	2	TCGA-A1-A0SJ	0.283185840707965
TCGA-A1-A0SJ:17:30771560:G	19	13	2	2	3	TCGA-A1-A0SJ	0.40625
TCGA-A1-A0SJ:9:6012961:T	40	56	2	0	2	TCGA-A1-A0SJ	0.583333333333333
TCGA-A1-A0SJ:17:62022840:G	674	267	2	6	17	TCGA-A1-A0SJ	0.283740701381509
TCGA-A1-A0SJ:20:48604526:G	167	74	2	4	4	TCGA-A1-A0SJ	0.307053941908714
TCGA-A1-A0SJ:20:57566094:G	147	27	2	4	10	TCGA-A1-A0SJ	0.155172413793103
TCGA-A1-A0SJ:7:142124196:G	176	47	2	1	2	TCGA-A1-A0SJ	0.210762331838565
TCGA-A1-A0SJ:15:65385553:C	21	9	2	1	2	TCGA-A1-A0SJ	0.3
TCGA-A1-A0SJ:3:101378855:A	82	61	2	1	1	TCGA-A1-A0SJ	0.426573426573427
TCGA-A1-A0SJ:19:57839971:G	101	15	2	2	2	TCGA-A1-A0SJ	0.129310344827586
