mutation_id	ref_counts	var_counts	normal_cn	minor_cn	major_cn	variant_case	variant_freq
TCGA-E2-A3DX:11:1651241:A	42	7	2	1	2	TCGA-E2-A3DX	0.142857142857143
TCGA-E2-A3DX:19:8994489:G	53	14	2	2	2	TCGA-E2-A3DX	0.208955223880597
TCGA-E2-A3DX:3:195452814:C	38	8	2	1	3	TCGA-E2-A3DX	0.173913043478261
TCGA-E2-A3DX:17:25748765:C	31	8	2	2	2	TCGA-E2-A3DX	0.205128205128205
TCGA-E2-A3DX:21:11026767:T	53	8	2	2	2	TCGA-E2-A3DX	0.131147540983607
TCGA-E2-A3DX:13:20006620:C	75	10	2	2	2	TCGA-E2-A3DX	0.117647058823529
TCGA-E2-A3DX:4:39245931:C	31	5	2	2	2	TCGA-E2-A3DX	0.138888888888889
