mutation_id	ref_counts	var_counts	normal_cn	minor_cn	major_cn	variant_case	variant_freq
TCGA-GM-A2DK:2:203420014:T	28	7	2	0	1	TCGA-GM-A2DK	0.2
TCGA-GM-A2DK:16:50388767:C	98	27	2	1	1	TCGA-GM-A2DK	0.216
TCGA-GM-A2DK:9:105767473:A	58	20	2	1	1	TCGA-GM-A2DK	0.256410256410256
TCGA-GM-A2DK:17:76522783:C	38	14	2	1	2	TCGA-GM-A2DK	0.269230769230769
TCGA-GM-A2DK:8:12044217:G	27	11	2	1	1	TCGA-GM-A2DK	0.289473684210526
TCGA-GM-A2DK:2:71014794:G	58	17	2	1	1	TCGA-GM-A2DK	0.226666666666667
TCGA-GM-A2DK:5:63256637:G	36	10	2	1	1	TCGA-GM-A2DK	0.217391304347826
TCGA-GM-A2DK:11:1643266:C	51	18	2	1	1	TCGA-GM-A2DK	0.260869565217391
TCGA-GM-A2DK:6:13273143:G	81	21	2	1	1	TCGA-GM-A2DK	0.205882352941176
TCGA-GM-A2DK:2:61233764:A	42	9	2	1	1	TCGA-GM-A2DK	0.176470588235294
TCGA-GM-A2DK:12:57696988:T	49	39	2	1	2	TCGA-GM-A2DK	0.443181818181818
TCGA-GM-A2DK:1:33117549:C	47	11	2	1	1	TCGA-GM-A2DK	0.189655172413793
TCGA-GM-A2DK:17:42333063:T	63	27	2	1	1	TCGA-GM-A2DK	0.3
TCGA-GM-A2DK:16:70817042:C	54	23	2	1	1	TCGA-GM-A2DK	0.298701298701299
TCGA-GM-A2DK:4:85742538:A	32	16	2	1	1	TCGA-GM-A2DK	0.333333333333333
TCGA-GM-A2DK:17:38450651:C	91	13	2	1	1	TCGA-GM-A2DK	0.125
TCGA-GM-A2DK:4:165878324:C	36	6	2	1	1	TCGA-GM-A2DK	0.142857142857143
TCGA-GM-A2DK:15:33359980:T	45	10	2	0	1	TCGA-GM-A2DK	0.181818181818182
TCGA-GM-A2DK:6:152560688:C	82	17	2	1	1	TCGA-GM-A2DK	0.171717171717172
