mutation_id	ref_counts	var_counts	normal_cn	minor_cn	major_cn	variant_case	variant_freq
TCGA-E2-A1LB:12:8998092:A	35	16	2	1	1	TCGA-E2-A1LB	0.313725490196078
TCGA-E2-A1LB:9:133729582:G	31	9	2	1	1	TCGA-E2-A1LB	0.225
TCGA-E2-A1LB:17:61557814:G	26	16	2	1	1	TCGA-E2-A1LB	0.380952380952381
TCGA-E2-A1LB:2:70905967:C	42	18	2	1	1	TCGA-E2-A1LB	0.3
TCGA-E2-A1LB:2:201682951:C	21	14	2	1	1	TCGA-E2-A1LB	0.4
TCGA-E2-A1LB:9:138714464:C	25	9	2	1	1	TCGA-E2-A1LB	0.264705882352941
TCGA-E2-A1LB:5:129520402:C	24	8	2	1	1	TCGA-E2-A1LB	0.25
TCGA-E2-A1LB:16:84888433:G	23	13	2	1	1	TCGA-E2-A1LB	0.361111111111111
TCGA-E2-A1LB:1:36297703:G	39	19	2	1	1	TCGA-E2-A1LB	0.327586206896552
TCGA-E2-A1LB:4:101396227:G	37	12	2	1	1	TCGA-E2-A1LB	0.244897959183673
TCGA-E2-A1LB:12:117387426:C	40	12	2	1	1	TCGA-E2-A1LB	0.230769230769231
TCGA-E2-A1LB:4:88723821:C	33	16	2	1	1	TCGA-E2-A1LB	0.326530612244898
TCGA-E2-A1LB:1:158985687:G	29	11	2	1	1	TCGA-E2-A1LB	0.275
TCGA-E2-A1LB:2:89976205:C	21	13	2	1	1	TCGA-E2-A1LB	0.382352941176471
TCGA-E2-A1LB:12:53227620:T	39	12	2	1	1	TCGA-E2-A1LB	0.235294117647059
TCGA-E2-A1LB:2:141806595:C	71	28	2	1	1	TCGA-E2-A1LB	0.282828282828283
TCGA-E2-A1LB:5:89814775:G	43	22	2	1	1	TCGA-E2-A1LB	0.338461538461538
TCGA-E2-A1LB:10:103563692:T	41	19	2	1	1	TCGA-E2-A1LB	0.316666666666667
TCGA-E2-A1LB:19:9076601:T	45	16	2	1	1	TCGA-E2-A1LB	0.262295081967213
TCGA-E2-A1LB:11:1016406:G	67	27	2	1	1	TCGA-E2-A1LB	0.287234042553192
TCGA-E2-A1LB:5:142680112:G	36	14	2	1	1	TCGA-E2-A1LB	0.28
TCGA-E2-A1LB:22:38509509:C	26	8	2	1	1	TCGA-E2-A1LB	0.235294117647059
TCGA-E2-A1LB:17:78318644:A	41	26	2	1	1	TCGA-E2-A1LB	0.388059701492537
TCGA-E2-A1LB:3:38647465:C	28	14	2	1	1	TCGA-E2-A1LB	0.333333333333333
TCGA-E2-A1LB:13:114154394:A	41	16	2	1	1	TCGA-E2-A1LB	0.280701754385965
TCGA-E2-A1LB:15:43701236:T	32	23	2	1	1	TCGA-E2-A1LB	0.418181818181818
TCGA-E2-A1LB:19:53453802:C	43	23	2	1	1	TCGA-E2-A1LB	0.348484848484849
