mutation_id	ref_counts	var_counts	normal_cn	minor_cn	major_cn	variant_case	variant_freq
TCGA-E9-A1RD:4:42145871:C	54	14	2	1	2	TCGA-E9-A1RD	0.205882352941176
TCGA-E9-A1RD:4:126336088:G	14	19	2	1	2	TCGA-E9-A1RD	0.575757575757576
TCGA-E9-A1RD:4:15629638:G	79	19	2	1	2	TCGA-E9-A1RD	0.193877551020408
TCGA-E9-A1RD:19:7141753:C	77	45	2	2	2	TCGA-E9-A1RD	0.368852459016393
TCGA-E9-A1RD:19:48967593:C	95	21	2	2	2	TCGA-E9-A1RD	0.181034482758621
TCGA-E9-A1RD:5:140745887:G	36	9	2	2	2	TCGA-E9-A1RD	0.2
TCGA-E9-A1RD:21:47808670:G	28	5	2	2	2	TCGA-E9-A1RD	0.151515151515152
TCGA-E9-A1RD:3:178936082:G	40	29	2	1	2	TCGA-E9-A1RD	0.420289855072464
TCGA-E9-A1RD:6:84233305:G	47	36	2	1	2	TCGA-E9-A1RD	0.433734939759036
TCGA-E9-A1RD:2:166152440:G	40	29	2	1	2	TCGA-E9-A1RD	0.420289855072464
TCGA-E9-A1RD:8:104419920:G	43	55	2	1	2	TCGA-E9-A1RD	0.561224489795918
TCGA-E9-A1RD:6:157739784:G	22	25	2	1	2	TCGA-E9-A1RD	0.531914893617021
TCGA-E9-A1RD:17:38556618:T	73	17	2	1	2	TCGA-E9-A1RD	0.188888888888889
TCGA-E9-A1RD:5:82850848:C	100	62	2	2	2	TCGA-E9-A1RD	0.382716049382716
TCGA-E9-A1RD:15:42713309:C	54	12	2	1	2	TCGA-E9-A1RD	0.181818181818182
TCGA-E9-A1RD:19:58386210:G	91	51	2	2	2	TCGA-E9-A1RD	0.359154929577465
TCGA-E9-A1RD:7:76126735:C	73	10	2	1	2	TCGA-E9-A1RD	0.120481927710843
