mutation_id	ref_counts	var_counts	normal_cn	minor_cn	major_cn	variant_case	variant_freq
TCGA-A2-A0CK:1:104116891:C	107	20	2	2	2	TCGA-A2-A0CK	0.15748031496063
TCGA-A2-A0CK:19:47823398:G	41	26	2	2	2	TCGA-A2-A0CK	0.388059701492537
TCGA-A2-A0CK:17:64880774:C	83	33	2	2	2	TCGA-A2-A0CK	0.28448275862069
TCGA-A2-A0CK:4:76517381:G	34	5	2	2	2	TCGA-A2-A0CK	0.128205128205128
TCGA-A2-A0CK:9:36246269:C	24	12	2	2	2	TCGA-A2-A0CK	0.333333333333333
TCGA-A2-A0CK:19:49490524:C	60	35	2	2	2	TCGA-A2-A0CK	0.368421052631579
TCGA-A2-A0CK:1:201177616:G	23	8	2	2	4	TCGA-A2-A0CK	0.258064516129032
TCGA-A2-A0CK:5:140764698:C	23	12	2	1	2	TCGA-A2-A0CK	0.342857142857143
TCGA-A2-A0CK:5:140866201:T	27	5	2	1	2	TCGA-A2-A0CK	0.15625
TCGA-A2-A0CK:12:57501977:G	26	14	2	2	2	TCGA-A2-A0CK	0.35
TCGA-A2-A0CK:5:14287160:A	36	18	2	2	2	TCGA-A2-A0CK	0.333333333333333
TCGA-A2-A0CK:9:109691404:C	21	13	2	2	2	TCGA-A2-A0CK	0.382352941176471
