mutation_id	ref_counts	var_counts	normal_cn	minor_cn	major_cn	variant_case	variant_freq
TCGA-AO-A1KP:2:100170901:G	40	36	2	1	1	TCGA-AO-A1KP	0.473684210526316
TCGA-AO-A1KP:4:177190238:G	36	34	2	1	1	TCGA-AO-A1KP	0.485714285714286
TCGA-AO-A1KP:5:79033437:G	22	9	2	1	1	TCGA-AO-A1KP	0.290322580645161
TCGA-AO-A1KP:17:76501415:T	33	27	2	1	1	TCGA-AO-A1KP	0.45
TCGA-AO-A1KP:8:95796032:T	117	63	2	1	4	TCGA-AO-A1KP	0.35
TCGA-AO-A1KP:1:206810308:A	101	122	2	1	2	TCGA-AO-A1KP	0.547085201793722
TCGA-AO-A1KP:4:48542474:A	35	36	2	1	1	TCGA-AO-A1KP	0.507042253521127
TCGA-AO-A1KP:1:10386254:A	6	49	2	0	1	TCGA-AO-A1KP	0.890909090909091
TCGA-AO-A1KP:21:31720857:C	60	47	2	1	1	TCGA-AO-A1KP	0.439252336448598
TCGA-AO-A1KP:18:6959369:C	37	19	2	1	1	TCGA-AO-A1KP	0.339285714285714
TCGA-AO-A1KP:4:146059245:C	26	23	2	1	1	TCGA-AO-A1KP	0.469387755102041
TCGA-AO-A1KP:2:130832835:C	37	34	2	1	1	TCGA-AO-A1KP	0.47887323943662
TCGA-AO-A1KP:1:205073004:G	155	58	2	1	2	TCGA-AO-A1KP	0.272300469483568
TCGA-AO-A1KP:12:100482869:G	30	41	2	1	1	TCGA-AO-A1KP	0.577464788732394
TCGA-AO-A1KP:12:7293852:G	29	27	2	0	1	TCGA-AO-A1KP	0.482142857142857
TCGA-AO-A1KP:3:195508115:T	764	137	2	1	1	TCGA-AO-A1KP	0.152053274139845
