mutation_id	ref_counts	var_counts	normal_cn	minor_cn	major_cn	variant_case	variant_freq
TCGA-75-6203:10:75550013:C	104	8	2	1	1	TCGA-75-6203	0.0714285714285714
TCGA-75-6203:11:55703528:G	36	11	2	2	2	TCGA-75-6203	0.234042553191489
TCGA-75-6203:11:92616397:G	116	17	2	2	2	TCGA-75-6203	0.12781954887218
TCGA-75-6203:14:21464765:G	48	8	2	2	2	TCGA-75-6203	0.142857142857143
TCGA-75-6203:14:105413949:G	191	36	2	2	2	TCGA-75-6203	0.158590308370044
TCGA-75-6203:15:33765678:G	55	9	2	1	1	TCGA-75-6203	0.140625
TCGA-75-6203:16:25175976:C	87	12	2	2	2	TCGA-75-6203	0.121212121212121
TCGA-75-6203:2:179600640:C	73	10	2	1	1	TCGA-75-6203	0.120481927710843
TCGA-75-6203:20:6022727:G	39	7	2	0	2	TCGA-75-6203	0.152173913043478
TCGA-75-6203:20:9546621:G	165	17	2	0	2	TCGA-75-6203	0.0934065934065934
TCGA-75-6203:3:35785377:C	110	9	2	1	1	TCGA-75-6203	0.0756302521008403
TCGA-75-6203:4:96163597:T	36	6	2	1	1	TCGA-75-6203	0.142857142857143
TCGA-75-6203:1:211092987:A	145	6	2	1	1	TCGA-75-6203	0.0397350993377483
