mutation_id	ref_counts	var_counts	normal_cn	minor_cn	major_cn	variant_case	variant_freq
TCGA-BH-A0GZ:1:201030559:C	32	9	2	1	2	TCGA-BH-A0GZ	0.219512195121951
TCGA-BH-A0GZ:2:65299971:G	60	21	2	1	1	TCGA-BH-A0GZ	0.259259259259259
TCGA-BH-A0GZ:15:48757774:C	141	59	2	1	1	TCGA-BH-A0GZ	0.295
TCGA-BH-A0GZ:2:48600495:A	72	38	2	1	1	TCGA-BH-A0GZ	0.345454545454545
TCGA-BH-A0GZ:1:170508668:C	111	39	2	1	2	TCGA-BH-A0GZ	0.26
TCGA-BH-A0GZ:2:152432783:G	93	34	2	1	1	TCGA-BH-A0GZ	0.267716535433071
TCGA-BH-A0GZ:15:85659299:A	145	68	2	1	1	TCGA-BH-A0GZ	0.31924882629108
TCGA-BH-A0GZ:2:170493412:A	120	71	2	1	1	TCGA-BH-A0GZ	0.371727748691099
TCGA-BH-A0GZ:8:53543057:C	26	16	2	1	1	TCGA-BH-A0GZ	0.380952380952381
TCGA-BH-A0GZ:3:150340928:G	69	37	2	1	1	TCGA-BH-A0GZ	0.349056603773585
TCGA-BH-A0GZ:17:35837018:G	225	109	2	1	1	TCGA-BH-A0GZ	0.326347305389222
TCGA-BH-A0GZ:7:122634847:G	217	107	2	1	1	TCGA-BH-A0GZ	0.330246913580247
TCGA-BH-A0GZ:12:8212541:G	188	62	2	1	1	TCGA-BH-A0GZ	0.248
TCGA-BH-A0GZ:20:2776476:G	35	7	2	1	1	TCGA-BH-A0GZ	0.166666666666667
TCGA-BH-A0GZ:10:101728874:C	91	32	2	1	1	TCGA-BH-A0GZ	0.260162601626016
TCGA-BH-A0GZ:17:1564332:G	81	11	2	1	1	TCGA-BH-A0GZ	0.119565217391304
TCGA-BH-A0GZ:3:47142959:G	271	115	2	1	1	TCGA-BH-A0GZ	0.297927461139896
TCGA-BH-A0GZ:2:190430090:A	110	14	2	1	1	TCGA-BH-A0GZ	0.112903225806452
TCGA-BH-A0GZ:1:161011928:G	137	22	2	1	2	TCGA-BH-A0GZ	0.138364779874214
TCGA-BH-A0GZ:14:75247171:C	170	151	2	0	1	TCGA-BH-A0GZ	0.470404984423676
