mutation_id	ref_counts	var_counts	normal_cn	minor_cn	major_cn	variant_case	variant_freq
TCGA-A1-A0SD:10:61834851:G	207	171	2	1	2	TCGA-A1-A0SD	0.452380952380952
TCGA-A1-A0SD:9:34564705:C	122	21	2	1	2	TCGA-A1-A0SD	0.146853146853147
TCGA-A1-A0SD:4:15067943:A	161	48	2	1	1	TCGA-A1-A0SD	0.229665071770335
TCGA-A1-A0SD:1:160210108:C	100	25	2	1	2	TCGA-A1-A0SD	0.2
TCGA-A1-A0SD:20:25755889:A	67	53	2	1	2	TCGA-A1-A0SD	0.441666666666667
TCGA-A1-A0SD:12:112622620:C	131	37	2	1	1	TCGA-A1-A0SD	0.220238095238095
TCGA-A1-A0SD:1:158054332:G	112	47	2	2	2	TCGA-A1-A0SD	0.29559748427673
TCGA-A1-A0SD:19:51329938:C	120	35	2	1	1	TCGA-A1-A0SD	0.225806451612903
TCGA-A1-A0SD:4:151821369:C	68	20	2	1	1	TCGA-A1-A0SD	0.227272727272727
TCGA-A1-A0SD:5:140209165:C	51	22	2	1	1	TCGA-A1-A0SD	0.301369863013699
TCGA-A1-A0SD:11:117063930:A	126	56	2	0	1	TCGA-A1-A0SD	0.307692307692308
TCGA-A1-A0SD:1:95293148:G	198	69	2	1	1	TCGA-A1-A0SD	0.258426966292135
TCGA-A1-A0SD:17:33884688:G	45	17	2	1	1	TCGA-A1-A0SD	0.274193548387097
TCGA-A1-A0SD:2:220479255:G	199	62	2	1	1	TCGA-A1-A0SD	0.237547892720307
TCGA-A1-A0SD:6:152763259:G	72	20	2	1	1	TCGA-A1-A0SD	0.217391304347826
TCGA-A1-A0SD:15:53907842:A	57	20	2	1	1	TCGA-A1-A0SD	0.25974025974026
TCGA-A1-A0SD:11:58381738:T	82	45	2	0	1	TCGA-A1-A0SD	0.354330708661417
TCGA-A1-A0SD:19:58773290:G	125	40	2	1	1	TCGA-A1-A0SD	0.242424242424242
TCGA-A1-A0SD:12:53581370:T	119	43	2	1	1	TCGA-A1-A0SD	0.265432098765432
TCGA-A1-A0SD:20:23420938:C	160	21	2	1	2	TCGA-A1-A0SD	0.116022099447514
TCGA-A1-A0SD:2:170070247:T	171	22	2	1	1	TCGA-A1-A0SD	0.113989637305699
