mutation_id	ref_counts	var_counts	normal_cn	minor_cn	major_cn	variant_case	variant_freq
TCGA-AR-A24M:16:2345722:C	25	7	2	1	1	TCGA-AR-A24M	0.21875
TCGA-AR-A24M:3:121416508:C	35	28	2	1	2	TCGA-AR-A24M	0.444444444444444
TCGA-AR-A24M:1:41220042:C	30	11	2	1	1	TCGA-AR-A24M	0.268292682926829
TCGA-AR-A24M:11:94209462:G	29	19	2	1	1	TCGA-AR-A24M	0.395833333333333
TCGA-AR-A24M:3:178936082:G	45	33	2	1	2	TCGA-AR-A24M	0.423076923076923
TCGA-AR-A24M:5:67590467:A	30	16	2	1	1	TCGA-AR-A24M	0.347826086956522
TCGA-AR-A24M:1:242383361:A	50	9	2	1	4	TCGA-AR-A24M	0.152542372881356
TCGA-AR-A24M:1:45270401:C	25	15	2	1	1	TCGA-AR-A24M	0.375
TCGA-AR-A24M:3:140675496:A	24	18	2	1	2	TCGA-AR-A24M	0.428571428571429
TCGA-AR-A24M:2:1094038:G	50	26	2	1	1	TCGA-AR-A24M	0.342105263157895
TCGA-AR-A24M:4:154191510:A	21	17	2	1	1	TCGA-AR-A24M	0.447368421052632
TCGA-AR-A24M:14:38277943:T	35	19	2	1	2	TCGA-AR-A24M	0.351851851851852
TCGA-AR-A24M:5:16463793:G	40	17	2	1	1	TCGA-AR-A24M	0.298245614035088
