mutation_id	ref_counts	var_counts	normal_cn	minor_cn	major_cn	variant_case	variant_freq
TCGA-BH-A28Q:14:105695168:C	46	22	2	1	1	TCGA-BH-A28Q	0.323529411764706
TCGA-BH-A28Q:10:90966611:G	21	15	2	1	1	TCGA-BH-A28Q	0.416666666666667
TCGA-BH-A28Q:1:241798530:T	152	55	2	1	3	TCGA-BH-A28Q	0.265700483091787
TCGA-BH-A28Q:1:153941846:G	50	35	2	1	3	TCGA-BH-A28Q	0.411764705882353
TCGA-BH-A28Q:17:27903567:G	27	14	2	1	1	TCGA-BH-A28Q	0.341463414634146
TCGA-BH-A28Q:14:77767528:C	20	14	2	1	1	TCGA-BH-A28Q	0.411764705882353
TCGA-BH-A28Q:1:237813233:C	63	15	2	1	3	TCGA-BH-A28Q	0.192307692307692
TCGA-BH-A28Q:11:61977888:C	35	9	2	1	2	TCGA-BH-A28Q	0.204545454545455
TCGA-BH-A28Q:14:100793545:C	31	19	2	1	1	TCGA-BH-A28Q	0.38
TCGA-BH-A28Q:22:22318370:G	42	15	2	1	1	TCGA-BH-A28Q	0.263157894736842
TCGA-BH-A28Q:2:219609846:T	56	33	2	1	1	TCGA-BH-A28Q	0.370786516853933
TCGA-BH-A28Q:10:99359502:G	28	6	2	1	1	TCGA-BH-A28Q	0.176470588235294
TCGA-BH-A28Q:6:117642471:G	33	6	2	0	1	TCGA-BH-A28Q	0.153846153846154
TCGA-BH-A28Q:1:216172264:C	78	32	2	1	3	TCGA-BH-A28Q	0.290909090909091
