mutation_id	ref_counts	var_counts	normal_cn	minor_cn	major_cn	variant_case	variant_freq
TCGA-BH-A28O:1:42620392:G	33	6	2	1	1	TCGA-BH-A28O	0.153846153846154
TCGA-BH-A28O:16:31366564:G	33	6	2	1	1	TCGA-BH-A28O	0.153846153846154
TCGA-BH-A28O:1:7890064:A	26	5	2	1	1	TCGA-BH-A28O	0.161290322580645
TCGA-BH-A28O:3:39374594:C	65	8	2	1	1	TCGA-BH-A28O	0.10958904109589
TCGA-BH-A28O:12:40758829:G	48	7	2	1	1	TCGA-BH-A28O	0.127272727272727
TCGA-BH-A28O:2:209215532:C	46	7	2	1	1	TCGA-BH-A28O	0.132075471698113
TCGA-BH-A28O:3:187416513:G	30	5	2	1	1	TCGA-BH-A28O	0.142857142857143
TCGA-BH-A28O:3:195404649:A	37	5	2	1	1	TCGA-BH-A28O	0.119047619047619
