mutation_id	ref_counts	var_counts	normal_cn	minor_cn	major_cn	variant_case	variant_freq
TCGA-AR-A2LL:17:67029972:C	88	26	2	2	5	TCGA-AR-A2LL	0.228070175438596
TCGA-AR-A2LL:14:57949847:G	91	33	2	1	2	TCGA-AR-A2LL	0.266129032258065
TCGA-AR-A2LL:1:160654790:C	95	55	2	2	6	TCGA-AR-A2LL	0.366666666666667
TCGA-AR-A2LL:4:10515108:G	58	58	2	2	2	TCGA-AR-A2LL	0.5
TCGA-AR-A2LL:19:1978327:T	25	8	2	1	2	TCGA-AR-A2LL	0.242424242424242
TCGA-AR-A2LL:19:40377034:G	31	6	2	1	2	TCGA-AR-A2LL	0.162162162162162
TCGA-AR-A2LL:9:85905548:C	57	42	2	2	2	TCGA-AR-A2LL	0.424242424242424
TCGA-AR-A2LL:4:89338639:G	83	18	2	2	3	TCGA-AR-A2LL	0.178217821782178
TCGA-AR-A2LL:6:79577396:C	17	15	2	2	2	TCGA-AR-A2LL	0.46875
TCGA-AR-A2LL:2:173362764:T	146	80	2	2	2	TCGA-AR-A2LL	0.353982300884956
TCGA-AR-A2LL:16:31282377:T	51	30	2	2	3	TCGA-AR-A2LL	0.37037037037037
TCGA-AR-A2LL:3:126070862:C	39	34	2	2	2	TCGA-AR-A2LL	0.465753424657534
TCGA-AR-A2LL:2:171509542:C	63	31	2	2	2	TCGA-AR-A2LL	0.329787234042553
TCGA-AR-A2LL:11:3723746:C	36	20	2	1	1	TCGA-AR-A2LL	0.357142857142857
TCGA-AR-A2LL:10:89692886:T	28	27	2	0	2	TCGA-AR-A2LL	0.490909090909091
TCGA-AR-A2LL:2:173891911:G	33	10	2	2	2	TCGA-AR-A2LL	0.232558139534884
TCGA-AR-A2LL:5:130825308:A	55	35	2	2	3	TCGA-AR-A2LL	0.388888888888889
TCGA-AR-A2LL:20:1460499:G	75	19	2	2	2	TCGA-AR-A2LL	0.202127659574468
TCGA-AR-A2LL:18:8784388:G	25	5	2	1	2	TCGA-AR-A2LL	0.166666666666667
TCGA-AR-A2LL:13:19748238:C	36	23	2	1	1	TCGA-AR-A2LL	0.389830508474576
TCGA-AR-A2LL:14:100847946:T	30	9	2	1	2	TCGA-AR-A2LL	0.230769230769231
TCGA-AR-A2LL:11:56086657:G	49	6	2	1	2	TCGA-AR-A2LL	0.109090909090909
