mutation_id	ref_counts	var_counts	normal_cn	minor_cn	major_cn	variant_case	variant_freq
TCGA-BH-A1FJ:12:81627233:G	96	81	2	1	1	TCGA-BH-A1FJ	0.457627118644068
TCGA-BH-A1FJ:19:50302103:G	22	21	2	1	1	TCGA-BH-A1FJ	0.488372093023256
TCGA-BH-A1FJ:8:86242048:A	49	28	2	1	1	TCGA-BH-A1FJ	0.363636363636364
TCGA-BH-A1FJ:3:86115884:C	40	34	2	1	1	TCGA-BH-A1FJ	0.459459459459459
TCGA-BH-A1FJ:17:37618580:G	30	24	2	1	1	TCGA-BH-A1FJ	0.444444444444444
TCGA-BH-A1FJ:7:147183037:A	76	64	2	1	1	TCGA-BH-A1FJ	0.457142857142857
TCGA-BH-A1FJ:3:57443861:G	56	44	2	1	1	TCGA-BH-A1FJ	0.44
TCGA-BH-A1FJ:19:5832191:G	28	19	2	1	1	TCGA-BH-A1FJ	0.404255319148936
TCGA-BH-A1FJ:3:50289959:C	26	17	2	1	1	TCGA-BH-A1FJ	0.395348837209302
TCGA-BH-A1FJ:19:9000557:G	109	87	2	1	1	TCGA-BH-A1FJ	0.443877551020408
TCGA-BH-A1FJ:1:182569531:G	198	50	2	1	4	TCGA-BH-A1FJ	0.201612903225806
TCGA-BH-A1FJ:1:152127447:C	884	233	2	1	4	TCGA-BH-A1FJ	0.208594449418084
TCGA-BH-A1FJ:19:5641894:G	36	18	2	1	1	TCGA-BH-A1FJ	0.333333333333333
TCGA-BH-A1FJ:5:34863073:G	64	41	2	1	1	TCGA-BH-A1FJ	0.39047619047619
TCGA-BH-A1FJ:15:43658586:C	47	39	2	1	1	TCGA-BH-A1FJ	0.453488372093023
TCGA-BH-A1FJ:6:56333793:A	43	7	2	1	1	TCGA-BH-A1FJ	0.14
TCGA-BH-A1FJ:2:70527971:C	42	9	2	1	1	TCGA-BH-A1FJ	0.176470588235294
TCGA-BH-A1FJ:3:128706484:G	111	30	2	1	1	TCGA-BH-A1FJ	0.212765957446809
TCGA-BH-A1FJ:11:26586728:C	154	34	2	1	1	TCGA-BH-A1FJ	0.180851063829787
TCGA-BH-A1FJ:19:43430738:G	217	62	2	1	1	TCGA-BH-A1FJ	0.222222222222222
