mutation_id	ref_counts	var_counts	normal_cn	minor_cn	major_cn	variant_case	variant_freq
TCGA-BH-A0BM:3:64554073:G	35	16	2	1	1	TCGA-BH-A0BM	0.313725490196078
TCGA-BH-A0BM:8:2830770:C	92	44	2	1	1	TCGA-BH-A0BM	0.323529411764706
TCGA-BH-A0BM:2:67631500:T	93	39	2	1	1	TCGA-BH-A0BM	0.295454545454545
TCGA-BH-A0BM:1:152188277:G	34	9	2	1	2	TCGA-BH-A0BM	0.209302325581395
TCGA-BH-A0BM:17:39645738:C	49	25	2	1	1	TCGA-BH-A0BM	0.337837837837838
TCGA-BH-A0BM:17:33463230:C	69	28	2	1	1	TCGA-BH-A0BM	0.288659793814433
TCGA-BH-A0BM:3:178921553:T	60	38	2	1	1	TCGA-BH-A0BM	0.387755102040816
TCGA-BH-A0BM:8:95384609:G	48	22	2	1	1	TCGA-BH-A0BM	0.314285714285714
TCGA-BH-A0BM:6:33260312:G	32	10	2	1	1	TCGA-BH-A0BM	0.238095238095238
TCGA-BH-A0BM:3:128356884:C	39	26	2	1	1	TCGA-BH-A0BM	0.4
TCGA-BH-A0BM:2:160031601:A	80	28	2	1	1	TCGA-BH-A0BM	0.259259259259259
TCGA-BH-A0BM:12:117494613:G	27	9	2	1	1	TCGA-BH-A0BM	0.25
TCGA-BH-A0BM:9:135797350:C	106	42	2	1	1	TCGA-BH-A0BM	0.283783783783784
TCGA-BH-A0BM:12:76793679:C	60	13	2	1	1	TCGA-BH-A0BM	0.178082191780822
TCGA-BH-A0BM:10:95720929:C	114	16	2	1	1	TCGA-BH-A0BM	0.123076923076923
