mutation_id	ref_counts	var_counts	normal_cn	minor_cn	major_cn	variant_case	variant_freq
TCGA-BH-A18M:4:100340221:G	104	31	2	1	1	TCGA-BH-A18M	0.22962962962963
TCGA-BH-A18M:13:43930084:T	33	7	2	1	1	TCGA-BH-A18M	0.175
TCGA-BH-A18M:3:13671349:C	34	5	2	1	1	TCGA-BH-A18M	0.128205128205128
TCGA-BH-A18M:1:248813454:G	151	21	2	1	3	TCGA-BH-A18M	0.122093023255814
TCGA-BH-A18M:1:230492718:G	91	12	2	1	3	TCGA-BH-A18M	0.116504854368932
TCGA-BH-A18M:5:130970657:C	87	16	2	1	2	TCGA-BH-A18M	0.155339805825243
TCGA-BH-A18M:12:6091157:G	46	11	2	1	1	TCGA-BH-A18M	0.192982456140351
TCGA-BH-A18M:5:56178571:G	148	19	2	1	2	TCGA-BH-A18M	0.11377245508982
