mutation_id	ref_counts	var_counts	normal_cn	minor_cn	major_cn	variant_case	variant_freq
TCGA-A7-A26J:11:72091420:T	44	6	2	1	3	TCGA-A7-A26J	0.12
TCGA-A7-A26J:13:36424764:A	55	31	2	1	1	TCGA-A7-A26J	0.36046511627907
TCGA-A7-A26J:14:75352289:G	34	25	2	1	1	TCGA-A7-A26J	0.423728813559322
TCGA-A7-A26J:2:116101439:C	35	12	2	1	1	TCGA-A7-A26J	0.25531914893617
TCGA-A7-A26J:16:1961621:C	32	5	2	1	2	TCGA-A7-A26J	0.135135135135135
TCGA-A7-A26J:11:59861502:C	36	29	2	1	3	TCGA-A7-A26J	0.446153846153846
TCGA-A7-A26J:17:73586046:C	35	10	2	1	2	TCGA-A7-A26J	0.222222222222222
TCGA-A7-A26J:1:16892277:G	22	11	2	0	2	TCGA-A7-A26J	0.333333333333333
TCGA-A7-A26J:1:58946709:C	29	50	2	0	2	TCGA-A7-A26J	0.632911392405063
TCGA-A7-A26J:5:141244045:G	30	6	2	1	2	TCGA-A7-A26J	0.166666666666667
TCGA-A7-A26J:1:12939782:A	39	12	2	0	2	TCGA-A7-A26J	0.235294117647059
TCGA-A7-A26J:3:77611806:C	37	27	2	1	1	TCGA-A7-A26J	0.421875
TCGA-A7-A26J:12:129566436:C	95	114	2	1	2	TCGA-A7-A26J	0.545454545454545
TCGA-A7-A26J:20:42683025:G	29	17	2	1	2	TCGA-A7-A26J	0.369565217391304
TCGA-A7-A26J:17:6338271:C	139	19	2	1	2	TCGA-A7-A26J	0.120253164556962
TCGA-A7-A26J:17:59465991:G	43	6	2	1	2	TCGA-A7-A26J	0.122448979591837
TCGA-A7-A26J:20:2796188:G	35	5	2	1	2	TCGA-A7-A26J	0.125
TCGA-A7-A26J:3:138669374:G	46	6	2	1	1	TCGA-A7-A26J	0.115384615384615
TCGA-A7-A26J:12:39079360:G	57	8	2	1	2	TCGA-A7-A26J	0.123076923076923
TCGA-A7-A26J:3:58084492:C	53	7	2	1	1	TCGA-A7-A26J	0.116666666666667
TCGA-A7-A26J:6:32489813:G	49	13	2	1	1	TCGA-A7-A26J	0.209677419354839
TCGA-A7-A26J:6:52884080:A	73	11	2	1	2	TCGA-A7-A26J	0.130952380952381
TCGA-A7-A26J:15:42132397:G	117	13	2	1	1	TCGA-A7-A26J	0.1
TCGA-A7-A26J:21:46048138:C	65	12	2	1	1	TCGA-A7-A26J	0.155844155844156
TCGA-A7-A26J:9:20414379:G	48	7	2	1	1	TCGA-A7-A26J	0.127272727272727
TCGA-A7-A26J:17:78307961:C	135	24	2	1	2	TCGA-A7-A26J	0.150943396226415
TCGA-A7-A26J:15:59209183:G	45	6	2	1	1	TCGA-A7-A26J	0.117647058823529
TCGA-A7-A26J:14:91931754:C	53	14	2	1	1	TCGA-A7-A26J	0.208955223880597
TCGA-A7-A26J:16:2810336:G	42	5	2	1	2	TCGA-A7-A26J	0.106382978723404
TCGA-A7-A26J:15:91493412:C	37	5	2	1	1	TCGA-A7-A26J	0.119047619047619
TCGA-A7-A26J:17:33486463:G	34	5	2	1	2	TCGA-A7-A26J	0.128205128205128
TCGA-A7-A26J:19:44891003:G	74	9	2	1	1	TCGA-A7-A26J	0.108433734939759
