mutation_id	ref_counts	var_counts	normal_cn	minor_cn	major_cn	variant_case	variant_freq
TCGA-A8-A07G:1:19612756:G	53	16	2	0	1	TCGA-A8-A07G	0.231884057971014
TCGA-A8-A07G:3:122003481:G	53	18	2	1	2	TCGA-A8-A07G	0.253521126760563
TCGA-A8-A07G:14:21871620:G	43	14	2	1	1	TCGA-A8-A07G	0.245614035087719
TCGA-A8-A07G:11:117375739:C	111	66	2	1	1	TCGA-A8-A07G	0.372881355932203
TCGA-A8-A07G:4:48542836:T	113	41	2	1	1	TCGA-A8-A07G	0.266233766233766
TCGA-A8-A07G:7:26233303:C	109	27	2	1	1	TCGA-A8-A07G	0.198529411764706
TCGA-A8-A07G:19:39759482:G	132	31	2	1	1	TCGA-A8-A07G	0.190184049079755
TCGA-A8-A07G:20:49621081:C	51	16	2	0	3	TCGA-A8-A07G	0.238805970149254
TCGA-A8-A07G:1:232940798:G	103	18	2	3	6	TCGA-A8-A07G	0.148760330578512
TCGA-A8-A07G:4:55565832:C	205	57	2	1	1	TCGA-A8-A07G	0.217557251908397
TCGA-A8-A07G:12:52867484:C	32	13	2	1	1	TCGA-A8-A07G	0.288888888888889
TCGA-A8-A07G:17:41888564:C	137	36	2	1	1	TCGA-A8-A07G	0.208092485549133
TCGA-A8-A07G:11:92714860:C	267	49	2	1	2	TCGA-A8-A07G	0.15506329113924
TCGA-A8-A07G:14:20528300:C	117	47	2	1	1	TCGA-A8-A07G	0.286585365853659
TCGA-A8-A07G:3:178952085:A	96	194	2	1	7	TCGA-A8-A07G	0.668965517241379
TCGA-A8-A07G:1:186925327:C	232	43	2	1	2	TCGA-A8-A07G	0.156363636363636
TCGA-A8-A07G:7:53103840:G	33	11	2	1	1	TCGA-A8-A07G	0.25
TCGA-A8-A07G:1:152128071:G	814	638	2	1	2	TCGA-A8-A07G	0.439393939393939
TCGA-A8-A07G:2:7018164:A	206	84	2	1	1	TCGA-A8-A07G	0.289655172413793
TCGA-A8-A07G:15:49148314:C	116	45	2	1	1	TCGA-A8-A07G	0.279503105590062
TCGA-A8-A07G:14:65253821:G	17	13	2	1	2	TCGA-A8-A07G	0.433333333333333
TCGA-A8-A07G:16:52473645:G	264	83	2	1	1	TCGA-A8-A07G	0.239193083573487
TCGA-A8-A07G:2:1546242:T	90	33	2	1	1	TCGA-A8-A07G	0.268292682926829
TCGA-A8-A07G:10:43287948:G	226	58	2	0	1	TCGA-A8-A07G	0.204225352112676
TCGA-A8-A07G:5:35921198:G	125	16	2	0	1	TCGA-A8-A07G	0.113475177304965
TCGA-A8-A07G:9:289557:G	392	136	2	0	1	TCGA-A8-A07G	0.257575757575758
TCGA-A8-A07G:9:130605384:C	105	19	2	0	1	TCGA-A8-A07G	0.153225806451613
TCGA-A8-A07G:10:87407077:C	128	20	2	1	1	TCGA-A8-A07G	0.135135135135135
TCGA-A8-A07G:7:126173066:G	110	14	2	0	1	TCGA-A8-A07G	0.112903225806452
TCGA-A8-A07G:15:64995230:G	235	41	2	1	1	TCGA-A8-A07G	0.148550724637681
TCGA-A8-A07G:11:6023911:C	219	75	2	0	1	TCGA-A8-A07G	0.255102040816327
TCGA-A8-A07G:5:140730761:G	100	14	2	1	2	TCGA-A8-A07G	0.12280701754386
TCGA-A8-A07G:19:362223:C	259	31	2	1	1	TCGA-A8-A07G	0.106896551724138
TCGA-A8-A07G:12:108604055:C	43	7	2	1	1	TCGA-A8-A07G	0.14
