mutation_id	ref_counts	var_counts	normal_cn	minor_cn	major_cn	variant_case	variant_freq
TCGA-A2-A1FZ:18:71797870:G	31	11	2	1	1	TCGA-A2-A1FZ	0.261904761904762
TCGA-A2-A1FZ:11:128628222:G	25	7	2	1	1	TCGA-A2-A1FZ	0.21875
TCGA-A2-A1FZ:11:71906691:C	26	10	2	1	1	TCGA-A2-A1FZ	0.277777777777778
TCGA-A2-A1FZ:17:66420616:C	28	12	2	1	1	TCGA-A2-A1FZ	0.3
TCGA-A2-A1FZ:6:135511266:T	28	5	2	1	1	TCGA-A2-A1FZ	0.151515151515152
TCGA-A2-A1FZ:12:69135710:T	33	12	2	1	1	TCGA-A2-A1FZ	0.266666666666667
TCGA-A2-A1FZ:3:178952085:A	28	21	2	1	3	TCGA-A2-A1FZ	0.428571428571429
TCGA-A2-A1FZ:17:17106185:G	43	10	2	1	1	TCGA-A2-A1FZ	0.188679245283019
TCGA-A2-A1FZ:10:62671216:G	34	15	2	1	1	TCGA-A2-A1FZ	0.306122448979592
TCGA-A2-A1FZ:14:45465069:G	49	10	2	1	1	TCGA-A2-A1FZ	0.169491525423729
TCGA-A2-A1FZ:1:52227617:A	30	5	2	1	1	TCGA-A2-A1FZ	0.142857142857143
