mutation_id	ref_counts	var_counts	normal_cn	minor_cn	major_cn	variant_case	variant_freq
TCGA-AR-A1AX:2:129025860:C	29	5	2	1	1	TCGA-AR-A1AX	0.147058823529412
TCGA-AR-A1AX:19:47204110:T	57	14	2	1	1	TCGA-AR-A1AX	0.197183098591549
TCGA-AR-A1AX:5:112177283:G	202	27	2	1	1	TCGA-AR-A1AX	0.117903930131004
TCGA-AR-A1AX:11:104915136:G	327	42	2	1	1	TCGA-AR-A1AX	0.113821138211382
TCGA-AR-A1AX:1:44137307:C	216	24	2	1	1	TCGA-AR-A1AX	0.1
TCGA-AR-A1AX:3:33855109:C	241	28	2	1	1	TCGA-AR-A1AX	0.104089219330855
TCGA-AR-A1AX:20:58322833:G	269	31	2	1	1	TCGA-AR-A1AX	0.103333333333333
TCGA-AR-A1AX:2:107041128:G	177	30	2	1	1	TCGA-AR-A1AX	0.144927536231884
TCGA-AR-A1AX:19:15063812:A	69	13	2	1	1	TCGA-AR-A1AX	0.158536585365854
TCGA-AR-A1AX:14:64557671:A	80	11	2	0	1	TCGA-AR-A1AX	0.120879120879121
TCGA-AR-A1AX:19:36673496:G	263	33	2	1	1	TCGA-AR-A1AX	0.111486486486486
