mutation_id	ref_counts	var_counts	normal_cn	minor_cn	major_cn	variant_case	variant_freq
TCGA-A7-A3RF:19:47725123:T	49	32	2	1	1	TCGA-A7-A3RF	0.395061728395062
TCGA-A7-A3RF:11:122805129:A	31	20	2	1	1	TCGA-A7-A3RF	0.392156862745098
TCGA-A7-A3RF:12:7303269:A	19	15	2	1	1	TCGA-A7-A3RF	0.441176470588235
TCGA-A7-A3RF:13:111143635:G	18	13	2	1	1	TCGA-A7-A3RF	0.419354838709677
TCGA-A7-A3RF:1:34011768:C	22	13	2	1	1	TCGA-A7-A3RF	0.371428571428571
TCGA-A7-A3RF:8:130789734:G	31	15	2	1	1	TCGA-A7-A3RF	0.326086956521739
TCGA-A7-A3RF:16:314108:G	33	23	2	1	1	TCGA-A7-A3RF	0.410714285714286
TCGA-A7-A3RF:1:232943640:T	18	12	2	1	1	TCGA-A7-A3RF	0.4
TCGA-A7-A3RF:3:108298527:C	25	21	2	1	1	TCGA-A7-A3RF	0.456521739130435
TCGA-A7-A3RF:1:233512266:C	30	20	2	1	1	TCGA-A7-A3RF	0.4
TCGA-A7-A3RF:17:17907781:G	32	14	2	1	1	TCGA-A7-A3RF	0.304347826086957
TCGA-A7-A3RF:7:151879136:G	26	18	2	1	1	TCGA-A7-A3RF	0.409090909090909
TCGA-A7-A3RF:1:161042511:G	41	28	2	1	1	TCGA-A7-A3RF	0.405797101449275
TCGA-A7-A3RF:17:61562387:C	28	5	2	1	1	TCGA-A7-A3RF	0.151515151515152
TCGA-A7-A3RF:2:46574117:C	30	5	2	1	1	TCGA-A7-A3RF	0.142857142857143
TCGA-A7-A3RF:12:51758037:A	114	15	2	1	1	TCGA-A7-A3RF	0.116279069767442
TCGA-A7-A3RF:6:143075010:C	49	7	2	1	1	TCGA-A7-A3RF	0.125
TCGA-A7-A3RF:19:39336615:G	60	7	2	1	1	TCGA-A7-A3RF	0.104477611940299
TCGA-A7-A3RF:17:74324845:G	38	5	2	1	1	TCGA-A7-A3RF	0.116279069767442
TCGA-A7-A3RF:1:44877815:C	50	10	2	1	1	TCGA-A7-A3RF	0.166666666666667
TCGA-A7-A3RF:15:41828343:C	28	5	2	1	1	TCGA-A7-A3RF	0.151515151515152
TCGA-A7-A3RF:2:110107366:C	27	5	2	1	1	TCGA-A7-A3RF	0.15625
TCGA-A7-A3RF:1:153122539:A	99	30	2	1	1	TCGA-A7-A3RF	0.232558139534884
TCGA-A7-A3RF:1:216390733:G	31	5	2	1	1	TCGA-A7-A3RF	0.138888888888889
TCGA-A7-A3RF:2:61484057:T	49	10	2	1	1	TCGA-A7-A3RF	0.169491525423729
