mutation_id	ref_counts	var_counts	normal_cn	minor_cn	major_cn	variant_case	variant_freq
TCGA-D8-A1XF:2:204291989:G	8	74	2	0	3	TCGA-D8-A1XF	0.902439024390244
TCGA-D8-A1XF:22:29727809:C	19	11	2	1	2	TCGA-D8-A1XF	0.366666666666667
TCGA-D8-A1XF:16:57921789:C	15	23	2	2	2	TCGA-D8-A1XF	0.605263157894737
TCGA-D8-A1XF:8:13356703:C	15	75	2	0	3	TCGA-D8-A1XF	0.833333333333333
TCGA-D8-A1XF:3:51263178:C	58	22	2	1	2	TCGA-D8-A1XF	0.275
TCGA-D8-A1XF:1:152278000:C	91	15	2	2	3	TCGA-D8-A1XF	0.141509433962264
TCGA-D8-A1XF:1:152192762:C	67	17	2	2	3	TCGA-D8-A1XF	0.202380952380952
TCGA-D8-A1XF:1:152193765:C	146	35	2	2	3	TCGA-D8-A1XF	0.193370165745856
TCGA-D8-A1XF:6:24581158:C	39	11	2	1	2	TCGA-D8-A1XF	0.22
TCGA-D8-A1XF:19:9058138:C	34	10	2	1	2	TCGA-D8-A1XF	0.227272727272727
TCGA-D8-A1XF:12:76791544:C	66	24	2	1	2	TCGA-D8-A1XF	0.266666666666667
TCGA-D8-A1XF:10:103897671:T	17	14	2	0	2	TCGA-D8-A1XF	0.451612903225806
TCGA-D8-A1XF:1:203452389:C	24	7	2	2	3	TCGA-D8-A1XF	0.225806451612903
TCGA-D8-A1XF:20:45228668:G	68	22	2	2	2	TCGA-D8-A1XF	0.244444444444444
TCGA-D8-A1XF:11:66457401:C	6	30	2	0	2	TCGA-D8-A1XF	0.833333333333333
TCGA-D8-A1XF:4:118005644:C	61	16	2	2	2	TCGA-D8-A1XF	0.207792207792208
TCGA-D8-A1XF:8:77764795:A	32	29	2	3	5	TCGA-D8-A1XF	0.475409836065574
TCGA-D8-A1XF:5:34909405:T	22	9	2	0	1	TCGA-D8-A1XF	0.290322580645161
