mutation_id	ref_counts	var_counts	normal_cn	minor_cn	major_cn	variant_case	variant_freq
TCGA-BH-A0E1:2:21236250:C	198	105	2	1	1	TCGA-BH-A0E1	0.346534653465347
TCGA-BH-A0E1:1:162731228:G	183	40	2	1	3	TCGA-BH-A0E1	0.179372197309417
TCGA-BH-A0E1:3:185985540:C	69	29	2	1	1	TCGA-BH-A0E1	0.295918367346939
TCGA-BH-A0E1:7:158552764:C	108	44	2	1	1	TCGA-BH-A0E1	0.289473684210526
TCGA-BH-A0E1:15:68631959:G	22	11	2	1	1	TCGA-BH-A0E1	0.333333333333333
TCGA-BH-A0E1:12:52940265:G	18	15	2	1	1	TCGA-BH-A0E1	0.454545454545455
TCGA-BH-A0E1:16:30129759:G	24	14	2	1	1	TCGA-BH-A0E1	0.368421052631579
TCGA-BH-A0E1:12:6630248:C	48	17	2	1	1	TCGA-BH-A0E1	0.261538461538462
TCGA-BH-A0E1:11:55872938:C	327	155	2	1	1	TCGA-BH-A0E1	0.321576763485477
TCGA-BH-A0E1:1:36915874:C	24	16	2	1	1	TCGA-BH-A0E1	0.4
TCGA-BH-A0E1:1:233344363:C	217	62	2	1	3	TCGA-BH-A0E1	0.222222222222222
TCGA-BH-A0E1:4:23814725:C	159	79	2	1	1	TCGA-BH-A0E1	0.331932773109244
TCGA-BH-A0E1:2:110301779:A	31	16	2	1	1	TCGA-BH-A0E1	0.340425531914894
TCGA-BH-A0E1:1:173886366:G	120	25	2	1	3	TCGA-BH-A0E1	0.172413793103448
TCGA-BH-A0E1:6:100897266:G	17	13	2	1	1	TCGA-BH-A0E1	0.433333333333333
TCGA-BH-A0E1:17:41368593:T	124	77	2	1	1	TCGA-BH-A0E1	0.383084577114428
TCGA-BH-A0E1:1:19468234:C	96	53	2	1	1	TCGA-BH-A0E1	0.355704697986577
TCGA-BH-A0E1:1:161127913:G	93	16	2	1	3	TCGA-BH-A0E1	0.146788990825688
TCGA-BH-A0E1:17:8064834:G	28	16	2	1	1	TCGA-BH-A0E1	0.363636363636364
TCGA-BH-A0E1:6:33284027:C	22	15	2	1	1	TCGA-BH-A0E1	0.405405405405405
TCGA-BH-A0E1:2:29917810:C	99	34	2	1	1	TCGA-BH-A0E1	0.255639097744361
TCGA-BH-A0E1:12:6702280:G	184	81	2	1	1	TCGA-BH-A0E1	0.305660377358491
TCGA-BH-A0E1:14:77948868:T	51	10	2	1	1	TCGA-BH-A0E1	0.163934426229508
TCGA-BH-A0E1:6:151247259:G	112	42	2	1	1	TCGA-BH-A0E1	0.272727272727273
TCGA-BH-A0E1:12:10978407:A	189	31	2	1	1	TCGA-BH-A0E1	0.140909090909091
TCGA-BH-A0E1:5:82352947:C	100	28	2	1	1	TCGA-BH-A0E1	0.21875
TCGA-BH-A0E1:8:100520093:T	184	25	2	1	1	TCGA-BH-A0E1	0.119617224880383
