mutation_id	ref_counts	var_counts	normal_cn	minor_cn	major_cn	variant_case	variant_freq
TCGA-86-8075:1:115828996:C	55	20	2	2	2	TCGA-86-8075	0.266666666666667
TCGA-86-8075:10:108412209:T	55	7	2	1	2	TCGA-86-8075	0.112903225806452
TCGA-86-8075:11:8751568:G	172	17	2	2	2	TCGA-86-8075	0.0899470899470899
TCGA-86-8075:11:43876764:G	51	9	2	2	2	TCGA-86-8075	0.15
TCGA-86-8075:11:51515710:G	120	12	2	2	2	TCGA-86-8075	0.0909090909090909
TCGA-86-8075:11:66637825:T	36	18	2	2	2	TCGA-86-8075	0.333333333333333
TCGA-86-8075:11:66637828:A	38	18	2	2	2	TCGA-86-8075	0.321428571428571
TCGA-86-8075:14:21052296:G	34	12	2	0	5	TCGA-86-8075	0.260869565217391
TCGA-86-8075:15:25602039:C	43	5	2	0	3	TCGA-86-8075	0.104166666666667
TCGA-86-8075:15:72143660:G	36	17	2	0	3	TCGA-86-8075	0.320754716981132
TCGA-86-8075:16:2233719:C	40	5	2	3	3	TCGA-86-8075	0.111111111111111
TCGA-86-8075:16:23672568:G	74	16	2	3	3	TCGA-86-8075	0.177777777777778
TCGA-86-8075:16:80718918:G	66	8	2	0	2	TCGA-86-8075	0.108108108108108
TCGA-86-8075:17:17209911:C	77	9	2	0	2	TCGA-86-8075	0.104651162790698
TCGA-86-8075:17:18155411:G	23	9	2	0	2	TCGA-86-8075	0.28125
TCGA-86-8075:17:46607102:G	183	17	2	3	3	TCGA-86-8075	0.085
TCGA-86-8075:17:46988226:C	119	9	2	3	3	TCGA-86-8075	0.0703125
TCGA-86-8075:19:35173711:C	30	5	2	3	3	TCGA-86-8075	0.142857142857143
TCGA-86-8075:2:220396515:C	49	16	2	2	2	TCGA-86-8075	0.246153846153846
TCGA-86-8075:2:238234246:G	60	12	2	2	2	TCGA-86-8075	0.166666666666667
TCGA-86-8075:20:45355558:C	41	37	2	0	4	TCGA-86-8075	0.474358974358974
TCGA-86-8075:22:50658074:C	73	5	2	1	5	TCGA-86-8075	0.0641025641025641
TCGA-86-8075:4:120419812:C	38	17	2	1	2	TCGA-86-8075	0.309090909090909
TCGA-86-8075:6:30522368:G	102	17	2	1	5	TCGA-86-8075	0.142857142857143
TCGA-86-8075:6:114378530:C	47	8	2	2	2	TCGA-86-8075	0.145454545454545
TCGA-86-8075:6:129786365:G	37	9	2	1	2	TCGA-86-8075	0.195652173913043
TCGA-86-8075:7:20766691:G	32	21	2	2	7	TCGA-86-8075	0.39622641509434
TCGA-86-8075:7:55259515:T	69	58	2	2	7	TCGA-86-8075	0.456692913385827
TCGA-86-8075:7:149191094:G	115	27	2	3	3	TCGA-86-8075	0.190140845070423
TCGA-86-8075:8:57127185:A	21	20	2	0	3	TCGA-86-8075	0.48780487804878
TCGA-86-8075:9:21216753:T	95	25	2	1	2	TCGA-86-8075	0.208333333333333
TCGA-86-8075:9:37708411:G	57	10	2	1	2	TCGA-86-8075	0.149253731343284
TCGA-86-8075:12:118610379:A	99	5	2	0	3	TCGA-86-8075	0.0480769230769231
