mutation_id	ref_counts	var_counts	normal_cn	minor_cn	major_cn	variant_case	variant_freq
TCGA-D8-A1JT:4:175897708:G	31	60	2	1	2	TCGA-D8-A1JT	0.659340659340659
TCGA-D8-A1JT:17:26901258:A	42	19	2	1	2	TCGA-D8-A1JT	0.311475409836066
TCGA-D8-A1JT:11:104825700:C	40	31	2	1	1	TCGA-D8-A1JT	0.436619718309859
TCGA-D8-A1JT:9:123930557:G	36	62	2	1	2	TCGA-D8-A1JT	0.63265306122449
TCGA-D8-A1JT:17:61662631:G	76	27	2	1	2	TCGA-D8-A1JT	0.262135922330097
TCGA-D8-A1JT:12:125448967:C	22	17	2	1	1	TCGA-D8-A1JT	0.435897435897436
TCGA-D8-A1JT:9:26988692:C	24	18	2	1	2	TCGA-D8-A1JT	0.428571428571429
TCGA-D8-A1JT:15:78775776:G	59	34	2	1	1	TCGA-D8-A1JT	0.365591397849462
TCGA-D8-A1JT:1:202249911:A	65	143	2	1	3	TCGA-D8-A1JT	0.6875
TCGA-D8-A1JT:15:101115307:A	33	23	2	1	1	TCGA-D8-A1JT	0.410714285714286
TCGA-D8-A1JT:19:9085003:G	44	21	2	1	1	TCGA-D8-A1JT	0.323076923076923
TCGA-D8-A1JT:17:27064381:C	44	12	2	1	2	TCGA-D8-A1JT	0.214285714285714
TCGA-D8-A1JT:9:123593673:T	112	55	2	1	2	TCGA-D8-A1JT	0.329341317365269
TCGA-D8-A1JT:7:122342439:C	50	32	2	1	1	TCGA-D8-A1JT	0.390243902439024
TCGA-D8-A1JT:21:43767728:G	19	12	2	1	1	TCGA-D8-A1JT	0.387096774193548
TCGA-D8-A1JT:8:67578573:A	65	15	2	1	5	TCGA-D8-A1JT	0.1875
TCGA-D8-A1JT:7:71142235:G	46	38	2	1	1	TCGA-D8-A1JT	0.452380952380952
TCGA-D8-A1JT:15:64915230:G	38	15	2	1	1	TCGA-D8-A1JT	0.283018867924528
TCGA-D8-A1JT:13:20237220:C	55	11	2	0	1	TCGA-D8-A1JT	0.166666666666667
TCGA-D8-A1JT:14:26939694:C	139	43	2	1	1	TCGA-D8-A1JT	0.236263736263736
TCGA-D8-A1JT:12:48919779:G	94	33	2	1	1	TCGA-D8-A1JT	0.259842519685039
TCGA-D8-A1JT:1:237608772:C	221	36	2	1	3	TCGA-D8-A1JT	0.140077821011673
TCGA-D8-A1JT:13:103301465:A	21	11	2	0	1	TCGA-D8-A1JT	0.34375
TCGA-D8-A1JT:19:22156855:G	46	12	2	1	1	TCGA-D8-A1JT	0.206896551724138
