mutation_id	ref_counts	var_counts	normal_cn	minor_cn	major_cn	variant_case	variant_freq
TCGA-BH-A0HN:9:107568529:G	17	30	2	1	3	TCGA-BH-A0HN	0.638297872340426
TCGA-BH-A0HN:4:114158316:C	11	19	2	1	1	TCGA-BH-A0HN	0.633333333333333
TCGA-BH-A0HN:4:87809322:G	64	43	2	1	1	TCGA-BH-A0HN	0.401869158878505
TCGA-BH-A0HN:19:3586586:C	19	14	2	1	3	TCGA-BH-A0HN	0.424242424242424
TCGA-BH-A0HN:11:134147635:G	4	63	2	0	2	TCGA-BH-A0HN	0.940298507462687
TCGA-BH-A0HN:1:1720602:A	30	8	2	1	2	TCGA-BH-A0HN	0.210526315789474
TCGA-BH-A0HN:7:151962208:G	176	69	2	1	3	TCGA-BH-A0HN	0.281632653061224
TCGA-BH-A0HN:10:13166055:G	38	25	2	0	2	TCGA-BH-A0HN	0.396825396825397
TCGA-BH-A0HN:3:178921553:T	53	69	2	1	2	TCGA-BH-A0HN	0.565573770491803
TCGA-BH-A0HN:11:47436878:C	22	13	2	0	3	TCGA-BH-A0HN	0.371428571428571
TCGA-BH-A0HN:9:113169227:C	18	13	2	1	3	TCGA-BH-A0HN	0.419354838709677
TCGA-BH-A0HN:19:50251415:G	44	55	2	1	3	TCGA-BH-A0HN	0.555555555555556
TCGA-BH-A0HN:4:79780777:T	66	37	2	1	1	TCGA-BH-A0HN	0.359223300970874
TCGA-BH-A0HN:7:48086112:C	28	40	2	1	3	TCGA-BH-A0HN	0.588235294117647
TCGA-BH-A0HN:9:113637890:G	44	67	2	1	3	TCGA-BH-A0HN	0.603603603603604
TCGA-BH-A0HN:4:52899712:C	140	85	2	0	2	TCGA-BH-A0HN	0.377777777777778
