mutation_id	ref_counts	var_counts	normal_cn	minor_cn	major_cn	variant_case	variant_freq
TCGA-C8-A130:1:176913118:C	86	43	2	2	2	TCGA-C8-A130	0.333333333333333
TCGA-C8-A130:2:31412212:C	94	58	2	2	2	TCGA-C8-A130	0.381578947368421
TCGA-C8-A130:12:28459679:A	95	22	2	0	4	TCGA-C8-A130	0.188034188034188
TCGA-C8-A130:13:114128499:A	144	40	2	1	2	TCGA-C8-A130	0.217391304347826
TCGA-C8-A130:1:225568025:G	162	31	2	2	2	TCGA-C8-A130	0.160621761658031
TCGA-C8-A130:1:167095568:C	33	20	2	2	2	TCGA-C8-A130	0.377358490566038
TCGA-C8-A130:18:33721133:G	118	36	2	1	1	TCGA-C8-A130	0.233766233766234
TCGA-C8-A130:22:18778675:C	53	15	2	3	3	TCGA-C8-A130	0.220588235294118
TCGA-C8-A130:6:26045726:G	35	9	2	2	2	TCGA-C8-A130	0.204545454545455
TCGA-C8-A130:14:106174386:C	159	36	2	2	2	TCGA-C8-A130	0.184615384615385
TCGA-C8-A130:15:74468053:T	24	8	2	2	2	TCGA-C8-A130	0.25
TCGA-C8-A130:4:154547305:G	225	93	2	1	1	TCGA-C8-A130	0.292452830188679
TCGA-C8-A130:3:65342480:C	25	12	2	1	1	TCGA-C8-A130	0.324324324324324
TCGA-C8-A130:12:95905673:A	287	36	2	0	10	TCGA-C8-A130	0.111455108359133
TCGA-C8-A130:22:26422713:G	21	9	2	1	2	TCGA-C8-A130	0.3
TCGA-C8-A130:11:89106652:A	41	48	2	0	2	TCGA-C8-A130	0.539325842696629
TCGA-C8-A130:14:79933659:G	75	21	2	1	2	TCGA-C8-A130	0.21875
TCGA-C8-A130:14:20345239:G	199	57	2	1	2	TCGA-C8-A130	0.22265625
TCGA-C8-A130:2:26696148:G	58	11	2	2	2	TCGA-C8-A130	0.159420289855072
TCGA-C8-A130:3:178952085:A	70	80	2	1	3	TCGA-C8-A130	0.533333333333333
TCGA-C8-A130:10:27702625:C	40	8	2	1	3	TCGA-C8-A130	0.166666666666667
TCGA-C8-A130:2:228883499:C	152	68	2	1	1	TCGA-C8-A130	0.309090909090909
TCGA-C8-A130:15:38591723:G	61	23	2	0	2	TCGA-C8-A130	0.273809523809524
TCGA-C8-A130:16:19481012:G	127	32	2	2	2	TCGA-C8-A130	0.20125786163522
TCGA-C8-A130:2:202245617:G	65	40	2	1	1	TCGA-C8-A130	0.380952380952381
TCGA-C8-A130:2:128463985:C	24	10	2	1	1	TCGA-C8-A130	0.294117647058824
TCGA-C8-A130:11:74570222:A	108	56	2	3	3	TCGA-C8-A130	0.341463414634146
TCGA-C8-A130:6:28214862:C	93	23	2	2	2	TCGA-C8-A130	0.198275862068966
TCGA-C8-A130:9:15469016:G	72	27	2	0	1	TCGA-C8-A130	0.272727272727273
