mutation_id	ref_counts	var_counts	normal_cn	minor_cn	major_cn	variant_case	variant_freq
TCGA-AR-A24S:14:105416976:G	73	20	2	2	2	TCGA-AR-A24S	0.21505376344086
TCGA-AR-A24S:7:91643582:A	75	15	2	2	2	TCGA-AR-A24S	0.166666666666667
TCGA-AR-A24S:8:20074770:T	34	11	2	0	1	TCGA-AR-A24S	0.244444444444444
TCGA-AR-A24S:1:45275937:T	36	8	2	1	4	TCGA-AR-A24S	0.181818181818182
TCGA-AR-A24S:11:119103255:T	37	7	2	2	2	TCGA-AR-A24S	0.159090909090909
TCGA-AR-A24S:9:137707822:A	56	10	2	1	2	TCGA-AR-A24S	0.151515151515152
TCGA-AR-A24S:1:16950470:C	31	6	2	1	1	TCGA-AR-A24S	0.162162162162162
TCGA-AR-A24S:14:86088323:C	30	5	2	2	2	TCGA-AR-A24S	0.142857142857143
TCGA-AR-A24S:1:55166925:G	56	10	2	1	5	TCGA-AR-A24S	0.151515151515152
TCGA-AR-A24S:21:45651313:C	44	26	2	1	2	TCGA-AR-A24S	0.371428571428571
TCGA-AR-A24S:4:123202768:T	39	13	2	1	2	TCGA-AR-A24S	0.25
TCGA-AR-A24S:4:123271039:G	48	7	2	1	2	TCGA-AR-A24S	0.127272727272727
TCGA-AR-A24S:3:186961340:G	78	12	2	1	3	TCGA-AR-A24S	0.133333333333333
TCGA-AR-A24S:7:151945451:C	69	27	2	2	2	TCGA-AR-A24S	0.28125
TCGA-AR-A24S:19:9073430:C	42	30	2	0	2	TCGA-AR-A24S	0.416666666666667
TCGA-AR-A24S:1:186413472:A	40	23	2	2	2	TCGA-AR-A24S	0.365079365079365
TCGA-AR-A24S:5:272863:G	32	11	2	1	1	TCGA-AR-A24S	0.255813953488372
TCGA-AR-A24S:3:178936082:G	33	30	2	1	3	TCGA-AR-A24S	0.476190476190476
TCGA-AR-A24S:2:121043616:C	62	13	2	2	2	TCGA-AR-A24S	0.173333333333333
TCGA-AR-A24S:7:103206817:C	54	11	2	2	2	TCGA-AR-A24S	0.169230769230769
TCGA-AR-A24S:18:20936610:G	14	17	2	0	4	TCGA-AR-A24S	0.548387096774194
TCGA-AR-A24S:11:88911832:C	32	5	2	2	2	TCGA-AR-A24S	0.135135135135135
TCGA-AR-A24S:6:33255278:G	25	6	2	2	2	TCGA-AR-A24S	0.193548387096774
TCGA-AR-A24S:19:53005128:G	65	15	2	1	2	TCGA-AR-A24S	0.1875
TCGA-AR-A24S:19:9408556:C	70	9	2	2	4	TCGA-AR-A24S	0.113924050632911
TCGA-AR-A24S:19:58385256:A	52	13	2	1	2	TCGA-AR-A24S	0.2
TCGA-AR-A24S:19:52888293:C	30	9	2	1	2	TCGA-AR-A24S	0.230769230769231
TCGA-AR-A24S:2:55894154:G	69	10	2	1	2	TCGA-AR-A24S	0.126582278481013
TCGA-AR-A24S:17:30648095:C	63	12	2	0	2	TCGA-AR-A24S	0.16
