mutation_id	ref_counts	var_counts	normal_cn	minor_cn	major_cn	variant_case	variant_freq
TCGA-AO-A03P:1:104114362:T	262	99	2	1	2	TCGA-AO-A03P	0.274238227146814
TCGA-AO-A03P:2:152668924:T	58	17	2	1	2	TCGA-AO-A03P	0.226666666666667
TCGA-AO-A03P:10:70737298:G	349	110	2	2	2	TCGA-AO-A03P	0.239651416122004
TCGA-AO-A03P:1:54370427:C	160	75	2	1	2	TCGA-AO-A03P	0.319148936170213
TCGA-AO-A03P:9:98774568:C	51	12	2	2	2	TCGA-AO-A03P	0.19047619047619
TCGA-AO-A03P:4:173961206:T	368	89	2	2	2	TCGA-AO-A03P	0.194748358862144
TCGA-AO-A03P:6:28501767:G	623	168	2	2	2	TCGA-AO-A03P	0.212389380530973
TCGA-AO-A03P:15:83523512:G	42	14	2	2	5	TCGA-AO-A03P	0.25
TCGA-AO-A03P:9:95007281:G	112	25	2	2	2	TCGA-AO-A03P	0.182481751824818
TCGA-AO-A03P:12:56091275:C	74	25	2	2	2	TCGA-AO-A03P	0.252525252525253
TCGA-AO-A03P:3:124487900:G	39	44	2	0	3	TCGA-AO-A03P	0.530120481927711
TCGA-AO-A03P:12:68720671:G	193	42	2	2	2	TCGA-AO-A03P	0.178723404255319
TCGA-AO-A03P:4:128842873:G	100	34	2	2	2	TCGA-AO-A03P	0.253731343283582
TCGA-AO-A03P:16:29848117:G	40	9	2	1	2	TCGA-AO-A03P	0.183673469387755
TCGA-AO-A03P:2:32476071:G	179	67	2	1	2	TCGA-AO-A03P	0.272357723577236
TCGA-AO-A03P:1:228479785:G	112	51	2	2	3	TCGA-AO-A03P	0.312883435582822
TCGA-AO-A03P:5:140175999:G	26	6	2	1	2	TCGA-AO-A03P	0.1875
TCGA-AO-A03P:17:57049625:C	211	56	2	2	3	TCGA-AO-A03P	0.209737827715356
TCGA-AO-A03P:11:45245850:G	289	64	2	2	2	TCGA-AO-A03P	0.181303116147309
TCGA-AO-A03P:9:134346218:C	31	15	2	1	2	TCGA-AO-A03P	0.326086956521739
TCGA-AO-A03P:4:119203269:C	390	115	2	2	2	TCGA-AO-A03P	0.227722772277228
TCGA-AO-A03P:3:49140800:A	38	11	2	1	2	TCGA-AO-A03P	0.224489795918367
TCGA-AO-A03P:13:98086995:C	19	12	2	1	2	TCGA-AO-A03P	0.387096774193548
TCGA-AO-A03P:11:20652303:C	40	77	2	1	2	TCGA-AO-A03P	0.658119658119658
TCGA-AO-A03P:4:146475147:C	338	98	2	2	2	TCGA-AO-A03P	0.224770642201835
TCGA-AO-A03P:6:46657105:T	39	11	2	2	2	TCGA-AO-A03P	0.22
TCGA-AO-A03P:6:41248835:G	98	30	2	2	2	TCGA-AO-A03P	0.234375
TCGA-AO-A03P:9:88937958:C	237	61	2	2	2	TCGA-AO-A03P	0.204697986577181
TCGA-AO-A03P:9:35450217:C	220	54	2	1	2	TCGA-AO-A03P	0.197080291970803
TCGA-AO-A03P:17:38910684:G	253	41	2	2	3	TCGA-AO-A03P	0.139455782312925
TCGA-AO-A03P:3:98110241:C	588	183	2	0	3	TCGA-AO-A03P	0.237354085603113
TCGA-AO-A03P:15:34130643:C	137	56	2	1	1	TCGA-AO-A03P	0.290155440414508
TCGA-AO-A03P:2:113417065:A	245	63	2	1	2	TCGA-AO-A03P	0.204545454545455
TCGA-AO-A03P:6:144838085:G	105	18	2	2	2	TCGA-AO-A03P	0.146341463414634
