mutation_id	ref_counts	var_counts	normal_cn	minor_cn	major_cn	variant_case	variant_freq
TCGA-A2-A1G1:1:47119504:G	64	19	2	3	3	TCGA-A2-A1G1	0.228915662650602
TCGA-A2-A1G1:5:64814460:T	28	10	2	1	2	TCGA-A2-A1G1	0.263157894736842
TCGA-A2-A1G1:9:100888910:T	45	9	2	0	4	TCGA-A2-A1G1	0.166666666666667
TCGA-A2-A1G1:16:3827658:T	30	13	2	2	3	TCGA-A2-A1G1	0.302325581395349
TCGA-A2-A1G1:4:37446047:C	15	17	2	0	4	TCGA-A2-A1G1	0.53125
TCGA-A2-A1G1:17:39551243:G	99	87	2	0	30	TCGA-A2-A1G1	0.467741935483871
TCGA-A2-A1G1:5:56177035:C	81	15	2	2	2	TCGA-A2-A1G1	0.15625
TCGA-A2-A1G1:18:33785062:G	34	11	2	2	2	TCGA-A2-A1G1	0.244444444444444
TCGA-A2-A1G1:3:195506940:G	40	5	2	0	6	TCGA-A2-A1G1	0.111111111111111
TCGA-A2-A1G1:9:14307139:C	42	8	2	0	3	TCGA-A2-A1G1	0.16
TCGA-A2-A1G1:7:121659196:A	78	12	2	1	2	TCGA-A2-A1G1	0.133333333333333
TCGA-A2-A1G1:10:13378339:C	35	14	2	3	4	TCGA-A2-A1G1	0.285714285714286
TCGA-A2-A1G1:11:65826508:G	32	7	2	3	3	TCGA-A2-A1G1	0.179487179487179
TCGA-A2-A1G1:17:7577609:C	17	17	2	0	4	TCGA-A2-A1G1	0.5
TCGA-A2-A1G1:2:12880637:G	25	12	2	3	3	TCGA-A2-A1G1	0.324324324324324
TCGA-A2-A1G1:7:120446741:C	34	6	2	1	2	TCGA-A2-A1G1	0.15
TCGA-A2-A1G1:2:179469435:C	53	22	2	2	2	TCGA-A2-A1G1	0.293333333333333
TCGA-A2-A1G1:2:168102346:G	35	9	2	2	2	TCGA-A2-A1G1	0.204545454545455
TCGA-A2-A1G1:3:141161656:A	33	6	2	0	5	TCGA-A2-A1G1	0.153846153846154
