mutation_id	ref_counts	var_counts	normal_cn	minor_cn	major_cn	variant_case	variant_freq
TCGA-A8-A096:16:67100664:G	43	38	2	0	1	TCGA-A8-A096	0.469135802469136
TCGA-A8-A096:16:57951250:G	55	36	2	0	1	TCGA-A8-A096	0.395604395604396
TCGA-A8-A096:5:122911423:A	228	108	2	1	1	TCGA-A8-A096	0.321428571428571
TCGA-A8-A096:8:102571041:G	61	32	2	1	1	TCGA-A8-A096	0.344086021505376
TCGA-A8-A096:18:47432808:G	29	17	2	1	1	TCGA-A8-A096	0.369565217391304
TCGA-A8-A096:19:15839336:G	190	87	2	1	1	TCGA-A8-A096	0.314079422382672
TCGA-A8-A096:1:40235448:C	32	15	2	1	1	TCGA-A8-A096	0.319148936170213
TCGA-A8-A096:1:170695530:C	210	71	2	1	2	TCGA-A8-A096	0.252669039145907
TCGA-A8-A096:2:173891808:G	153	69	2	1	1	TCGA-A8-A096	0.310810810810811
TCGA-A8-A096:13:23912580:G	176	75	2	1	1	TCGA-A8-A096	0.298804780876494
TCGA-A8-A096:1:232651059:T	247	69	2	1	2	TCGA-A8-A096	0.218354430379747
TCGA-A8-A096:14:64625506:A	46	21	2	1	1	TCGA-A8-A096	0.313432835820896
TCGA-A8-A096:1:10231364:G	188	75	2	1	1	TCGA-A8-A096	0.285171102661597
TCGA-A8-A096:14:94088964:G	286	137	2	1	1	TCGA-A8-A096	0.32387706855792
TCGA-A8-A096:22:25023893:G	50	10	2	1	1	TCGA-A8-A096	0.166666666666667
TCGA-A8-A096:17:65157188:A	124	43	2	1	1	TCGA-A8-A096	0.25748502994012
TCGA-A8-A096:6:26056062:T	125	39	2	1	1	TCGA-A8-A096	0.23780487804878
TCGA-A8-A096:2:178762823:G	337	121	2	1	1	TCGA-A8-A096	0.264192139737991
TCGA-A8-A096:3:178952085:A	200	66	2	1	1	TCGA-A8-A096	0.24812030075188
TCGA-A8-A096:6:4049302:A	137	42	2	1	1	TCGA-A8-A096	0.23463687150838
