mutation_id	ref_counts	var_counts	normal_cn	minor_cn	major_cn	variant_case	variant_freq
TCGA-AR-A2LM:1:244735950:C	98	17	2	1	3	TCGA-AR-A2LM	0.147826086956522
TCGA-AR-A2LM:5:170145803:C	29	11	2	1	1	TCGA-AR-A2LM	0.275
TCGA-AR-A2LM:22:44967346:G	75	32	2	1	1	TCGA-AR-A2LM	0.299065420560748
TCGA-AR-A2LM:3:178921553:T	34	10	2	1	1	TCGA-AR-A2LM	0.227272727272727
TCGA-AR-A2LM:8:69046352:C	53	21	2	1	1	TCGA-AR-A2LM	0.283783783783784
TCGA-AR-A2LM:18:33647353:A	43	22	2	1	1	TCGA-AR-A2LM	0.338461538461538
TCGA-AR-A2LM:1:211749347:C	96	18	2	1	3	TCGA-AR-A2LM	0.157894736842105
TCGA-AR-A2LM:10:132961403:G	40	15	2	1	1	TCGA-AR-A2LM	0.272727272727273
TCGA-AR-A2LM:1:22021710:T	122	39	2	1	1	TCGA-AR-A2LM	0.242236024844721
TCGA-AR-A2LM:19:36205635:G	27	17	2	1	1	TCGA-AR-A2LM	0.386363636363636
TCGA-AR-A2LM:20:13753198:G	177	47	2	1	1	TCGA-AR-A2LM	0.209821428571429
