mutation_id	ref_counts	var_counts	normal_cn	minor_cn	major_cn	variant_case	variant_freq
TCGA-BH-A1EN:20:11904104:A	42	33	2	2	3	TCGA-BH-A1EN	0.44
TCGA-BH-A1EN:1:111857167:G	31	24	2	1	1	TCGA-BH-A1EN	0.436363636363636
TCGA-BH-A1EN:2:9597078:A	37	7	2	3	3	TCGA-BH-A1EN	0.159090909090909
TCGA-BH-A1EN:2:158300389:C	64	15	2	2	3	TCGA-BH-A1EN	0.189873417721519
TCGA-BH-A1EN:14:89205341:C	43	13	2	2	3	TCGA-BH-A1EN	0.232142857142857
TCGA-BH-A1EN:3:56667431:T	42	19	2	1	2	TCGA-BH-A1EN	0.311475409836066
TCGA-BH-A1EN:17:644619:C	47	14	2	1	2	TCGA-BH-A1EN	0.229508196721311
TCGA-BH-A1EN:5:15936967:C	26	8	2	2	3	TCGA-BH-A1EN	0.235294117647059
TCGA-BH-A1EN:22:18769678:G	35	5	2	2	3	TCGA-BH-A1EN	0.125
TCGA-BH-A1EN:12:13716419:C	63	20	2	1	2	TCGA-BH-A1EN	0.240963855421687
TCGA-BH-A1EN:2:203653623:G	22	23	2	2	3	TCGA-BH-A1EN	0.511111111111111
TCGA-BH-A1EN:12:57966441:G	53	13	2	1	2	TCGA-BH-A1EN	0.196969696969697
TCGA-BH-A1EN:9:27949804:T	60	20	2	1	2	TCGA-BH-A1EN	0.25
TCGA-BH-A1EN:2:149227717:C	44	30	2	2	3	TCGA-BH-A1EN	0.405405405405405
TCGA-BH-A1EN:1:222828136:G	28	9	2	3	3	TCGA-BH-A1EN	0.243243243243243
TCGA-BH-A1EN:7:104752417:C	63	14	2	3	3	TCGA-BH-A1EN	0.181818181818182
TCGA-BH-A1EN:17:10312698:T	75	16	2	1	2	TCGA-BH-A1EN	0.175824175824176
TCGA-BH-A1EN:15:52667640:C	45	15	2	1	2	TCGA-BH-A1EN	0.25
TCGA-BH-A1EN:5:50046013:G	141	33	2	2	3	TCGA-BH-A1EN	0.189655172413793
TCGA-BH-A1EN:2:79253873:G	105	20	2	3	3	TCGA-BH-A1EN	0.16
TCGA-BH-A1EN:15:60789700:T	42	16	2	1	2	TCGA-BH-A1EN	0.275862068965517
TCGA-BH-A1EN:20:13894469:A	80	23	2	2	3	TCGA-BH-A1EN	0.223300970873786
TCGA-BH-A1EN:2:108614411:T	105	23	2	2	3	TCGA-BH-A1EN	0.1796875
TCGA-BH-A1EN:3:43389849:G	29	9	2	1	2	TCGA-BH-A1EN	0.236842105263158
TCGA-BH-A1EN:22:19770438:C	47	10	2	2	3	TCGA-BH-A1EN	0.175438596491228
TCGA-BH-A1EN:14:61446282:A	39	13	2	1	2	TCGA-BH-A1EN	0.25
TCGA-BH-A1EN:6:33247311:A	66	40	2	2	3	TCGA-BH-A1EN	0.377358490566038
TCGA-BH-A1EN:12:69764730:A	24	31	2	1	2	TCGA-BH-A1EN	0.563636363636364
TCGA-BH-A1EN:1:247265394:C	34	15	2	3	3	TCGA-BH-A1EN	0.306122448979592
TCGA-BH-A1EN:1:238049097:G	134	29	2	3	3	TCGA-BH-A1EN	0.177914110429448
TCGA-BH-A1EN:15:57458613:G	37	5	2	1	2	TCGA-BH-A1EN	0.119047619047619
