mutation_id	ref_counts	var_counts	normal_cn	minor_cn	major_cn	variant_case	variant_freq
TCGA-EW-A2FR:7:6075930:G	33	5	2	2	2	TCGA-EW-A2FR	0.131578947368421
TCGA-EW-A2FR:19:17438641:C	34	11	2	2	2	TCGA-EW-A2FR	0.244444444444444
TCGA-EW-A2FR:19:42473007:C	54	11	2	1	2	TCGA-EW-A2FR	0.169230769230769
TCGA-EW-A2FR:11:129306670:C	85	18	2	0	2	TCGA-EW-A2FR	0.174757281553398
TCGA-EW-A2FR:17:41246452:C	72	18	2	0	3	TCGA-EW-A2FR	0.2
TCGA-EW-A2FR:10:73537524:G	56	17	2	2	2	TCGA-EW-A2FR	0.232876712328767
TCGA-EW-A2FR:10:129676427:C	67	20	2	2	2	TCGA-EW-A2FR	0.229885057471264
TCGA-EW-A2FR:5:79027410:A	35	8	2	2	2	TCGA-EW-A2FR	0.186046511627907
TCGA-EW-A2FR:11:88033799:G	45	5	2	1	2	TCGA-EW-A2FR	0.1
TCGA-EW-A2FR:1:114455907:G	26	8	2	1	1	TCGA-EW-A2FR	0.235294117647059
TCGA-EW-A2FR:1:114456169:G	57	7	2	1	1	TCGA-EW-A2FR	0.109375
TCGA-EW-A2FR:20:31500663:C	83	13	2	1	2	TCGA-EW-A2FR	0.135416666666667
TCGA-EW-A2FR:15:27188500:C	39	5	2	1	1	TCGA-EW-A2FR	0.113636363636364
TCGA-EW-A2FR:10:69834957:G	41	6	2	2	2	TCGA-EW-A2FR	0.127659574468085
TCGA-EW-A2FR:1:159901653:G	44	6	2	1	3	TCGA-EW-A2FR	0.12
TCGA-EW-A2FR:17:20405802:T	29	5	2	0	3	TCGA-EW-A2FR	0.147058823529412
TCGA-EW-A2FR:11:102822837:C	25	5	2	1	2	TCGA-EW-A2FR	0.166666666666667
TCGA-EW-A2FR:4:17816953:C	38	11	2	0	3	TCGA-EW-A2FR	0.224489795918367
TCGA-EW-A2FR:18:10699129:G	30	5	2	1	2	TCGA-EW-A2FR	0.142857142857143
TCGA-EW-A2FR:12:133202330:G	36	11	2	2	2	TCGA-EW-A2FR	0.234042553191489
TCGA-EW-A2FR:8:37730535:G	89	58	2	0	19	TCGA-EW-A2FR	0.394557823129252
TCGA-EW-A2FR:22:18072925:A	41	8	2	1	2	TCGA-EW-A2FR	0.163265306122449
TCGA-EW-A2FR:16:55719076:C	80	15	2	2	2	TCGA-EW-A2FR	0.157894736842105
TCGA-EW-A2FR:3:57898911:T	26	16	2	0	2	TCGA-EW-A2FR	0.380952380952381
TCGA-EW-A2FR:7:17879459:C	44	8	2	2	2	TCGA-EW-A2FR	0.153846153846154
TCGA-EW-A2FR:19:50931310:T	42	8	2	1	1	TCGA-EW-A2FR	0.16
TCGA-EW-A2FR:17:61391823:G	27	15	2	0	3	TCGA-EW-A2FR	0.357142857142857
TCGA-EW-A2FR:17:7578406:C	23	7	2	0	3	TCGA-EW-A2FR	0.233333333333333
TCGA-EW-A2FR:7:38370211:G	44	6	2	2	2	TCGA-EW-A2FR	0.12
TCGA-EW-A2FR:2:179482763:C	53	11	2	1	2	TCGA-EW-A2FR	0.171875
TCGA-EW-A2FR:10:116032589:C	46	11	2	2	2	TCGA-EW-A2FR	0.192982456140351
TCGA-EW-A2FR:4:2306739:C	62	8	2	0	3	TCGA-EW-A2FR	0.114285714285714
TCGA-EW-A2FR:9:40772576:T	86	22	2	1	2	TCGA-EW-A2FR	0.203703703703704
TCGA-EW-A2FR:19:53086136:G	49	20	2	1	2	TCGA-EW-A2FR	0.289855072463768
