mutation_id	ref_counts	var_counts	normal_cn	minor_cn	major_cn	variant_case	variant_freq
TCGA-E2-A1IK:14:70714162:A	90	15	2	2	2	TCGA-E2-A1IK	0.142857142857143
TCGA-E2-A1IK:15:84506850:T	24	10	2	2	2	TCGA-E2-A1IK	0.294117647058824
TCGA-E2-A1IK:2:73912256:G	28	7	2	2	2	TCGA-E2-A1IK	0.2
TCGA-E2-A1IK:16:11154805:G	104	27	2	1	2	TCGA-E2-A1IK	0.206106870229008
TCGA-E2-A1IK:16:81737574:G	31	16	2	2	2	TCGA-E2-A1IK	0.340425531914894
TCGA-E2-A1IK:2:3691463:G	36	13	2	1	2	TCGA-E2-A1IK	0.26530612244898
TCGA-E2-A1IK:22:19127488:G	48	17	2	1	2	TCGA-E2-A1IK	0.261538461538462
TCGA-E2-A1IK:14:106322075:G	105	13	2	1	2	TCGA-E2-A1IK	0.110169491525424
TCGA-E2-A1IK:1:39798985:A	52	19	2	2	2	TCGA-E2-A1IK	0.267605633802817
TCGA-E2-A1IK:3:15094988:G	114	32	2	1	2	TCGA-E2-A1IK	0.219178082191781
TCGA-E2-A1IK:12:18443835:A	128	30	2	2	2	TCGA-E2-A1IK	0.189873417721519
TCGA-E2-A1IK:10:43696327:T	70	17	2	2	2	TCGA-E2-A1IK	0.195402298850575
TCGA-E2-A1IK:16:53706824:T	82	21	2	2	2	TCGA-E2-A1IK	0.203883495145631
TCGA-E2-A1IK:5:843815:C	34	12	2	1	2	TCGA-E2-A1IK	0.260869565217391
TCGA-E2-A1IK:1:32384627:T	152	48	2	1	2	TCGA-E2-A1IK	0.24
