mutation_id	ref_counts	var_counts	normal_cn	minor_cn	major_cn	variant_case	variant_freq
TCGA-AN-A0XT:2:65455000:G	39	14	2	1	2	TCGA-AN-A0XT	0.264150943396226
TCGA-AN-A0XT:15:100649205:C	30	18	2	2	2	TCGA-AN-A0XT	0.375
TCGA-AN-A0XT:19:49438313:C	21	18	2	2	2	TCGA-AN-A0XT	0.461538461538462
TCGA-AN-A0XT:1:36509128:C	119	93	2	2	2	TCGA-AN-A0XT	0.438679245283019
TCGA-AN-A0XT:2:29259479:G	91	38	2	1	2	TCGA-AN-A0XT	0.294573643410853
TCGA-AN-A0XT:7:154862859:G	26	30	2	2	2	TCGA-AN-A0XT	0.535714285714286
TCGA-AN-A0XT:7:156619309:G	85	45	2	2	2	TCGA-AN-A0XT	0.346153846153846
TCGA-AN-A0XT:13:48986180:A	18	25	2	0	2	TCGA-AN-A0XT	0.581395348837209
TCGA-AN-A0XT:3:71591235:C	25	14	2	2	2	TCGA-AN-A0XT	0.358974358974359
TCGA-AN-A0XT:22:38349806:C	26	31	2	0	2	TCGA-AN-A0XT	0.543859649122807
TCGA-AN-A0XT:15:66795050:G	185	114	2	2	2	TCGA-AN-A0XT	0.381270903010033
TCGA-AN-A0XT:17:7578555:C	10	33	2	0	2	TCGA-AN-A0XT	0.767441860465116
TCGA-AN-A0XT:6:41243863:C	120	58	2	2	2	TCGA-AN-A0XT	0.325842696629214
TCGA-AN-A0XT:12:3040249:A	90	76	2	2	2	TCGA-AN-A0XT	0.457831325301205
