mutation_id	ref_counts	var_counts	normal_cn	minor_cn	major_cn	variant_case	variant_freq
TCGA-E9-A1N3:1:167793766:G	35	25	2	2	2	TCGA-E9-A1N3	0.416666666666667
TCGA-E9-A1N3:6:109993173:C	58	18	2	2	2	TCGA-E9-A1N3	0.236842105263158
TCGA-E9-A1N3:12:99074131:C	49	20	2	2	2	TCGA-E9-A1N3	0.289855072463768
TCGA-E9-A1N3:3:130116598:C	29	22	2	2	2	TCGA-E9-A1N3	0.431372549019608
TCGA-E9-A1N3:7:101740745:G	57	29	2	2	3	TCGA-E9-A1N3	0.337209302325581
TCGA-E9-A1N3:5:169445994:T	25	7	2	2	2	TCGA-E9-A1N3	0.21875
TCGA-E9-A1N3:3:184911173:T	55	19	2	2	2	TCGA-E9-A1N3	0.256756756756757
TCGA-E9-A1N3:9:14816829:G	29	9	2	2	2	TCGA-E9-A1N3	0.236842105263158
TCGA-E9-A1N3:7:65157820:G	49	32	2	3	3	TCGA-E9-A1N3	0.395061728395062
TCGA-E9-A1N3:19:55176608:C	20	22	2	2	2	TCGA-E9-A1N3	0.523809523809524
TCGA-E9-A1N3:7:99696737:C	44	38	2	2	3	TCGA-E9-A1N3	0.463414634146341
TCGA-E9-A1N3:4:100510904:T	35	21	2	2	2	TCGA-E9-A1N3	0.375
TCGA-E9-A1N3:12:78569113:C	27	21	2	2	2	TCGA-E9-A1N3	0.4375
TCGA-E9-A1N3:3:98216606:T	77	47	2	2	2	TCGA-E9-A1N3	0.379032258064516
TCGA-E9-A1N3:11:56043116:T	24	17	2	2	2	TCGA-E9-A1N3	0.414634146341463
TCGA-E9-A1N3:17:65688873:G	55	11	2	2	2	TCGA-E9-A1N3	0.166666666666667
TCGA-E9-A1N3:4:147858746:G	55	15	2	2	2	TCGA-E9-A1N3	0.214285714285714
TCGA-E9-A1N3:21:43510515:A	57	14	2	2	2	TCGA-E9-A1N3	0.197183098591549
TCGA-E9-A1N3:11:63072159:G	63	10	2	2	2	TCGA-E9-A1N3	0.136986301369863
TCGA-E9-A1N3:19:19823822:C	57	7	2	2	2	TCGA-E9-A1N3	0.109375
