mutation_id	ref_counts	var_counts	normal_cn	minor_cn	major_cn	variant_case	variant_freq
TCGA-E2-A1LI:8:145675924:G	76	18	2	2	4	TCGA-E2-A1LI	0.191489361702128
TCGA-E2-A1LI:4:144614306:G	85	17	2	0	2	TCGA-E2-A1LI	0.166666666666667
TCGA-E2-A1LI:6:27806084:G	29	12	2	3	3	TCGA-E2-A1LI	0.292682926829268
TCGA-E2-A1LI:1:201182360:C	49	6	2	3	3	TCGA-E2-A1LI	0.109090909090909
TCGA-E2-A1LI:13:41333214:C	63	7	2	0	3	TCGA-E2-A1LI	0.1
TCGA-E2-A1LI:2:26698897:G	37	7	2	1	2	TCGA-E2-A1LI	0.159090909090909
TCGA-E2-A1LI:7:99021452:T	70	19	2	2	3	TCGA-E2-A1LI	0.213483146067416
TCGA-E2-A1LI:12:112846113:G	66	21	2	0	2	TCGA-E2-A1LI	0.241379310344828
TCGA-E2-A1LI:3:63466619:G	50	17	2	0	3	TCGA-E2-A1LI	0.253731343283582
TCGA-E2-A1LI:1:215932045:C	132	65	2	3	3	TCGA-E2-A1LI	0.32994923857868
