mutation_id	ref_counts	var_counts	normal_cn	minor_cn	major_cn	variant_case	variant_freq
TCGA-BH-A0B9:20:31023531:G	221	37	2	1	3	TCGA-BH-A0B9	0.143410852713178
TCGA-BH-A0B9:1:150485271:T	269	81	2	1	2	TCGA-BH-A0B9	0.231428571428571
TCGA-BH-A0B9:19:49489210:C	28	15	2	0	1	TCGA-BH-A0B9	0.348837209302326
TCGA-BH-A0B9:15:91019954:G	93	139	2	0	2	TCGA-BH-A0B9	0.599137931034483
TCGA-BH-A0B9:1:62740107:C	45	13	2	1	1	TCGA-BH-A0B9	0.224137931034483
TCGA-BH-A0B9:7:36366445:C	153	51	2	1	1	TCGA-BH-A0B9	0.25
TCGA-BH-A0B9:6:161022000:C	171	69	2	1	1	TCGA-BH-A0B9	0.2875
TCGA-BH-A0B9:12:49436351:C	80	26	2	1	1	TCGA-BH-A0B9	0.245283018867925
TCGA-BH-A0B9:6:32180644:G	22	19	2	1	1	TCGA-BH-A0B9	0.463414634146341
TCGA-BH-A0B9:20:60714888:C	20	10	2	1	1	TCGA-BH-A0B9	0.333333333333333
TCGA-BH-A0B9:11:114320615:G	197	86	2	1	1	TCGA-BH-A0B9	0.303886925795053
TCGA-BH-A0B9:17:78321232:G	26	32	2	0	2	TCGA-BH-A0B9	0.551724137931034
TCGA-BH-A0B9:19:39018962:A	37	23	2	1	2	TCGA-BH-A0B9	0.383333333333333
TCGA-BH-A0B9:21:19666646:G	68	36	2	0	1	TCGA-BH-A0B9	0.346153846153846
TCGA-BH-A0B9:17:7577106:G	40	39	2	0	1	TCGA-BH-A0B9	0.493670886075949
TCGA-BH-A0B9:13:27679970:G	233	57	2	1	2	TCGA-BH-A0B9	0.196551724137931
TCGA-BH-A0B9:8:56435863:G	119	45	2	1	1	TCGA-BH-A0B9	0.274390243902439
TCGA-BH-A0B9:8:106814408:G	91	33	2	1	1	TCGA-BH-A0B9	0.266129032258065
TCGA-BH-A0B9:7:99158245:G	67	33	2	1	1	TCGA-BH-A0B9	0.33
TCGA-BH-A0B9:20:31023102:G	486	70	2	1	3	TCGA-BH-A0B9	0.12589928057554
TCGA-BH-A0B9:20:31024108:G	145	20	2	1	3	TCGA-BH-A0B9	0.121212121212121
TCGA-BH-A0B9:1:52824769:C	50	8	2	1	1	TCGA-BH-A0B9	0.137931034482759
TCGA-BH-A0B9:18:47463624:A	231	59	2	1	1	TCGA-BH-A0B9	0.203448275862069
TCGA-BH-A0B9:1:145319647:T	45	5	2	1	2	TCGA-BH-A0B9	0.1
TCGA-BH-A0B9:18:56010162:C	123	28	2	1	1	TCGA-BH-A0B9	0.185430463576159
TCGA-BH-A0B9:9:125863868:G	67	14	2	0	1	TCGA-BH-A0B9	0.172839506172839
TCGA-BH-A0B9:12:11244488:G	601	216	2	2	3	TCGA-BH-A0B9	0.26438188494492
