mutation_id	ref_counts	var_counts	normal_cn	minor_cn	major_cn	variant_case	variant_freq
TCGA-AR-A2LN:9:18908545:G	97	28	2	2	2	TCGA-AR-A2LN	0.224
TCGA-AR-A2LN:6:109863350:C	197	47	2	2	2	TCGA-AR-A2LN	0.192622950819672
TCGA-AR-A2LN:5:139884447:C	92	12	2	2	2	TCGA-AR-A2LN	0.115384615384615
TCGA-AR-A2LN:16:28909594:G	47	20	2	2	2	TCGA-AR-A2LN	0.298507462686567
TCGA-AR-A2LN:1:75038972:G	135	35	2	2	2	TCGA-AR-A2LN	0.205882352941176
TCGA-AR-A2LN:7:6639592:C	124	34	2	2	2	TCGA-AR-A2LN	0.215189873417722
TCGA-AR-A2LN:1:227300567:C	387	67	2	3	3	TCGA-AR-A2LN	0.147577092511013
TCGA-AR-A2LN:1:193121549:A	171	31	2	3	3	TCGA-AR-A2LN	0.153465346534653
TCGA-AR-A2LN:9:123880638:G	79	17	2	2	2	TCGA-AR-A2LN	0.177083333333333
TCGA-AR-A2LN:3:134911580:G	119	37	2	2	2	TCGA-AR-A2LN	0.237179487179487
TCGA-AR-A2LN:12:1702885:G	25	9	2	2	2	TCGA-AR-A2LN	0.264705882352941
TCGA-AR-A2LN:3:33416839:C	143	35	2	2	2	TCGA-AR-A2LN	0.196629213483146
TCGA-AR-A2LN:12:8197502:C	149	26	2	2	2	TCGA-AR-A2LN	0.148571428571429
TCGA-AR-A2LN:2:208633332:G	55	9	2	2	2	TCGA-AR-A2LN	0.140625
TCGA-AR-A2LN:14:31763188:C	323	69	2	2	2	TCGA-AR-A2LN	0.176020408163265
TCGA-AR-A2LN:7:139416554:C	185	48	2	2	2	TCGA-AR-A2LN	0.206008583690987
TCGA-AR-A2LN:2:75107455:C	26	14	2	2	2	TCGA-AR-A2LN	0.35
TCGA-AR-A2LN:1:19246221:A	123	20	2	2	2	TCGA-AR-A2LN	0.13986013986014
TCGA-AR-A2LN:4:6865788:G	92	22	2	2	2	TCGA-AR-A2LN	0.192982456140351
TCGA-AR-A2LN:6:42980990:C	101	18	2	2	2	TCGA-AR-A2LN	0.151260504201681
TCGA-AR-A2LN:4:170400599:C	57	15	2	2	2	TCGA-AR-A2LN	0.208333333333333
TCGA-AR-A2LN:6:138768229:C	288	79	2	2	2	TCGA-AR-A2LN	0.215258855585831
TCGA-AR-A2LN:6:155750167:G	44	10	2	2	2	TCGA-AR-A2LN	0.185185185185185
TCGA-AR-A2LN:4:149357960:C	66	23	2	2	2	TCGA-AR-A2LN	0.258426966292135
TCGA-AR-A2LN:16:20380840:G	228	64	2	2	2	TCGA-AR-A2LN	0.219178082191781
TCGA-AR-A2LN:15:76763568:C	120	19	2	2	2	TCGA-AR-A2LN	0.136690647482014
TCGA-AR-A2LN:3:170802027:T	258	65	2	2	2	TCGA-AR-A2LN	0.201238390092879
TCGA-AR-A2LN:2:179419393:C	105	35	2	2	2	TCGA-AR-A2LN	0.25
TCGA-AR-A2LN:8:100479779:A	111	25	2	2	2	TCGA-AR-A2LN	0.183823529411765
TCGA-AR-A2LN:2:168105004:C	115	17	2	2	2	TCGA-AR-A2LN	0.128787878787879
TCGA-AR-A2LN:18:60241584:C	82	30	2	0	2	TCGA-AR-A2LN	0.267857142857143
