mutation_id	ref_counts	var_counts	normal_cn	minor_cn	major_cn	variant_case	variant_freq
TCGA-A8-A06N:17:72699195:G	64	78	2	3	3	TCGA-A8-A06N	0.549295774647887
TCGA-A8-A06N:5:24491920:G	85	16	2	2	2	TCGA-A8-A06N	0.158415841584158
TCGA-A8-A06N:5:122724169:T	199	69	2	2	2	TCGA-A8-A06N	0.257462686567164
TCGA-A8-A06N:1:152283965:G	196	53	2	2	2	TCGA-A8-A06N	0.21285140562249
TCGA-A8-A06N:15:33256332:A	98	126	2	1	2	TCGA-A8-A06N	0.5625
TCGA-A8-A06N:12:40745381:C	23	13	2	2	2	TCGA-A8-A06N	0.361111111111111
TCGA-A8-A06N:1:248813788:G	181	38	2	2	2	TCGA-A8-A06N	0.17351598173516
TCGA-A8-A06N:5:140229518:C	25	19	2	2	2	TCGA-A8-A06N	0.431818181818182
TCGA-A8-A06N:1:182616032:G	89	57	2	2	2	TCGA-A8-A06N	0.39041095890411
TCGA-A8-A06N:3:196199408:G	104	38	2	1	2	TCGA-A8-A06N	0.267605633802817
TCGA-A8-A06N:13:23910010:C	54	36	2	0	2	TCGA-A8-A06N	0.4
TCGA-A8-A06N:12:52056740:G	312	244	2	2	2	TCGA-A8-A06N	0.438848920863309
TCGA-A8-A06N:16:2816906:C	210	135	2	2	2	TCGA-A8-A06N	0.391304347826087
TCGA-A8-A06N:5:150029357:G	73	23	2	2	2	TCGA-A8-A06N	0.239583333333333
TCGA-A8-A06N:1:115006984:G	87	23	2	1	2	TCGA-A8-A06N	0.209090909090909
TCGA-A8-A06N:18:32949212:A	75	29	2	1	3	TCGA-A8-A06N	0.278846153846154
TCGA-A8-A06N:19:53884897:C	192	85	2	1	2	TCGA-A8-A06N	0.306859205776173
TCGA-A8-A06N:2:71828631:G	54	8	2	0	3	TCGA-A8-A06N	0.129032258064516
TCGA-A8-A06N:13:97639047:C	145	49	2	0	2	TCGA-A8-A06N	0.252577319587629
TCGA-A8-A06N:2:197707464:T	90	19	2	1	2	TCGA-A8-A06N	0.174311926605505
TCGA-A8-A06N:22:36142022:G	474	67	2	1	2	TCGA-A8-A06N	0.123844731977819
TCGA-A8-A06N:6:170871052:G	33	7	2	0	2	TCGA-A8-A06N	0.175
TCGA-A8-A06N:9:99580378:C	449	130	2	1	2	TCGA-A8-A06N	0.224525043177893
