mutation_id	ref_counts	var_counts	normal_cn	minor_cn	major_cn	variant_case	variant_freq
TCGA-E2-A1IE:11:108214019:T	31	37	2	0	1	TCGA-E2-A1IE	0.544117647058823
TCGA-E2-A1IE:6:41903724:G	70	37	2	1	1	TCGA-E2-A1IE	0.345794392523364
TCGA-E2-A1IE:11:33731840:G	71	42	2	1	1	TCGA-E2-A1IE	0.371681415929204
TCGA-E2-A1IE:1:112998889:C	55	31	2	1	1	TCGA-E2-A1IE	0.36046511627907
TCGA-E2-A1IE:8:25189823:C	51	70	2	0	1	TCGA-E2-A1IE	0.578512396694215
TCGA-E2-A1IE:1:32694376:C	44	21	2	1	1	TCGA-E2-A1IE	0.323076923076923
TCGA-E2-A1IE:7:5545048:A	46	63	2	1	2	TCGA-E2-A1IE	0.577981651376147
TCGA-E2-A1IE:6:109766645:C	33	47	2	0	1	TCGA-E2-A1IE	0.5875
TCGA-E2-A1IE:19:9058547:C	143	71	2	1	1	TCGA-E2-A1IE	0.331775700934579
TCGA-E2-A1IE:12:56031321:G	31	11	2	1	1	TCGA-E2-A1IE	0.261904761904762
TCGA-E2-A1IE:19:52004795:G	48	36	2	1	1	TCGA-E2-A1IE	0.428571428571429
TCGA-E2-A1IE:2:179444052:G	39	17	2	1	1	TCGA-E2-A1IE	0.303571428571429
TCGA-E2-A1IE:2:179479294:A	95	51	2	1	1	TCGA-E2-A1IE	0.349315068493151
TCGA-E2-A1IE:19:52091101:G	37	17	2	1	1	TCGA-E2-A1IE	0.314814814814815
TCGA-E2-A1IE:6:26032045:C	76	13	2	1	1	TCGA-E2-A1IE	0.146067415730337
