mutation_id	ref_counts	var_counts	normal_cn	minor_cn	major_cn	variant_case	variant_freq
TCGA-E9-A22D:3:46400009:C	30	22	2	1	1	TCGA-E9-A22D	0.423076923076923
TCGA-E9-A22D:9:131848528:T	27	12	2	1	2	TCGA-E9-A22D	0.307692307692308
TCGA-E9-A22D:19:55874336:G	27	5	2	1	2	TCGA-E9-A22D	0.15625
TCGA-E9-A22D:4:54319278:C	44	7	2	1	2	TCGA-E9-A22D	0.137254901960784
TCGA-E9-A22D:3:178560711:C	23	13	2	2	2	TCGA-E9-A22D	0.361111111111111
TCGA-E9-A22D:4:37448092:C	65	8	2	2	2	TCGA-E9-A22D	0.10958904109589
TCGA-E9-A22D:9:87285830:C	49	8	2	1	1	TCGA-E9-A22D	0.140350877192982
TCGA-E9-A22D:18:44560939:C	36	6	2	1	1	TCGA-E9-A22D	0.142857142857143
TCGA-E9-A22D:10:122618231:A	52	27	2	1	1	TCGA-E9-A22D	0.341772151898734
TCGA-E9-A22D:19:56703240:G	25	5	2	1	2	TCGA-E9-A22D	0.166666666666667
TCGA-E9-A22D:2:28521330:G	50	9	2	0	1	TCGA-E9-A22D	0.152542372881356
TCGA-E9-A22D:19:15052846:C	154	21	2	1	1	TCGA-E9-A22D	0.12
TCGA-E9-A22D:19:57328299:C	75	25	2	1	2	TCGA-E9-A22D	0.25
