mutation_id	ref_counts	var_counts	normal_cn	minor_cn	major_cn	variant_case	variant_freq
TCGA-A8-A07J:1:153927365:C	59	23	2	1	1	TCGA-A8-A07J	0.280487804878049
TCGA-A8-A07J:1:170004659:C	55	24	2	1	1	TCGA-A8-A07J	0.30379746835443
TCGA-A8-A07J:19:8993436:G	419	154	2	1	1	TCGA-A8-A07J	0.268760907504363
TCGA-A8-A07J:3:170201117:G	121	25	2	1	3	TCGA-A8-A07J	0.171232876712329
TCGA-A8-A07J:8:133764157:C	269	111	2	1	1	TCGA-A8-A07J	0.292105263157895
TCGA-A8-A07J:3:62578366:C	90	42	2	0	1	TCGA-A8-A07J	0.318181818181818
TCGA-A8-A07J:9:377063:C	51	11	2	1	1	TCGA-A8-A07J	0.17741935483871
TCGA-A8-A07J:13:32783135:C	65	16	2	1	1	TCGA-A8-A07J	0.197530864197531
TCGA-A8-A07J:6:37427448:G	404	128	2	0	1	TCGA-A8-A07J	0.240601503759398
TCGA-A8-A07J:12:6952645:G	78	11	2	1	1	TCGA-A8-A07J	0.123595505617978
TCGA-A8-A07J:16:50102690:G	128	15	2	0	1	TCGA-A8-A07J	0.104895104895105
TCGA-A8-A07J:6:131911508:G	36	13	2	0	1	TCGA-A8-A07J	0.26530612244898
TCGA-A8-A07J:13:67802470:G	81	18	2	1	1	TCGA-A8-A07J	0.181818181818182
TCGA-A8-A07J:5:140750139:G	44	9	2	1	1	TCGA-A8-A07J	0.169811320754717
TCGA-A8-A07J:11:57099870:G	236	34	2	1	1	TCGA-A8-A07J	0.125925925925926
TCGA-A8-A07J:21:43505492:C	64	16	2	1	1	TCGA-A8-A07J	0.2
