mutation_id	ref_counts	var_counts	normal_cn	minor_cn	major_cn	variant_case	variant_freq
TCGA-C8-A26Z:12:22063221:C	28	25	2	2	2	TCGA-C8-A26Z	0.471698113207547
TCGA-C8-A26Z:2:73659408:A	37	9	2	1	2	TCGA-C8-A26Z	0.195652173913043
TCGA-C8-A26Z:1:115223011:G	26	11	2	0	2	TCGA-C8-A26Z	0.297297297297297
TCGA-C8-A26Z:12:27533206:G	56	14	2	2	2	TCGA-C8-A26Z	0.2
TCGA-C8-A26Z:17:61987302:C	50	17	2	1	3	TCGA-C8-A26Z	0.253731343283582
TCGA-C8-A26Z:1:224377282:A	45	7	2	2	3	TCGA-C8-A26Z	0.134615384615385
TCGA-C8-A26Z:13:96412387:G	89	31	2	1	2	TCGA-C8-A26Z	0.258333333333333
TCGA-C8-A26Z:8:132962331:G	100	25	2	2	2	TCGA-C8-A26Z	0.2
TCGA-C8-A26Z:8:139165210:G	71	19	2	2	2	TCGA-C8-A26Z	0.211111111111111
TCGA-C8-A26Z:19:50315962:C	35	8	2	2	3	TCGA-C8-A26Z	0.186046511627907
TCGA-C8-A26Z:19:35610312:T	72	18	2	2	3	TCGA-C8-A26Z	0.2
TCGA-C8-A26Z:14:107199193:C	47	29	2	1	2	TCGA-C8-A26Z	0.381578947368421
TCGA-C8-A26Z:10:118969342:G	25	12	2	1	2	TCGA-C8-A26Z	0.324324324324324
TCGA-C8-A26Z:7:138593769:G	57	14	2	2	2	TCGA-C8-A26Z	0.197183098591549
TCGA-C8-A26Z:9:5968121:G	87	17	2	2	2	TCGA-C8-A26Z	0.163461538461538
TCGA-C8-A26Z:21:31869332:G	54	21	2	1	2	TCGA-C8-A26Z	0.28
TCGA-C8-A26Z:15:43816672:G	28	8	2	2	2	TCGA-C8-A26Z	0.222222222222222
TCGA-C8-A26Z:11:45926335:G	37	5	2	2	3	TCGA-C8-A26Z	0.119047619047619
TCGA-C8-A26Z:1:158687491:G	52	8	2	2	3	TCGA-C8-A26Z	0.133333333333333
TCGA-C8-A26Z:12:71016202:T	93	19	2	2	2	TCGA-C8-A26Z	0.169642857142857
TCGA-C8-A26Z:8:55537775:C	36	14	2	2	3	TCGA-C8-A26Z	0.28
TCGA-C8-A26Z:6:45399750:G	65	21	2	1	2	TCGA-C8-A26Z	0.244186046511628
TCGA-C8-A26Z:6:76412369:G	25	29	2	0	4	TCGA-C8-A26Z	0.537037037037037
TCGA-C8-A26Z:1:87207920:A	14	55	2	0	2	TCGA-C8-A26Z	0.797101449275362
TCGA-C8-A26Z:5:171766138:G	33	26	2	1	2	TCGA-C8-A26Z	0.440677966101695
TCGA-C8-A26Z:7:99802723:C	55	14	2	2	2	TCGA-C8-A26Z	0.202898550724638
TCGA-C8-A26Z:7:100349543:C	336	81	2	2	2	TCGA-C8-A26Z	0.194244604316547
TCGA-C8-A26Z:10:38121863:A	22	41	2	1	2	TCGA-C8-A26Z	0.650793650793651
TCGA-C8-A26Z:1:36358211:G	55	11	2	1	2	TCGA-C8-A26Z	0.166666666666667
TCGA-C8-A26Z:2:131258114:A	113	15	2	1	1	TCGA-C8-A26Z	0.1171875
TCGA-C8-A26Z:8:30694937:G	52	8	2	1	2	TCGA-C8-A26Z	0.133333333333333
