mutation_id	ref_counts	var_counts	normal_cn	minor_cn	major_cn	variant_case	variant_freq
TCGA-A2-A0ET:19:42471431:G	42	36	2	2	2	TCGA-A2-A0ET	0.461538461538462
TCGA-A2-A0ET:14:24112421:G	33	41	2	1	2	TCGA-A2-A0ET	0.554054054054054
TCGA-A2-A0ET:8:105463599:C	56	66	2	1	2	TCGA-A2-A0ET	0.540983606557377
TCGA-A2-A0ET:6:146126058:G	39	26	2	0	2	TCGA-A2-A0ET	0.4
TCGA-A2-A0ET:14:44973848:T	24	24	2	1	2	TCGA-A2-A0ET	0.5
TCGA-A2-A0ET:1:89661003:C	129	77	2	1	1	TCGA-A2-A0ET	0.37378640776699
TCGA-A2-A0ET:12:57389412:G	87	142	2	1	3	TCGA-A2-A0ET	0.620087336244541
TCGA-A2-A0ET:18:19098026:T	95	125	2	1	2	TCGA-A2-A0ET	0.568181818181818
TCGA-A2-A0ET:22:22712558:G	113	44	2	0	2	TCGA-A2-A0ET	0.280254777070064
TCGA-A2-A0ET:2:128262380:C	126	579	2	0	2	TCGA-A2-A0ET	0.821276595744681
TCGA-A2-A0ET:19:42930910:A	232	148	2	2	2	TCGA-A2-A0ET	0.389473684210526
TCGA-A2-A0ET:21:30316846:C	39	62	2	1	2	TCGA-A2-A0ET	0.613861386138614
TCGA-A2-A0ET:3:195505960:G	206	116	2	1	2	TCGA-A2-A0ET	0.360248447204969
TCGA-A2-A0ET:12:96063918:T	75	168	2	1	3	TCGA-A2-A0ET	0.691358024691358
TCGA-A2-A0ET:11:4967799:G	154	76	2	1	1	TCGA-A2-A0ET	0.330434782608696
TCGA-A2-A0ET:1:154904864:G	248	74	2	1	4	TCGA-A2-A0ET	0.229813664596273
TCGA-A2-A0ET:1:226109671:C	57	9	2	1	4	TCGA-A2-A0ET	0.136363636363636
TCGA-A2-A0ET:12:126139187:C	26	57	2	1	3	TCGA-A2-A0ET	0.686746987951807
TCGA-A2-A0ET:19:19240990:C	21	17	2	2	2	TCGA-A2-A0ET	0.447368421052632
TCGA-A2-A0ET:5:14504592:C	100	32	2	1	3	TCGA-A2-A0ET	0.242424242424242
TCGA-A2-A0ET:16:68591931:G	145	143	2	1	4	TCGA-A2-A0ET	0.496527777777778
TCGA-A2-A0ET:2:21260974:G	80	24	2	0	2	TCGA-A2-A0ET	0.230769230769231
TCGA-A2-A0ET:7:117398014:C	67	10	2	1	2	TCGA-A2-A0ET	0.12987012987013
TCGA-A2-A0ET:1:172376937:C	932	128	2	1	4	TCGA-A2-A0ET	0.120754716981132
TCGA-A2-A0ET:18:29867436:G	166	23	2	1	2	TCGA-A2-A0ET	0.121693121693122
TCGA-A2-A0ET:4:172735880:C	135	28	2	1	2	TCGA-A2-A0ET	0.171779141104294
TCGA-A2-A0ET:5:75967586:C	146	19	2	1	3	TCGA-A2-A0ET	0.115151515151515
TCGA-A2-A0ET:12:112513493:G	241	39	2	1	3	TCGA-A2-A0ET	0.139285714285714
TCGA-A2-A0ET:1:247654611:T	300	42	2	1	4	TCGA-A2-A0ET	0.12280701754386
TCGA-A2-A0ET:10:12211338:G	189	47	2	1	2	TCGA-A2-A0ET	0.199152542372881
TCGA-A2-A0ET:6:34802149:G	191	35	2	2	2	TCGA-A2-A0ET	0.154867256637168
