mutation_id	ref_counts	var_counts	normal_cn	minor_cn	major_cn	variant_case	variant_freq
TCGA-BH-A1EO:1:243828162:G	232	178	2	3	3	TCGA-BH-A1EO	0.434146341463415
TCGA-BH-A1EO:13:111927898:G	146	26	2	1	2	TCGA-BH-A1EO	0.151162790697674
TCGA-BH-A1EO:1:27057934:C	140	107	2	1	2	TCGA-BH-A1EO	0.433198380566802
TCGA-BH-A1EO:18:63547856:G	80	55	2	0	2	TCGA-BH-A1EO	0.407407407407407
TCGA-BH-A1EO:7:150752460:C	57	39	2	2	2	TCGA-BH-A1EO	0.40625
TCGA-BH-A1EO:3:130285633:C	77	64	2	1	2	TCGA-BH-A1EO	0.453900709219858
TCGA-BH-A1EO:15:89074906:G	104	34	2	1	1	TCGA-BH-A1EO	0.246376811594203
TCGA-BH-A1EO:21:47974150:G	81	23	2	1	2	TCGA-BH-A1EO	0.221153846153846
TCGA-BH-A1EO:9:22451851:A	101	25	2	1	2	TCGA-BH-A1EO	0.198412698412698
TCGA-BH-A1EO:16:89818569:C	58	47	2	0	2	TCGA-BH-A1EO	0.447619047619048
TCGA-BH-A1EO:15:23300098:C	24	6	2	1	1	TCGA-BH-A1EO	0.2
TCGA-BH-A1EO:3:4854831:G	187	32	2	1	2	TCGA-BH-A1EO	0.146118721461187
TCGA-BH-A1EO:12:78225321:C	68	52	2	0	2	TCGA-BH-A1EO	0.433333333333333
TCGA-BH-A1EO:12:54686775:G	53	40	2	0	2	TCGA-BH-A1EO	0.43010752688172
TCGA-BH-A1EO:12:80647295:C	230	71	2	0	2	TCGA-BH-A1EO	0.235880398671096
TCGA-BH-A1EO:17:43531287:G	22	8	2	1	2	TCGA-BH-A1EO	0.266666666666667
TCGA-BH-A1EO:12:106850925:G	239	66	2	0	2	TCGA-BH-A1EO	0.216393442622951
TCGA-BH-A1EO:4:8469962:C	72	10	2	1	2	TCGA-BH-A1EO	0.121951219512195
TCGA-BH-A1EO:5:176078754:G	195	27	2	2	2	TCGA-BH-A1EO	0.121621621621622
TCGA-BH-A1EO:20:36641436:T	258	130	2	2	3	TCGA-BH-A1EO	0.335051546391753
TCGA-BH-A1EO:19:52381767:C	136	59	2	2	3	TCGA-BH-A1EO	0.302564102564103
TCGA-BH-A1EO:20:57782030:C	56	27	2	2	2	TCGA-BH-A1EO	0.325301204819277
