mutation_id	ref_counts	var_counts	normal_cn	minor_cn	major_cn	variant_case	variant_freq
TCGA-E9-A248:13:113512220:C	78	32	2	1	2	TCGA-E9-A248	0.290909090909091
TCGA-E9-A248:15:45007801:A	82	20	2	0	1	TCGA-E9-A248	0.196078431372549
TCGA-E9-A248:19:6712375:G	56	11	2	0	1	TCGA-E9-A248	0.164179104477612
TCGA-E9-A248:10:32558007:G	121	19	2	0	1	TCGA-E9-A248	0.135714285714286
TCGA-E9-A248:10:94234712:G	46	6	2	0	1	TCGA-E9-A248	0.115384615384615
TCGA-E9-A248:17:41165618:C	95	15	2	1	1	TCGA-E9-A248	0.136363636363636
TCGA-E9-A248:4:151935687:T	40	6	2	1	1	TCGA-E9-A248	0.130434782608696
TCGA-E9-A248:11:58979086:G	42	7	2	0	2	TCGA-E9-A248	0.142857142857143
TCGA-E9-A248:14:51243678:C	45	11	2	1	1	TCGA-E9-A248	0.196428571428571
TCGA-E9-A248:9:131221854:C	57	9	2	1	1	TCGA-E9-A248	0.136363636363636
TCGA-E9-A248:1:248436655:C	96	16	2	1	2	TCGA-E9-A248	0.142857142857143
TCGA-E9-A248:20:9417764:C	43	10	2	1	2	TCGA-E9-A248	0.188679245283019
TCGA-E9-A248:6:33423544:G	25	7	2	1	1	TCGA-E9-A248	0.21875
