mutation_id	ref_counts	var_counts	normal_cn	minor_cn	major_cn	variant_case	variant_freq
TCGA-C8-A278:2:37458853:G	74	33	2	2	3	TCGA-C8-A278	0.308411214953271
TCGA-C8-A278:10:5541283:G	61	8	2	1	2	TCGA-C8-A278	0.115942028985507
TCGA-C8-A278:22:41632585:G	27	5	2	1	2	TCGA-C8-A278	0.15625
TCGA-C8-A278:6:497489:C	22	10	2	1	2	TCGA-C8-A278	0.3125
TCGA-C8-A278:19:46376150:C	32	8	2	1	1	TCGA-C8-A278	0.2
TCGA-C8-A278:1:155207291:C	52	10	2	1	2	TCGA-C8-A278	0.161290322580645
TCGA-C8-A278:7:35712884:G	49	6	2	1	2	TCGA-C8-A278	0.109090909090909
TCGA-C8-A278:17:38950160:A	67	9	2	0	2	TCGA-C8-A278	0.118421052631579
TCGA-C8-A278:3:195506293:T	68	8	2	2	3	TCGA-C8-A278	0.105263157894737
TCGA-C8-A278:13:80113888:C	89	10	2	1	1	TCGA-C8-A278	0.101010101010101
TCGA-C8-A278:10:91353062:C	83	12	2	1	3	TCGA-C8-A278	0.126315789473684
TCGA-C8-A278:1:33797902:G	70	12	2	1	1	TCGA-C8-A278	0.146341463414634
TCGA-C8-A278:3:178952063:A	51	15	2	2	3	TCGA-C8-A278	0.227272727272727
TCGA-C8-A278:3:178952085:A	56	16	2	2	3	TCGA-C8-A278	0.222222222222222
TCGA-C8-A278:22:51220689:C	44	12	2	1	2	TCGA-C8-A278	0.214285714285714
TCGA-C8-A278:14:24808688:C	49	10	2	2	2	TCGA-C8-A278	0.169491525423729
TCGA-C8-A278:2:242289558:G	45	5	2	1	2	TCGA-C8-A278	0.1
TCGA-C8-A278:19:51656410:G	29	11	2	1	1	TCGA-C8-A278	0.275
TCGA-C8-A278:16:4245638:T	73	19	2	2	2	TCGA-C8-A278	0.206521739130435
TCGA-C8-A278:20:13415695:A	42	6	2	2	2	TCGA-C8-A278	0.125
TCGA-C8-A278:17:7578427:T	31	10	2	0	1	TCGA-C8-A278	0.24390243902439
TCGA-C8-A278:16:11856527:C	80	12	2	2	3	TCGA-C8-A278	0.130434782608696
