mutation_id	ref_counts	var_counts	normal_cn	minor_cn	major_cn	variant_case	variant_freq
TCGA-E2-A1IJ:15:79067099:G	49	9	2	1	1	TCGA-E2-A1IJ	0.155172413793103
TCGA-E2-A1IJ:5:177171957:G	30	5	2	1	1	TCGA-E2-A1IJ	0.142857142857143
TCGA-E2-A1IJ:7:23309653:A	36	21	2	1	3	TCGA-E2-A1IJ	0.368421052631579
TCGA-E2-A1IJ:8:30557645:G	35	5	2	1	1	TCGA-E2-A1IJ	0.125
TCGA-E2-A1IJ:6:44219526:G	52	11	2	1	1	TCGA-E2-A1IJ	0.174603174603175
TCGA-E2-A1IJ:6:44219527:C	52	10	2	1	1	TCGA-E2-A1IJ	0.161290322580645
TCGA-E2-A1IJ:9:134027158:T	58	14	2	1	1	TCGA-E2-A1IJ	0.194444444444444
TCGA-E2-A1IJ:10:88421081:G	26	5	2	1	1	TCGA-E2-A1IJ	0.161290322580645
TCGA-E2-A1IJ:16:3656563:C	90	33	2	1	2	TCGA-E2-A1IJ	0.268292682926829
TCGA-E2-A1IJ:17:76089144:G	35	11	2	1	2	TCGA-E2-A1IJ	0.239130434782609
TCGA-E2-A1IJ:13:45010182:T	39	10	2	1	1	TCGA-E2-A1IJ	0.204081632653061
