mutation_id	ref_counts	var_counts	normal_cn	minor_cn	major_cn	variant_case	variant_freq
TCGA-B6-A0WV:6:43593250:C	35	73	2	0	2	TCGA-B6-A0WV	0.675925925925926
TCGA-B6-A0WV:2:26432729:T	266	111	2	1	2	TCGA-B6-A0WV	0.294429708222812
TCGA-B6-A0WV:4:89304502:G	161	123	2	1	2	TCGA-B6-A0WV	0.433098591549296
TCGA-B6-A0WV:21:39671581:G	177	47	2	1	2	TCGA-B6-A0WV	0.209821428571429
TCGA-B6-A0WV:17:68128759:G	160	65	2	3	3	TCGA-B6-A0WV	0.288888888888889
TCGA-B6-A0WV:12:10600155:A	267	172	2	2	2	TCGA-B6-A0WV	0.391799544419134
TCGA-B6-A0WV:13:101759935:C	156	332	2	0	2	TCGA-B6-A0WV	0.680327868852459
TCGA-B6-A0WV:7:75044928:G	51	39	2	2	2	TCGA-B6-A0WV	0.433333333333333
TCGA-B6-A0WV:11:55944758:C	216	157	2	2	2	TCGA-B6-A0WV	0.420911528150134
TCGA-B6-A0WV:6:13206102:A	45	84	2	0	2	TCGA-B6-A0WV	0.651162790697674
TCGA-B6-A0WV:3:111632538:A	163	111	2	1	2	TCGA-B6-A0WV	0.405109489051095
TCGA-B6-A0WV:12:70925884:T	349	191	2	2	2	TCGA-B6-A0WV	0.353703703703704
TCGA-B6-A0WV:22:21138494:C	87	61	2	1	2	TCGA-B6-A0WV	0.412162162162162
TCGA-B6-A0WV:13:37453778:C	28	72	2	0	2	TCGA-B6-A0WV	0.72
TCGA-B6-A0WV:12:27470270:C	254	197	2	2	2	TCGA-B6-A0WV	0.436807095343681
TCGA-B6-A0WV:12:113728784:A	208	140	2	2	2	TCGA-B6-A0WV	0.402298850574713
TCGA-B6-A0WV:1:12331106:A	135	104	2	1	1	TCGA-B6-A0WV	0.435146443514644
TCGA-B6-A0WV:3:123667564:G	183	89	2	1	2	TCGA-B6-A0WV	0.327205882352941
TCGA-B6-A0WV:14:53145184:C	120	75	2	2	3	TCGA-B6-A0WV	0.384615384615385
TCGA-B6-A0WV:4:190876224:T	361	61	2	1	2	TCGA-B6-A0WV	0.144549763033175
TCGA-B6-A0WV:11:94308183:C	264	74	2	0	2	TCGA-B6-A0WV	0.218934911242604
