mutation_id	ref_counts	var_counts	normal_cn	minor_cn	major_cn	variant_case	variant_freq
TCGA-B6-A0IG:4:114199618:C	62	24	2	1	1	TCGA-B6-A0IG	0.27906976744186
TCGA-B6-A0IG:18:31325701:C	33	15	2	1	1	TCGA-B6-A0IG	0.3125
TCGA-B6-A0IG:11:64669591:C	28	10	2	1	3	TCGA-B6-A0IG	0.263157894736842
TCGA-B6-A0IG:16:56536710:C	94	29	2	1	2	TCGA-B6-A0IG	0.235772357723577
TCGA-B6-A0IG:22:18209657:G	18	29	2	0	1	TCGA-B6-A0IG	0.617021276595745
TCGA-B6-A0IG:2:101879132:G	73	27	2	1	1	TCGA-B6-A0IG	0.27
TCGA-B6-A0IG:9:88842313:T	35	14	2	1	1	TCGA-B6-A0IG	0.285714285714286
TCGA-B6-A0IG:14:59792440:T	145	74	2	1	1	TCGA-B6-A0IG	0.337899543378995
TCGA-B6-A0IG:16:22268146:C	56	14	2	1	2	TCGA-B6-A0IG	0.2
TCGA-B6-A0IG:1:152285981:G	153	76	2	0	2	TCGA-B6-A0IG	0.331877729257642
TCGA-B6-A0IG:1:174417411:C	182	102	2	1	1	TCGA-B6-A0IG	0.359154929577465
TCGA-B6-A0IG:12:122669187:G	80	38	2	1	1	TCGA-B6-A0IG	0.322033898305085
TCGA-B6-A0IG:10:18155491:G	16	54	2	1	1	TCGA-B6-A0IG	0.771428571428571
TCGA-B6-A0IG:4:72897694:G	53	19	2	1	1	TCGA-B6-A0IG	0.263888888888889
TCGA-B6-A0IG:13:33344430:G	64	26	2	1	1	TCGA-B6-A0IG	0.288888888888889
TCGA-B6-A0IG:7:47872771:G	24	63	2	1	1	TCGA-B6-A0IG	0.724137931034483
TCGA-B6-A0IG:13:49050933:A	76	36	2	1	1	TCGA-B6-A0IG	0.321428571428571
TCGA-B6-A0IG:7:103276003:G	70	47	2	1	1	TCGA-B6-A0IG	0.401709401709402
TCGA-B6-A0IG:1:234452419:C	121	76	2	1	1	TCGA-B6-A0IG	0.385786802030457
TCGA-B6-A0IG:18:40853841:C	85	33	2	1	1	TCGA-B6-A0IG	0.279661016949153
TCGA-B6-A0IG:3:64589940:G	215	55	2	0	1	TCGA-B6-A0IG	0.203703703703704
TCGA-B6-A0IG:20:36147543:G	31	8	2	1	1	TCGA-B6-A0IG	0.205128205128205
TCGA-B6-A0IG:16:49433130:G	132	24	2	0	2	TCGA-B6-A0IG	0.153846153846154
TCGA-B6-A0IG:10:26243889:C	204	34	2	1	1	TCGA-B6-A0IG	0.142857142857143
TCGA-B6-A0IG:1:248636826:C	393	99	2	1	1	TCGA-B6-A0IG	0.201219512195122
TCGA-B6-A0IG:14:24664018:C	87	31	2	1	1	TCGA-B6-A0IG	0.26271186440678
