mutation_id	ref_counts	var_counts	normal_cn	minor_cn	major_cn	variant_case	variant_freq
TCGA-AO-A0JC:6:170871052:G	29	10	2	1	1	TCGA-AO-A0JC	0.256410256410256
TCGA-AO-A0JC:16:70292941:G	57	7	2	1	1	TCGA-AO-A0JC	0.109375
TCGA-AO-A0JC:19:17922586:G	31	6	2	1	1	TCGA-AO-A0JC	0.162162162162162
TCGA-AO-A0JC:5:172537628:G	302	36	2	1	1	TCGA-AO-A0JC	0.106508875739645
TCGA-AO-A0JC:5:89979505:G	61	10	2	1	1	TCGA-AO-A0JC	0.140845070422535
TCGA-AO-A0JC:15:23811712:C	40	5	2	1	1	TCGA-AO-A0JC	0.111111111111111
TCGA-AO-A0JC:1:186276520:A	64	18	2	1	1	TCGA-AO-A0JC	0.219512195121951
