mutation_id	ref_counts	var_counts	normal_cn	minor_cn	major_cn	variant_case	variant_freq
TCGA-AR-A24W:16:50346035:G	50	13	2	0	2	TCGA-AR-A24W	0.206349206349206
TCGA-AR-A24W:7:31146206:G	86	14	2	3	3	TCGA-AR-A24W	0.14
TCGA-AR-A24W:3:193174938:G	46	19	2	0	3	TCGA-AR-A24W	0.292307692307692
TCGA-AR-A24W:9:16552596:C	42	12	2	0	1	TCGA-AR-A24W	0.222222222222222
