mutation_id	ref_counts	var_counts	normal_cn	minor_cn	major_cn	variant_case	variant_freq
TCGA-BH-A0DP:10:123549742:T	136	23	2	2	2	TCGA-BH-A0DP	0.144654088050314
TCGA-BH-A0DP:16:84497267:G	72	64	2	0	2	TCGA-BH-A0DP	0.470588235294118
TCGA-BH-A0DP:18:47777321:T	417	140	2	2	3	TCGA-BH-A0DP	0.251346499102334
TCGA-BH-A0DP:4:17517100:G	26	11	2	2	2	TCGA-BH-A0DP	0.297297297297297
TCGA-BH-A0DP:13:36700119:G	38	6	2	1	1	TCGA-BH-A0DP	0.136363636363636
TCGA-BH-A0DP:8:25897605:C	42	11	2	2	3	TCGA-BH-A0DP	0.207547169811321
TCGA-BH-A0DP:5:453697:A	65	54	2	2	3	TCGA-BH-A0DP	0.453781512605042
TCGA-BH-A0DP:1:152282524:G	189	24	2	2	8	TCGA-BH-A0DP	0.112676056338028
TCGA-BH-A0DP:12:57389644:G	87	43	2	2	2	TCGA-BH-A0DP	0.330769230769231
TCGA-BH-A0DP:3:124540269:T	95	21	2	2	2	TCGA-BH-A0DP	0.181034482758621
TCGA-BH-A0DP:17:12011144:C	101	94	2	0	2	TCGA-BH-A0DP	0.482051282051282
TCGA-BH-A0DP:4:164247685:G	165	20	2	2	2	TCGA-BH-A0DP	0.108108108108108
TCGA-BH-A0DP:11:47814420:T	194	47	2	2	3	TCGA-BH-A0DP	0.195020746887967
TCGA-BH-A0DP:5:140590267:G	69	18	2	2	3	TCGA-BH-A0DP	0.206896551724138
TCGA-BH-A0DP:3:178936082:G	68	16	2	2	2	TCGA-BH-A0DP	0.19047619047619
TCGA-BH-A0DP:3:130452677:G	336	65	2	2	2	TCGA-BH-A0DP	0.162094763092269
TCGA-BH-A0DP:11:60666746:T	47	10	2	2	3	TCGA-BH-A0DP	0.175438596491228
TCGA-BH-A0DP:6:89600290:C	68	9	2	1	1	TCGA-BH-A0DP	0.116883116883117
TCGA-BH-A0DP:22:25308612:G	43	26	2	2	2	TCGA-BH-A0DP	0.376811594202899
TCGA-BH-A0DP:12:21168658:G	72	34	2	2	2	TCGA-BH-A0DP	0.320754716981132
TCGA-BH-A0DP:22:24583622:C	22	56	2	2	2	TCGA-BH-A0DP	0.717948717948718
TCGA-BH-A0DP:11:4409560:C	392	45	2	2	2	TCGA-BH-A0DP	0.102974828375286
