mutation_id	ref_counts	var_counts	normal_cn	minor_cn	major_cn	variant_case	variant_freq
TCGA-EW-A1PA:20:20023016:T	34	25	2	1	1	TCGA-EW-A1PA	0.423728813559322
TCGA-EW-A1PA:4:155161799:C	39	10	2	1	1	TCGA-EW-A1PA	0.204081632653061
TCGA-EW-A1PA:14:75470300:A	40	12	2	1	1	TCGA-EW-A1PA	0.230769230769231
TCGA-EW-A1PA:11:18195501:G	43	15	2	1	1	TCGA-EW-A1PA	0.258620689655172
TCGA-EW-A1PA:1:248084511:T	42	11	2	1	1	TCGA-EW-A1PA	0.207547169811321
TCGA-EW-A1PA:11:55798211:C	31	7	2	1	1	TCGA-EW-A1PA	0.184210526315789
TCGA-EW-A1PA:1:26448989:C	28	11	2	1	1	TCGA-EW-A1PA	0.282051282051282
TCGA-EW-A1PA:17:74538648:C	28	7	2	0	3	TCGA-EW-A1PA	0.2
TCGA-EW-A1PA:20:41100907:G	30	10	2	1	4	TCGA-EW-A1PA	0.25
TCGA-EW-A1PA:16:30393112:C	32	13	2	1	1	TCGA-EW-A1PA	0.288888888888889
TCGA-EW-A1PA:2:108604643:T	36	14	2	1	1	TCGA-EW-A1PA	0.28
TCGA-EW-A1PA:12:11061465:G	27	16	2	1	1	TCGA-EW-A1PA	0.372093023255814
TCGA-EW-A1PA:17:7578212:G	21	18	2	0	1	TCGA-EW-A1PA	0.461538461538462
TCGA-EW-A1PA:9:135772703:T	49	22	2	1	1	TCGA-EW-A1PA	0.309859154929577
TCGA-EW-A1PA:11:1267311:A	36	6	2	0	1	TCGA-EW-A1PA	0.142857142857143
TCGA-EW-A1PA:4:39865035:A	42	9	2	1	1	TCGA-EW-A1PA	0.176470588235294
