mutation_id	ref_counts	var_counts	normal_cn	minor_cn	major_cn	variant_case	variant_freq
TCGA-AN-A049:17:72619828:G	201	77	2	1	2	TCGA-AN-A049	0.276978417266187
TCGA-AN-A049:6:75884984:G	157	66	2	1	1	TCGA-AN-A049	0.295964125560538
TCGA-AN-A049:6:397138:G	45	29	2	1	1	TCGA-AN-A049	0.391891891891892
TCGA-AN-A049:12:53042056:G	259	110	2	1	1	TCGA-AN-A049	0.29810298102981
TCGA-AN-A049:12:68719294:C	365	167	2	1	1	TCGA-AN-A049	0.31390977443609
TCGA-AN-A049:1:36029024:T	24	11	2	1	1	TCGA-AN-A049	0.314285714285714
TCGA-AN-A049:10:50946283:G	40	18	2	1	1	TCGA-AN-A049	0.310344827586207
TCGA-AN-A049:1:247835571:C	126	57	2	1	1	TCGA-AN-A049	0.311475409836066
TCGA-AN-A049:3:178952085:A	230	323	2	1	4	TCGA-AN-A049	0.584086799276673
TCGA-AN-A049:16:4829718:G	119	25	2	1	3	TCGA-AN-A049	0.173611111111111
TCGA-AN-A049:7:100457800:G	30	36	2	0	1	TCGA-AN-A049	0.545454545454545
TCGA-AN-A049:17:33749142:G	379	187	2	2	3	TCGA-AN-A049	0.330388692579505
TCGA-AN-A049:1:85656406:T	354	168	2	1	1	TCGA-AN-A049	0.32183908045977
TCGA-AN-A049:11:59629105:C	211	90	2	1	1	TCGA-AN-A049	0.299003322259136
TCGA-AN-A049:5:167881097:G	207	221	2	1	2	TCGA-AN-A049	0.516355140186916
TCGA-AN-A049:9:116764297:G	43	14	2	1	1	TCGA-AN-A049	0.245614035087719
TCGA-AN-A049:1:227288919:G	197	163	2	1	2	TCGA-AN-A049	0.452777777777778
TCGA-AN-A049:14:107095423:G	46	8	2	1	1	TCGA-AN-A049	0.148148148148148
TCGA-AN-A049:14:72055691:G	234	97	2	1	1	TCGA-AN-A049	0.293051359516616
TCGA-AN-A049:12:53457540:C	59	11	2	1	1	TCGA-AN-A049	0.157142857142857
TCGA-AN-A049:1:179815877:T	228	53	2	1	2	TCGA-AN-A049	0.188612099644128
TCGA-AN-A049:5:94858950:T	427	171	2	1	1	TCGA-AN-A049	0.285953177257525
