mutation_id	ref_counts	var_counts	normal_cn	minor_cn	major_cn	variant_case	variant_freq
TCGA-A8-A09E:8:68179153:T	104	61	2	2	3	TCGA-A8-A09E	0.36969696969697
TCGA-A8-A09E:1:147092581:C	195	27	2	3	4	TCGA-A8-A09E	0.121621621621622
TCGA-A8-A09E:1:180062453:C	44	11	2	3	4	TCGA-A8-A09E	0.2
TCGA-A8-A09E:5:129243904:C	24	12	2	1	2	TCGA-A8-A09E	0.333333333333333
TCGA-A8-A09E:19:47151768:C	250	61	2	2	2	TCGA-A8-A09E	0.196141479099678
TCGA-A8-A09E:4:155219117:T	27	79	2	0	2	TCGA-A8-A09E	0.745283018867924
TCGA-A8-A09E:21:42080507:G	107	35	2	1	2	TCGA-A8-A09E	0.246478873239437
TCGA-A8-A09E:7:142568064:G	112	33	2	1	2	TCGA-A8-A09E	0.227586206896552
TCGA-A8-A09E:12:4919672:C	25	8	2	1	2	TCGA-A8-A09E	0.242424242424242
TCGA-A8-A09E:8:140631121:C	41	34	2	2	2	TCGA-A8-A09E	0.453333333333333
TCGA-A8-A09E:13:76382190:C	40	54	2	1	2	TCGA-A8-A09E	0.574468085106383
TCGA-A8-A09E:4:151392779:C	70	43	2	0	2	TCGA-A8-A09E	0.380530973451327
TCGA-A8-A09E:12:79990324:G	76	35	2	1	2	TCGA-A8-A09E	0.315315315315315
TCGA-A8-A09E:1:27124150:A	56	32	2	1	1	TCGA-A8-A09E	0.363636363636364
TCGA-A8-A09E:11:64700359:G	181	72	2	1	17	TCGA-A8-A09E	0.284584980237154
TCGA-A8-A09E:10:105362404:C	23	18	2	0	2	TCGA-A8-A09E	0.439024390243902
TCGA-A8-A09E:10:119012920:C	34	15	2	0	2	TCGA-A8-A09E	0.306122448979592
TCGA-A8-A09E:15:22866766:T	22	9	2	2	2	TCGA-A8-A09E	0.290322580645161
TCGA-A8-A09E:8:35544126:G	32	12	2	2	2	TCGA-A8-A09E	0.272727272727273
TCGA-A8-A09E:6:29640364:G	100	30	2	2	2	TCGA-A8-A09E	0.230769230769231
TCGA-A8-A09E:7:144061486:C	34	5	2	1	2	TCGA-A8-A09E	0.128205128205128
TCGA-A8-A09E:11:6646655:G	32	5	2	1	2	TCGA-A8-A09E	0.135135135135135
TCGA-A8-A09E:9:111668755:C	182	38	2	1	2	TCGA-A8-A09E	0.172727272727273
TCGA-A8-A09E:11:56043133:G	439	80	2	1	2	TCGA-A8-A09E	0.154142581888247
TCGA-A8-A09E:7:143701799:C	177	47	2	1	2	TCGA-A8-A09E	0.209821428571429
TCGA-A8-A09E:11:124310466:G	37	44	2	0	1	TCGA-A8-A09E	0.54320987654321
TCGA-A8-A09E:10:89653840:C	32	66	2	0	2	TCGA-A8-A09E	0.673469387755102
TCGA-A8-A09E:2:179595715:A	175	168	2	1	2	TCGA-A8-A09E	0.489795918367347
TCGA-A8-A09E:1:101190191:A	91	12	2	1	1	TCGA-A8-A09E	0.116504854368932
TCGA-A8-A09E:19:24116032:G	127	71	2	2	2	TCGA-A8-A09E	0.358585858585859
