mutation_id	ref_counts	var_counts	normal_cn	minor_cn	major_cn	variant_case	variant_freq
TCGA-E2-A1II:2:111886207:T	45	8	2	1	2	TCGA-E2-A1II	0.150943396226415
TCGA-E2-A1II:18:50278619:C	34	5	2	1	1	TCGA-E2-A1II	0.128205128205128
TCGA-E2-A1II:18:65178268:A	53	15	2	1	1	TCGA-E2-A1II	0.220588235294118
TCGA-E2-A1II:20:60772932:C	45	10	2	1	2	TCGA-E2-A1II	0.181818181818182
TCGA-E2-A1II:6:142396871:T	27	9	2	1	2	TCGA-E2-A1II	0.25
TCGA-E2-A1II:4:134073920:C	35	12	2	0	1	TCGA-E2-A1II	0.25531914893617
TCGA-E2-A1II:20:39798164:T	77	24	2	1	2	TCGA-E2-A1II	0.237623762376238
TCGA-E2-A1II:19:17986867:G	97	25	2	1	1	TCGA-E2-A1II	0.204918032786885
TCGA-E2-A1II:6:159029468:G	62	14	2	1	1	TCGA-E2-A1II	0.184210526315789
TCGA-E2-A1II:8:103297830:T	37	8	2	1	2	TCGA-E2-A1II	0.177777777777778
TCGA-E2-A1II:6:87965080:T	42	14	2	0	2	TCGA-E2-A1II	0.25
TCGA-E2-A1II:8:38162915:C	69	9	2	1	1	TCGA-E2-A1II	0.115384615384615
