mutation_id	ref_counts	var_counts	normal_cn	minor_cn	major_cn	variant_case	variant_freq
TCGA-BH-A1FL:11:118779066:C	20	14	2	1	1	TCGA-BH-A1FL	0.411764705882353
TCGA-BH-A1FL:1:10714015:G	22	16	2	1	1	TCGA-BH-A1FL	0.421052631578947
TCGA-BH-A1FL:16:67100608:T	20	60	2	0	1	TCGA-BH-A1FL	0.75
TCGA-BH-A1FL:16:62055218:A	8	34	2	0	1	TCGA-BH-A1FL	0.80952380952381
TCGA-BH-A1FL:1:155734834:G	61	17	2	1	3	TCGA-BH-A1FL	0.217948717948718
TCGA-BH-A1FL:17:37988354:C	60	40	2	1	1	TCGA-BH-A1FL	0.4
TCGA-BH-A1FL:15:41388029:G	32	15	2	1	1	TCGA-BH-A1FL	0.319148936170213
TCGA-BH-A1FL:2:68413703:C	66	55	2	1	1	TCGA-BH-A1FL	0.454545454545455
TCGA-BH-A1FL:3:9495453:A	40	15	2	1	1	TCGA-BH-A1FL	0.272727272727273
TCGA-BH-A1FL:6:170871055:G	14	24	2	1	1	TCGA-BH-A1FL	0.631578947368421
TCGA-BH-A1FL:6:73787578:T	111	29	2	1	1	TCGA-BH-A1FL	0.207142857142857
