mutation_id	ref_counts	var_counts	normal_cn	minor_cn	major_cn	variant_case	variant_freq
TCGA-AO-A0JE:5:172410873:C	34	14	2	1	1	TCGA-AO-A0JE	0.291666666666667
TCGA-AO-A0JE:15:91346773:G	100	24	2	1	1	TCGA-AO-A0JE	0.193548387096774
TCGA-AO-A0JE:6:26509153:C	92	33	2	1	1	TCGA-AO-A0JE	0.264
TCGA-AO-A0JE:11:76227289:C	155	23	2	1	3	TCGA-AO-A0JE	0.129213483146067
TCGA-AO-A0JE:12:120152115:C	40	11	2	1	1	TCGA-AO-A0JE	0.215686274509804
TCGA-AO-A0JE:6:50016314:T	46	12	2	1	1	TCGA-AO-A0JE	0.206896551724138
TCGA-AO-A0JE:5:13862717:G	240	43	2	1	3	TCGA-AO-A0JE	0.151943462897526
TCGA-AO-A0JE:6:116757429:G	54	15	2	1	1	TCGA-AO-A0JE	0.217391304347826
TCGA-AO-A0JE:1:159277697:C	153	45	2	1	2	TCGA-AO-A0JE	0.227272727272727
TCGA-AO-A0JE:2:170060576:T	141	44	2	1	1	TCGA-AO-A0JE	0.237837837837838
TCGA-AO-A0JE:1:235973301:C	74	59	2	1	3	TCGA-AO-A0JE	0.443609022556391
TCGA-AO-A0JE:3:65361490:G	64	29	2	0	1	TCGA-AO-A0JE	0.311827956989247
TCGA-AO-A0JE:1:248685560:G	203	36	2	1	3	TCGA-AO-A0JE	0.150627615062762
TCGA-AO-A0JE:11:59245266:C	143	42	2	1	1	TCGA-AO-A0JE	0.227027027027027
TCGA-AO-A0JE:1:153274985:C	54	34	2	1	2	TCGA-AO-A0JE	0.386363636363636
TCGA-AO-A0JE:1:242253277:G	238	195	2	1	3	TCGA-AO-A0JE	0.450346420323326
TCGA-AO-A0JE:19:52729060:T	78	63	2	1	3	TCGA-AO-A0JE	0.446808510638298
TCGA-AO-A0JE:17:28545924:G	146	34	2	1	3	TCGA-AO-A0JE	0.188888888888889
TCGA-AO-A0JE:20:10277623:G	41	7	2	1	3	TCGA-AO-A0JE	0.145833333333333
TCGA-AO-A0JE:8:126021464:G	172	57	2	1	5	TCGA-AO-A0JE	0.248908296943231
TCGA-AO-A0JE:11:5686165:G	219	59	2	1	1	TCGA-AO-A0JE	0.212230215827338
TCGA-AO-A0JE:2:179466427:T	139	44	2	1	1	TCGA-AO-A0JE	0.240437158469945
TCGA-AO-A0JE:14:94060170:G	116	64	2	1	2	TCGA-AO-A0JE	0.355555555555556
TCGA-AO-A0JE:20:43739335:G	20	11	2	1	2	TCGA-AO-A0JE	0.354838709677419
TCGA-AO-A0JE:8:125989495:C	233	85	2	1	5	TCGA-AO-A0JE	0.267295597484277
TCGA-AO-A0JE:19:58370864:C	464	67	2	1	4	TCGA-AO-A0JE	0.126177024482109
TCGA-AO-A0JE:3:40557522:C	45	15	2	0	1	TCGA-AO-A0JE	0.25
TCGA-AO-A0JE:17:14095383:T	58	8	2	0	1	TCGA-AO-A0JE	0.121212121212121
TCGA-AO-A0JE:1:160251960:T	72	28	2	1	2	TCGA-AO-A0JE	0.28
TCGA-AO-A0JE:7:151919733:C	33	7	2	0	1	TCGA-AO-A0JE	0.175
TCGA-AO-A0JE:11:102822757:C	421	61	2	1	3	TCGA-AO-A0JE	0.12655601659751
TCGA-AO-A0JE:2:1891341:C	104	16	2	1	1	TCGA-AO-A0JE	0.133333333333333
