mutation_id	ref_counts	var_counts	normal_cn	minor_cn	major_cn	variant_case	variant_freq
TCGA-BH-A0E0:2:29432665:G	32	7	2	2	2	TCGA-BH-A0E0	0.179487179487179
TCGA-BH-A0E0:5:78181573:C	129	41	2	0	2	TCGA-BH-A0E0	0.241176470588235
TCGA-BH-A0E0:6:36976680:G	37	21	2	1	2	TCGA-BH-A0E0	0.362068965517241
TCGA-BH-A0E0:2:114257266:C	51	19	2	0	2	TCGA-BH-A0E0	0.271428571428571
TCGA-BH-A0E0:18:7050726:A	105	23	2	2	2	TCGA-BH-A0E0	0.1796875
TCGA-BH-A0E0:7:100683830:A	265	55	2	2	2	TCGA-BH-A0E0	0.171875
TCGA-BH-A0E0:2:152501038:G	52	15	2	0	2	TCGA-BH-A0E0	0.223880597014925
TCGA-BH-A0E0:11:78437179:C	326	46	2	1	6	TCGA-BH-A0E0	0.123655913978495
TCGA-BH-A0E0:9:125746848:G	41	15	2	0	2	TCGA-BH-A0E0	0.267857142857143
TCGA-BH-A0E0:3:49413010:G	79	32	2	0	2	TCGA-BH-A0E0	0.288288288288288
TCGA-BH-A0E0:7:4285428:A	43	5	2	2	2	TCGA-BH-A0E0	0.104166666666667
TCGA-BH-A0E0:6:152472809:C	73	20	2	1	2	TCGA-BH-A0E0	0.21505376344086
TCGA-BH-A0E0:6:47221133:G	31	6	2	1	2	TCGA-BH-A0E0	0.162162162162162
TCGA-BH-A0E0:17:7578406:C	34	38	2	0	2	TCGA-BH-A0E0	0.527777777777778
TCGA-BH-A0E0:16:28855746:C	32	9	2	0	2	TCGA-BH-A0E0	0.219512195121951
TCGA-BH-A0E0:10:50285301:G	36	9	2	1	2	TCGA-BH-A0E0	0.2
TCGA-BH-A0E0:10:28905131:A	129	35	2	1	2	TCGA-BH-A0E0	0.213414634146341
TCGA-BH-A0E0:19:57089741:T	64	27	2	1	1	TCGA-BH-A0E0	0.296703296703297
TCGA-BH-A0E0:18:74091656:C	49	10	2	2	2	TCGA-BH-A0E0	0.169491525423729
TCGA-BH-A0E0:19:53056786:A	385	87	2	1	3	TCGA-BH-A0E0	0.184322033898305
TCGA-BH-A0E0:4:190874255:A	80	9	2	0	2	TCGA-BH-A0E0	0.101123595505618
TCGA-BH-A0E0:3:38941399:G	47	43	2	0	2	TCGA-BH-A0E0	0.477777777777778
TCGA-BH-A0E0:19:57910907:G	336	88	2	1	1	TCGA-BH-A0E0	0.207547169811321
