mutation_id	ref_counts	var_counts	normal_cn	minor_cn	major_cn	variant_case	variant_freq
TCGA-GM-A2DC:8:67988761:C	91	20	2	2	4	TCGA-GM-A2DC	0.18018018018018
TCGA-GM-A2DC:17:35981486:C	81	22	2	1	2	TCGA-GM-A2DC	0.213592233009709
TCGA-GM-A2DC:8:145542158:C	25	17	2	2	4	TCGA-GM-A2DC	0.404761904761905
TCGA-GM-A2DC:7:6084237:T	21	36	2	1	2	TCGA-GM-A2DC	0.631578947368421
TCGA-GM-A2DC:7:36934508:G	93	86	2	1	2	TCGA-GM-A2DC	0.480446927374302
TCGA-GM-A2DC:2:170366849:C	55	27	2	1	2	TCGA-GM-A2DC	0.329268292682927
TCGA-GM-A2DC:17:39274455:G	92	23	2	1	2	TCGA-GM-A2DC	0.2
TCGA-GM-A2DC:1:154897637:T	72	30	2	2	3	TCGA-GM-A2DC	0.294117647058824
TCGA-GM-A2DC:19:46891947:C	43	16	2	1	2	TCGA-GM-A2DC	0.271186440677966
TCGA-GM-A2DC:2:1687851:C	30	15	2	1	1	TCGA-GM-A2DC	0.333333333333333
TCGA-GM-A2DC:1:169446894:T	32	8	2	2	3	TCGA-GM-A2DC	0.2
TCGA-GM-A2DC:9:117808755:C	51	23	2	1	1	TCGA-GM-A2DC	0.310810810810811
