mutation_id	ref_counts	var_counts	normal_cn	minor_cn	major_cn	variant_case	variant_freq
TCGA-A8-A0AD:8:24259485:T	69	32	2	2	2	TCGA-A8-A0AD	0.316831683168317
TCGA-A8-A0AD:16:67645922:C	23	50	2	0	2	TCGA-A8-A0AD	0.684931506849315
TCGA-A8-A0AD:7:101840509:A	56	32	2	2	2	TCGA-A8-A0AD	0.363636363636364
TCGA-A8-A0AD:17:72840611:C	29	13	2	1	2	TCGA-A8-A0AD	0.30952380952381
TCGA-A8-A0AD:5:177634110:T	74	59	2	2	2	TCGA-A8-A0AD	0.443609022556391
TCGA-A8-A0AD:20:42271262:C	31	13	2	2	2	TCGA-A8-A0AD	0.295454545454545
TCGA-A8-A0AD:3:9959098:C	27	9	2	2	2	TCGA-A8-A0AD	0.25
TCGA-A8-A0AD:17:51900728:G	92	55	2	1	2	TCGA-A8-A0AD	0.374149659863946
TCGA-A8-A0AD:11:56949488:C	46	13	2	2	2	TCGA-A8-A0AD	0.220338983050847
TCGA-A8-A0AD:11:66190213:G	40	20	2	2	2	TCGA-A8-A0AD	0.333333333333333
TCGA-A8-A0AD:18:21118629:T	68	18	2	2	2	TCGA-A8-A0AD	0.209302325581395
TCGA-A8-A0AD:5:176562356:A	64	27	2	2	2	TCGA-A8-A0AD	0.296703296703297
TCGA-A8-A0AD:1:248637580:T	360	123	2	1	2	TCGA-A8-A0AD	0.254658385093168
TCGA-A8-A0AD:2:241079498:C	21	11	2	2	2	TCGA-A8-A0AD	0.34375
TCGA-A8-A0AD:7:127253883:C	62	38	2	2	2	TCGA-A8-A0AD	0.38
TCGA-A8-A0AD:13:67205358:G	18	38	2	0	2	TCGA-A8-A0AD	0.678571428571429
TCGA-A8-A0AD:1:207112736:G	20	32	2	1	3	TCGA-A8-A0AD	0.615384615384615
TCGA-A8-A0AD:21:36171616:G	71	13	2	2	2	TCGA-A8-A0AD	0.154761904761905
TCGA-A8-A0AD:2:48808110:C	138	31	2	2	2	TCGA-A8-A0AD	0.183431952662722
