mutation_id	ref_counts	var_counts	normal_cn	minor_cn	major_cn	variant_case	variant_freq
TCGA-BH-A18L:1:222876531:G	721	219	2	2	5	TCGA-BH-A18L	0.232978723404255
TCGA-BH-A18L:7:134135680:A	14	26	2	1	1	TCGA-BH-A18L	0.65
TCGA-BH-A18L:22:39475005:G	17	84	2	0	2	TCGA-BH-A18L	0.831683168316832
TCGA-BH-A18L:14:96792113:C	147	122	2	2	2	TCGA-BH-A18L	0.453531598513011
TCGA-BH-A18L:14:105958575:C	26	18	2	2	2	TCGA-BH-A18L	0.409090909090909
TCGA-BH-A18L:1:159846491:G	296	59	2	2	5	TCGA-BH-A18L	0.166197183098592
TCGA-BH-A18L:20:58563973:G	96	35	2	2	4	TCGA-BH-A18L	0.267175572519084
TCGA-BH-A18L:19:54647208:G	100	21	2	0	4	TCGA-BH-A18L	0.173553719008264
TCGA-BH-A18L:9:140672361:C	39	7	2	1	2	TCGA-BH-A18L	0.152173913043478
TCGA-BH-A18L:10:64974081:G	113	105	2	2	2	TCGA-BH-A18L	0.481651376146789
TCGA-BH-A18L:7:15652133:C	121	143	2	2	2	TCGA-BH-A18L	0.541666666666667
TCGA-BH-A18L:19:9062672:G	50	20	2	0	2	TCGA-BH-A18L	0.285714285714286
TCGA-BH-A18L:9:127089686:G	92	39	2	1	2	TCGA-BH-A18L	0.297709923664122
TCGA-BH-A18L:14:75551376:G	222	56	2	2	2	TCGA-BH-A18L	0.201438848920863
TCGA-BH-A18L:1:248637260:C	411	70	2	2	5	TCGA-BH-A18L	0.145530145530146
TCGA-BH-A18L:13:97639726:G	46	54	2	1	2	TCGA-BH-A18L	0.54
TCGA-BH-A18L:10:20357104:G	173	113	2	2	2	TCGA-BH-A18L	0.395104895104895
TCGA-BH-A18L:17:27047625:A	307	127	2	2	4	TCGA-BH-A18L	0.292626728110599
TCGA-BH-A18L:12:129559467:G	123	28	2	2	2	TCGA-BH-A18L	0.185430463576159
TCGA-BH-A18L:5:135587470:G	36	40	2	2	3	TCGA-BH-A18L	0.526315789473684
TCGA-BH-A18L:6:27368399:C	141	24	2	0	5	TCGA-BH-A18L	0.145454545454545
TCGA-BH-A18L:14:75520314:G	267	36	2	2	2	TCGA-BH-A18L	0.118811881188119
TCGA-BH-A18L:5:14758638:G	284	38	2	2	3	TCGA-BH-A18L	0.118012422360248
TCGA-BH-A18L:6:74227940:A	51	6	2	0	1	TCGA-BH-A18L	0.105263157894737
TCGA-BH-A18L:10:120795555:C	220	39	2	1	3	TCGA-BH-A18L	0.150579150579151
TCGA-BH-A18L:5:74078857:C	186	30	2	2	2	TCGA-BH-A18L	0.138888888888889
TCGA-BH-A18L:2:33809886:T	155	120	2	1	2	TCGA-BH-A18L	0.436363636363636
TCGA-BH-A18L:5:108290582:T	222	31	2	2	3	TCGA-BH-A18L	0.122529644268775
TCGA-BH-A18L:21:30934056:C	138	81	2	1	2	TCGA-BH-A18L	0.36986301369863
TCGA-BH-A18L:17:4442756:C	53	6	2	0	2	TCGA-BH-A18L	0.101694915254237
TCGA-BH-A18L:3:40192554:A	53	9	2	1	2	TCGA-BH-A18L	0.145161290322581
TCGA-BH-A18L:8:22136963:G	49	20	2	0	1	TCGA-BH-A18L	0.289855072463768
TCGA-BH-A18L:9:94487328:C	50	31	2	1	2	TCGA-BH-A18L	0.382716049382716
