mutation_id	ref_counts	var_counts	normal_cn	minor_cn	major_cn	variant_case	variant_freq
TCGA-D8-A1JF:5:72858604:G	54	8	2	1	2	TCGA-D8-A1JF	0.129032258064516
TCGA-D8-A1JF:12:45781974:G	65	12	2	1	2	TCGA-D8-A1JF	0.155844155844156
TCGA-D8-A1JF:10:63851397:G	33	8	2	1	2	TCGA-D8-A1JF	0.195121951219512
TCGA-D8-A1JF:20:35731179:G	35	48	2	2	3	TCGA-D8-A1JF	0.578313253012048
TCGA-D8-A1JF:1:22304922:C	29	36	2	0	2	TCGA-D8-A1JF	0.553846153846154
TCGA-D8-A1JF:8:27461880:T	16	29	2	2	6	TCGA-D8-A1JF	0.644444444444444
TCGA-D8-A1JF:2:238253585:G	58	11	2	1	1	TCGA-D8-A1JF	0.159420289855072
TCGA-D8-A1JF:20:31294404:G	40	33	2	2	3	TCGA-D8-A1JF	0.452054794520548
TCGA-D8-A1JF:12:31579329:T	47	16	2	1	2	TCGA-D8-A1JF	0.253968253968254
TCGA-D8-A1JF:8:12956964:G	96	70	2	2	6	TCGA-D8-A1JF	0.421686746987952
TCGA-D8-A1JF:19:46282601:T	25	21	2	1	3	TCGA-D8-A1JF	0.456521739130435
TCGA-D8-A1JF:21:41710185:G	58	24	2	1	1	TCGA-D8-A1JF	0.292682926829268
TCGA-D8-A1JF:7:55211097:G	26	26	2	1	3	TCGA-D8-A1JF	0.5
TCGA-D8-A1JF:18:34297797:T	62	23	2	1	2	TCGA-D8-A1JF	0.270588235294118
TCGA-D8-A1JF:15:23685064:A	28	6	2	1	1	TCGA-D8-A1JF	0.176470588235294
TCGA-D8-A1JF:11:88583174:C	30	14	2	1	3	TCGA-D8-A1JF	0.318181818181818
TCGA-D8-A1JF:6:137482869:G	17	15	2	1	1	TCGA-D8-A1JF	0.46875
TCGA-D8-A1JF:11:55703086:G	27	18	2	2	2	TCGA-D8-A1JF	0.4
TCGA-D8-A1JF:5:140174848:C	24	7	2	0	1	TCGA-D8-A1JF	0.225806451612903
TCGA-D8-A1JF:3:178927430:G	72	19	2	0	2	TCGA-D8-A1JF	0.208791208791209
TCGA-D8-A1JF:3:178936091:G	16	19	2	0	2	TCGA-D8-A1JF	0.542857142857143
TCGA-D8-A1JF:1:114377000:T	67	14	2	2	2	TCGA-D8-A1JF	0.172839506172839
TCGA-D8-A1JF:2:166221684:G	24	10	2	1	1	TCGA-D8-A1JF	0.294117647058824
TCGA-D8-A1JF:1:70712533:G	47	9	2	0	2	TCGA-D8-A1JF	0.160714285714286
TCGA-D8-A1JF:16:84778300:G	48	17	2	1	2	TCGA-D8-A1JF	0.261538461538462
