mutation_id	ref_counts	var_counts	normal_cn	minor_cn	major_cn	variant_case	variant_freq
TCGA-BH-A0HO:21:30699316:C	140	87	2	1	1	TCGA-BH-A0HO	0.383259911894273
TCGA-BH-A0HO:12:105150939:C	72	23	2	1	1	TCGA-BH-A0HO	0.242105263157895
TCGA-BH-A0HO:5:169127104:G	83	47	2	1	1	TCGA-BH-A0HO	0.361538461538462
TCGA-BH-A0HO:22:40161426:C	136	54	2	1	1	TCGA-BH-A0HO	0.284210526315789
TCGA-BH-A0HO:19:40408747:C	84	49	2	1	1	TCGA-BH-A0HO	0.368421052631579
TCGA-BH-A0HO:1:63789206:G	19	16	2	1	1	TCGA-BH-A0HO	0.457142857142857
TCGA-BH-A0HO:17:21319230:G	20	17	2	1	1	TCGA-BH-A0HO	0.459459459459459
TCGA-BH-A0HO:1:152732639:G	307	81	2	1	2	TCGA-BH-A0HO	0.208762886597938
TCGA-BH-A0HO:15:77907821:C	83	42	2	1	1	TCGA-BH-A0HO	0.336
TCGA-BH-A0HO:5:34812309:A	270	130	2	1	1	TCGA-BH-A0HO	0.325
TCGA-BH-A0HO:18:2747542:G	81	28	2	1	1	TCGA-BH-A0HO	0.256880733944954
TCGA-BH-A0HO:9:129595094:T	78	41	2	1	1	TCGA-BH-A0HO	0.34453781512605
TCGA-BH-A0HO:3:171851264:A	245	90	2	1	1	TCGA-BH-A0HO	0.26865671641791
TCGA-BH-A0HO:7:44056086:G	355	95	2	1	1	TCGA-BH-A0HO	0.211111111111111
TCGA-BH-A0HO:1:12980232:G	64	9	2	1	1	TCGA-BH-A0HO	0.123287671232877
TCGA-BH-A0HO:19:54676772:G	63	19	2	1	1	TCGA-BH-A0HO	0.231707317073171
