mutation_id	ref_counts	var_counts	normal_cn	minor_cn	major_cn	variant_case	variant_freq
TCGA-A2-A0D3:11:130318913:C	27	11	2	2	2	TCGA-A2-A0D3	0.289473684210526
TCGA-A2-A0D3:6:70070787:C	64	46	2	2	2	TCGA-A2-A0D3	0.418181818181818
TCGA-A2-A0D3:11:128772497:G	62	20	2	2	2	TCGA-A2-A0D3	0.24390243902439
TCGA-A2-A0D3:1:170955837:G	329	71	2	2	8	TCGA-A2-A0D3	0.1775
TCGA-A2-A0D3:1:180047624:G	144	94	2	2	8	TCGA-A2-A0D3	0.394957983193277
TCGA-A2-A0D3:1:167097767:C	77	13	2	2	8	TCGA-A2-A0D3	0.144444444444444
TCGA-A2-A0D3:1:93163492:A	124	65	2	2	2	TCGA-A2-A0D3	0.343915343915344
TCGA-A2-A0D3:11:64702634:T	21	19	2	2	2	TCGA-A2-A0D3	0.475
TCGA-A2-A0D3:4:158262491:C	152	89	2	2	2	TCGA-A2-A0D3	0.369294605809129
TCGA-A2-A0D3:5:148756510:G	32	16	2	2	2	TCGA-A2-A0D3	0.333333333333333
TCGA-A2-A0D3:19:50810349:C	112	67	2	2	2	TCGA-A2-A0D3	0.374301675977654
TCGA-A2-A0D3:1:247588840:C	428	78	2	2	8	TCGA-A2-A0D3	0.154150197628458
TCGA-A2-A0D3:1:120458202:G	89	58	2	2	2	TCGA-A2-A0D3	0.394557823129252
TCGA-A2-A0D3:3:178952085:A	65	58	2	2	2	TCGA-A2-A0D3	0.471544715447154
TCGA-A2-A0D3:11:125301239:C	51	34	2	2	2	TCGA-A2-A0D3	0.4
TCGA-A2-A0D3:18:51820754:T	33	25	2	2	2	TCGA-A2-A0D3	0.431034482758621
TCGA-A2-A0D3:9:33676517:C	185	79	2	2	2	TCGA-A2-A0D3	0.299242424242424
TCGA-A2-A0D3:1:29651722:G	52	35	2	2	2	TCGA-A2-A0D3	0.402298850574713
TCGA-A2-A0D3:7:122768936:G	68	42	2	2	2	TCGA-A2-A0D3	0.381818181818182
TCGA-A2-A0D3:8:20005189:C	139	33	2	2	4	TCGA-A2-A0D3	0.191860465116279
TCGA-A2-A0D3:8:110588052:A	42	64	2	2	4	TCGA-A2-A0D3	0.60377358490566
TCGA-A2-A0D3:22:26895384:C	69	29	2	2	2	TCGA-A2-A0D3	0.295918367346939
