mutation_id	ref_counts	var_counts	normal_cn	minor_cn	major_cn	variant_case	variant_freq
TCGA-AR-A1AI:2:25047329:C	50	8	2	1	3	TCGA-AR-A1AI	0.137931034482759
TCGA-AR-A1AI:4:73957689:G	61	8	2	1	2	TCGA-AR-A1AI	0.115942028985507
TCGA-AR-A1AI:10:63662061:G	28	17	2	0	2	TCGA-AR-A1AI	0.377777777777778
TCGA-AR-A1AI:13:32921032:C	64	11	2	1	2	TCGA-AR-A1AI	0.146666666666667
TCGA-AR-A1AI:6:110948277:C	47	23	2	2	2	TCGA-AR-A1AI	0.328571428571429
TCGA-AR-A1AI:4:85525478:G	42	13	2	1	2	TCGA-AR-A1AI	0.236363636363636
TCGA-AR-A1AI:6:75893090:T	37	9	2	2	2	TCGA-AR-A1AI	0.195652173913043
TCGA-AR-A1AI:7:94056944:C	29	10	2	1	3	TCGA-AR-A1AI	0.256410256410256
TCGA-AR-A1AI:19:41594877:C	53	10	2	1	2	TCGA-AR-A1AI	0.158730158730159
TCGA-AR-A1AI:15:51766785:C	21	9	2	0	2	TCGA-AR-A1AI	0.3
TCGA-AR-A1AI:15:45392973:C	37	21	2	0	2	TCGA-AR-A1AI	0.362068965517241
TCGA-AR-A1AI:7:95668673:C	44	6	2	1	3	TCGA-AR-A1AI	0.12
TCGA-AR-A1AI:14:106518523:C	113	24	2	0	2	TCGA-AR-A1AI	0.175182481751825
TCGA-AR-A1AI:3:151160895:G	60	19	2	2	2	TCGA-AR-A1AI	0.240506329113924
TCGA-AR-A1AI:5:1463930:C	76	27	2	1	7	TCGA-AR-A1AI	0.262135922330097
TCGA-AR-A1AI:18:13826448:G	61	13	2	1	2	TCGA-AR-A1AI	0.175675675675676
TCGA-AR-A1AI:14:23894170:C	33	12	2	0	2	TCGA-AR-A1AI	0.266666666666667
TCGA-AR-A1AI:1:24402671:G	30	15	2	2	2	TCGA-AR-A1AI	0.333333333333333
TCGA-AR-A1AI:5:140711613:G	42	12	2	1	1	TCGA-AR-A1AI	0.222222222222222
TCGA-AR-A1AI:20:30534308:C	92	25	2	2	4	TCGA-AR-A1AI	0.213675213675214
TCGA-AR-A1AI:16:15112739:C	208	35	2	0	3	TCGA-AR-A1AI	0.1440329218107
TCGA-AR-A1AI:22:46654720:A	80	38	2	0	2	TCGA-AR-A1AI	0.322033898305085
TCGA-AR-A1AI:16:74334086:G	82	15	2	0	3	TCGA-AR-A1AI	0.154639175257732
TCGA-AR-A1AI:11:36597453:G	57	11	2	2	2	TCGA-AR-A1AI	0.161764705882353
TCGA-AR-A1AI:6:117252535:T	67	10	2	2	2	TCGA-AR-A1AI	0.12987012987013
TCGA-AR-A1AI:5:140699073:C	50	9	2	1	1	TCGA-AR-A1AI	0.152542372881356
TCGA-AR-A1AI:4:16177795:C	26	14	2	0	1	TCGA-AR-A1AI	0.35
TCGA-AR-A1AI:17:7577130:A	23	13	2	0	2	TCGA-AR-A1AI	0.361111111111111
TCGA-AR-A1AI:7:142045705:G	82	24	2	2	3	TCGA-AR-A1AI	0.226415094339623
TCGA-AR-A1AI:9:77455078:G	42	15	2	0	2	TCGA-AR-A1AI	0.263157894736842
TCGA-AR-A1AI:6:97001226:G	68	10	2	1	2	TCGA-AR-A1AI	0.128205128205128
TCGA-AR-A1AI:17:58275782:C	69	16	2	0	2	TCGA-AR-A1AI	0.188235294117647
TCGA-AR-A1AI:4:142151378:T	64	10	2	1	2	TCGA-AR-A1AI	0.135135135135135
TCGA-AR-A1AI:19:56896091:C	30	11	2	1	2	TCGA-AR-A1AI	0.268292682926829
