mutation_id	ref_counts	var_counts	normal_cn	minor_cn	major_cn	variant_case	variant_freq
TCGA-C8-A27A:8:69381036:C	24	8	2	1	2	TCGA-C8-A27A	0.25
TCGA-C8-A27A:10:12259451:G	43	6	2	2	2	TCGA-C8-A27A	0.122448979591837
TCGA-C8-A27A:15:100332919:T	20	12	2	1	2	TCGA-C8-A27A	0.375
TCGA-C8-A27A:18:28934500:G	45	10	2	2	3	TCGA-C8-A27A	0.181818181818182
TCGA-C8-A27A:12:117448250:C	41	11	2	1	2	TCGA-C8-A27A	0.211538461538462
TCGA-C8-A27A:3:99568867:G	61	39	2	2	2	TCGA-C8-A27A	0.39
TCGA-C8-A27A:17:25965319:G	22	15	2	2	2	TCGA-C8-A27A	0.405405405405405
TCGA-C8-A27A:13:113750743:G	24	12	2	2	2	TCGA-C8-A27A	0.333333333333333
TCGA-C8-A27A:2:232320764:G	26	37	2	1	2	TCGA-C8-A27A	0.587301587301587
TCGA-C8-A27A:1:248616749:C	34	5	2	1	3	TCGA-C8-A27A	0.128205128205128
TCGA-C8-A27A:11:100962590:A	12	70	2	0	3	TCGA-C8-A27A	0.853658536585366
TCGA-C8-A27A:8:99168386:C	91	12	2	2	13	TCGA-C8-A27A	0.116504854368932
TCGA-C8-A27A:9:79319916:C	34	21	2	2	2	TCGA-C8-A27A	0.381818181818182
TCGA-C8-A27A:14:101349800:G	20	12	2	2	2	TCGA-C8-A27A	0.375
TCGA-C8-A27A:12:85270296:G	26	13	2	1	2	TCGA-C8-A27A	0.333333333333333
TCGA-C8-A27A:7:93519525:C	33	9	2	2	2	TCGA-C8-A27A	0.214285714285714
TCGA-C8-A27A:17:7578253:C	8	49	2	0	2	TCGA-C8-A27A	0.859649122807018
TCGA-C8-A27A:3:105238944:G	62	9	2	2	2	TCGA-C8-A27A	0.126760563380282
TCGA-C8-A27A:2:234545248:A	74	14	2	1	2	TCGA-C8-A27A	0.159090909090909
TCGA-C8-A27A:5:176396604:T	66	10	2	0	2	TCGA-C8-A27A	0.131578947368421
