mutation_id	ref_counts	var_counts	normal_cn	minor_cn	major_cn	variant_case	variant_freq
TCGA-DQ-7596:1:12726598:G	155	69	2	1	2	TCGA-DQ-7596	0.308035714285714
TCGA-DQ-7596:1:171621695:C	38	10	2	1	2	TCGA-DQ-7596	0.208333333333333
TCGA-DQ-7596:1:223285772:A	92	19	2	1	2	TCGA-DQ-7596	0.171171171171171
TCGA-DQ-7596:17:650236:G	78	25	2	1	1	TCGA-DQ-7596	0.242718446601942
TCGA-DQ-7596:19:22940555:G	60	17	2	1	1	TCGA-DQ-7596	0.220779220779221
TCGA-DQ-7596:3:30732969:C	46	30	2	0	2	TCGA-DQ-7596	0.394736842105263
TCGA-DQ-7596:3:126189852:G	62	12	2	1	2	TCGA-DQ-7596	0.162162162162162
TCGA-DQ-7596:5:159992577:G	124	25	2	1	1	TCGA-DQ-7596	0.167785234899329
TCGA-DQ-7596:7:139164979:C	49	7	2	1	1	TCGA-DQ-7596	0.125
TCGA-DQ-7596:12:76786408:G	81	5	2	1	1	TCGA-DQ-7596	0.0581395348837209
TCGA-DQ-7596:13:50466990:T	95	5	2	0	1	TCGA-DQ-7596	0.05
TCGA-DQ-7596:15:44864886:G	79	12	2	1	1	TCGA-DQ-7596	0.131868131868132
TCGA-DQ-7596:2:24194237:C	110	9	2	1	1	TCGA-DQ-7596	0.0756302521008403
TCGA-DQ-7596:5:148687053:G	74	8	2	1	1	TCGA-DQ-7596	0.0975609756097561
TCGA-DQ-7596:7:30486608:C	82	7	2	1	1	TCGA-DQ-7596	0.0786516853932584
TCGA-DQ-7596:8:71069384:G	46	6	2	1	1	TCGA-DQ-7596	0.115384615384615
TCGA-DQ-7596:8:141525224:G	88	6	2	1	1	TCGA-DQ-7596	0.0638297872340425
TCGA-DQ-7596:9:112166752:G	58	5	2	1	1	TCGA-DQ-7596	0.0793650793650794
