mutation_id	ref_counts	var_counts	normal_cn	minor_cn	major_cn	variant_case	variant_freq
TCGA-BH-A1EX:12:46242691:G	139	71	2	1	1	TCGA-BH-A1EX	0.338095238095238
TCGA-BH-A1EX:22:26829801:T	22	10	2	0	1	TCGA-BH-A1EX	0.3125
TCGA-BH-A1EX:16:1718050:A	122	33	2	2	2	TCGA-BH-A1EX	0.212903225806452
TCGA-BH-A1EX:1:172357865:C	90	26	2	1	2	TCGA-BH-A1EX	0.224137931034483
TCGA-BH-A1EX:2:131810522:C	41	36	2	1	1	TCGA-BH-A1EX	0.467532467532468
TCGA-BH-A1EX:1:240370946:C	28	10	2	1	2	TCGA-BH-A1EX	0.263157894736842
TCGA-BH-A1EX:9:116359127:A	37	15	2	1	1	TCGA-BH-A1EX	0.288461538461538
TCGA-BH-A1EX:20:3209652:A	71	20	2	1	2	TCGA-BH-A1EX	0.21978021978022
TCGA-BH-A1EX:16:4311920:G	46	12	2	2	2	TCGA-BH-A1EX	0.206896551724138
TCGA-BH-A1EX:2:133015476:A	99	17	2	1	1	TCGA-BH-A1EX	0.146551724137931
TCGA-BH-A1EX:11:5248212:C	279	80	2	1	1	TCGA-BH-A1EX	0.222841225626741
TCGA-BH-A1EX:5:158750314:A	97	12	2	1	1	TCGA-BH-A1EX	0.110091743119266
TCGA-BH-A1EX:4:111539459:G	37	8	2	1	1	TCGA-BH-A1EX	0.177777777777778
TCGA-BH-A1EX:22:42910760:A	58	7	2	0	1	TCGA-BH-A1EX	0.107692307692308
TCGA-BH-A1EX:19:58370315:G	372	81	2	1	1	TCGA-BH-A1EX	0.178807947019868
