mutation_id	ref_counts	var_counts	normal_cn	minor_cn	major_cn	variant_case	variant_freq
TCGA-55-6543:1:110280922:G	37	20	2	1	1	TCGA-55-6543	0.350877192982456
TCGA-55-6543:10:102256138:C	47	23	2	1	1	TCGA-55-6543	0.328571428571429
TCGA-55-6543:11:118771997:G	46	18	2	1	2	TCGA-55-6543	0.28125
TCGA-55-6543:14:20344588:C	158	141	2	1	2	TCGA-55-6543	0.471571906354515
TCGA-55-6543:14:22180975:T	203	58	2	1	2	TCGA-55-6543	0.222222222222222
TCGA-55-6543:14:106357543:C	33	10	2	1	2	TCGA-55-6543	0.232558139534884
TCGA-55-6543:17:10436696:G	71	24	2	1	1	TCGA-55-6543	0.252631578947368
TCGA-55-6543:19:49445800:C	29	17	2	1	1	TCGA-55-6543	0.369565217391304
TCGA-55-6543:2:190788073:C	50	31	2	1	1	TCGA-55-6543	0.382716049382716
TCGA-55-6543:3:46593057:C	59	28	2	1	1	TCGA-55-6543	0.32183908045977
TCGA-55-6543:5:31526237:T	102	19	2	2	2	TCGA-55-6543	0.15702479338843
TCGA-55-6543:7:99796940:G	49	10	2	1	2	TCGA-55-6543	0.169491525423729
TCGA-55-6543:7:100478963:G	58	17	2	1	2	TCGA-55-6543	0.226666666666667
TCGA-55-6543:9:134070639:A	91	38	2	1	1	TCGA-55-6543	0.294573643410853
TCGA-55-6543:12:70960397:G	92	5	2	0	2	TCGA-55-6543	0.0515463917525773
TCGA-55-6543:14:24607425:G	338	15	2	1	2	TCGA-55-6543	0.0424929178470255
TCGA-55-6543:20:29628283:G	168	8	2	1	2	TCGA-55-6543	0.0454545454545455
TCGA-55-6543:5:146030242:G	45	6	2	1	2	TCGA-55-6543	0.117647058823529
TCGA-55-6543:9:66499739:G	60	8	2	1	1	TCGA-55-6543	0.117647058823529
TCGA-55-6543:9:66499794:C	51	5	2	1	1	TCGA-55-6543	0.0892857142857143
TCGA-55-6543:9:141071110:A	41	5	2	1	1	TCGA-55-6543	0.108695652173913
