mutation_id	ref_counts	var_counts	normal_cn	minor_cn	major_cn	variant_case	variant_freq
TCGA-B6-A0IP:8:21957342:G	25	14	2	1	1	TCGA-B6-A0IP	0.358974358974359
TCGA-B6-A0IP:9:137809681:C	49	12	2	1	1	TCGA-B6-A0IP	0.19672131147541
TCGA-B6-A0IP:11:71847146:G	46	11	2	1	1	TCGA-B6-A0IP	0.192982456140351
TCGA-B6-A0IP:15:72252308:G	139	43	2	1	1	TCGA-B6-A0IP	0.236263736263736
TCGA-B6-A0IP:4:40104198:C	62	36	2	1	1	TCGA-B6-A0IP	0.36734693877551
TCGA-B6-A0IP:3:178952085:A	143	59	2	1	1	TCGA-B6-A0IP	0.292079207920792
TCGA-B6-A0IP:15:45470457:A	92	33	2	1	1	TCGA-B6-A0IP	0.264
TCGA-B6-A0IP:4:26750062:G	178	64	2	1	1	TCGA-B6-A0IP	0.264462809917355
TCGA-B6-A0IP:2:179436055:T	119	41	2	1	1	TCGA-B6-A0IP	0.25625
TCGA-B6-A0IP:2:65480893:A	225	52	2	1	1	TCGA-B6-A0IP	0.187725631768953
TCGA-B6-A0IP:6:106968546:A	73	12	2	1	1	TCGA-B6-A0IP	0.141176470588235
TCGA-B6-A0IP:2:133015485:C	166	20	2	1	1	TCGA-B6-A0IP	0.10752688172043
TCGA-B6-A0IP:2:85046494:G	115	26	2	1	1	TCGA-B6-A0IP	0.184397163120567
TCGA-B6-A0IP:12:108913081:G	88	12	2	1	1	TCGA-B6-A0IP	0.12
TCGA-B6-A0IP:2:88747939:G	82	14	2	1	1	TCGA-B6-A0IP	0.145833333333333
TCGA-B6-A0IP:7:151878506:G	239	55	2	1	1	TCGA-B6-A0IP	0.187074829931973
TCGA-B6-A0IP:3:178916876:G	149	21	2	1	1	TCGA-B6-A0IP	0.123529411764706
TCGA-B6-A0IP:2:85571790:G	52	10	2	1	1	TCGA-B6-A0IP	0.161290322580645
TCGA-B6-A0IP:2:220034618:T	159	24	2	1	1	TCGA-B6-A0IP	0.131147540983607
TCGA-B6-A0IP:11:60699241:C	81	21	2	1	1	TCGA-B6-A0IP	0.205882352941176
