mutation_id	ref_counts	var_counts	normal_cn	minor_cn	major_cn	variant_case	variant_freq
TCGA-AN-A0FF:20:52774114:A	44	13	2	1	1	TCGA-AN-A0FF	0.228070175438596
TCGA-AN-A0FF:17:7664193:T	162	108	2	1	1	TCGA-AN-A0FF	0.4
TCGA-AN-A0FF:19:42858174:A	27	18	2	1	1	TCGA-AN-A0FF	0.4
TCGA-AN-A0FF:11:56058466:T	78	31	2	1	1	TCGA-AN-A0FF	0.284403669724771
TCGA-AN-A0FF:3:178952085:A	67	52	2	1	2	TCGA-AN-A0FF	0.436974789915966
TCGA-AN-A0FF:10:13642249:G	123	68	2	1	1	TCGA-AN-A0FF	0.356020942408377
TCGA-AN-A0FF:2:220333726:C	18	13	2	1	1	TCGA-AN-A0FF	0.419354838709677
TCGA-AN-A0FF:19:44660780:A	141	76	2	1	1	TCGA-AN-A0FF	0.350230414746544
TCGA-AN-A0FF:9:95599230:G	28	6	2	1	1	TCGA-AN-A0FF	0.176470588235294
TCGA-AN-A0FF:1:11766688:C	64	15	2	1	1	TCGA-AN-A0FF	0.189873417721519
TCGA-AN-A0FF:5:41057211:C	139	38	2	1	1	TCGA-AN-A0FF	0.214689265536723
TCGA-AN-A0FF:1:144813815:A	124	15	2	1	3	TCGA-AN-A0FF	0.107913669064748
TCGA-AN-A0FF:1:161200619:G	296	51	2	1	3	TCGA-AN-A0FF	0.146974063400576
TCGA-AN-A0FF:10:105172930:C	74	9	2	1	1	TCGA-AN-A0FF	0.108433734939759
TCGA-AN-A0FF:1:43124990:A	194	23	2	1	1	TCGA-AN-A0FF	0.105990783410138
TCGA-AN-A0FF:9:15444655:G	196	35	2	1	1	TCGA-AN-A0FF	0.151515151515152
TCGA-AN-A0FF:2:179547548:C	284	46	2	1	1	TCGA-AN-A0FF	0.139393939393939
TCGA-AN-A0FF:4:68536192:G	52	6	2	1	1	TCGA-AN-A0FF	0.103448275862069
