mutation_id	ref_counts	var_counts	normal_cn	minor_cn	major_cn	variant_case	variant_freq
TCGA-BH-A0BT:15:89698616:T	32	62	2	0	2	TCGA-BH-A0BT	0.659574468085106
TCGA-BH-A0BT:6:109820402:C	21	72	2	0	2	TCGA-BH-A0BT	0.774193548387097
TCGA-BH-A0BT:11:67057824:C	25	8	2	2	2	TCGA-BH-A0BT	0.242424242424242
TCGA-BH-A0BT:19:10973880:C	242	144	2	2	2	TCGA-BH-A0BT	0.373056994818653
TCGA-BH-A0BT:10:104590523:G	25	10	2	1	2	TCGA-BH-A0BT	0.285714285714286
TCGA-BH-A0BT:10:126523295:C	104	32	2	1	2	TCGA-BH-A0BT	0.235294117647059
TCGA-BH-A0BT:5:150948446:G	25	53	2	0	2	TCGA-BH-A0BT	0.67948717948718
TCGA-BH-A0BT:10:123239386:G	160	157	2	1	2	TCGA-BH-A0BT	0.495268138801262
TCGA-BH-A0BT:10:36812539:A	149	47	2	1	2	TCGA-BH-A0BT	0.239795918367347
TCGA-BH-A0BT:12:78388624:T	315	200	2	2	2	TCGA-BH-A0BT	0.388349514563107
TCGA-BH-A0BT:6:11193886:C	212	84	2	2	4	TCGA-BH-A0BT	0.283783783783784
TCGA-BH-A0BT:3:178922328:C	317	199	2	2	2	TCGA-BH-A0BT	0.385658914728682
TCGA-BH-A0BT:3:178952085:A	124	86	2	2	2	TCGA-BH-A0BT	0.40952380952381
TCGA-BH-A0BT:7:131870086:G	78	50	2	2	3	TCGA-BH-A0BT	0.390625
TCGA-BH-A0BT:1:237656376:C	125	122	2	2	3	TCGA-BH-A0BT	0.493927125506073
TCGA-BH-A0BT:11:22360147:C	183	58	2	2	4	TCGA-BH-A0BT	0.240663900414938
TCGA-BH-A0BT:3:140695183:A	295	213	2	2	2	TCGA-BH-A0BT	0.419291338582677
TCGA-BH-A0BT:3:140695184:A	292	213	2	2	2	TCGA-BH-A0BT	0.421782178217822
TCGA-BH-A0BT:1:220089131:G	75	43	2	2	3	TCGA-BH-A0BT	0.364406779661017
TCGA-BH-A0BT:15:64428587:G	73	127	2	0	2	TCGA-BH-A0BT	0.635
TCGA-BH-A0BT:18:67992682:C	40	37	2	1	2	TCGA-BH-A0BT	0.480519480519481
TCGA-BH-A0BT:11:700143:T	84	54	2	2	2	TCGA-BH-A0BT	0.391304347826087
TCGA-BH-A0BT:17:7578458:G	12	63	2	0	4	TCGA-BH-A0BT	0.84
TCGA-BH-A0BT:2:26671656:C	37	6	2	1	2	TCGA-BH-A0BT	0.13953488372093
TCGA-BH-A0BT:10:95721080:C	188	40	2	1	2	TCGA-BH-A0BT	0.175438596491228
