mutation_id	ref_counts	var_counts	normal_cn	minor_cn	major_cn	variant_case	variant_freq
TCGA-BH-A0C3:18:43534880:G	168	39	2	1	1	TCGA-BH-A0C3	0.188405797101449
TCGA-BH-A0C3:1:23650213:T	145	28	2	1	1	TCGA-BH-A0C3	0.161849710982659
TCGA-BH-A0C3:15:99456511:G	47	9	2	1	1	TCGA-BH-A0C3	0.160714285714286
TCGA-BH-A0C3:3:4856841:T	282	70	2	1	1	TCGA-BH-A0C3	0.198863636363636
TCGA-BH-A0C3:1:158059318:G	45	13	2	1	3	TCGA-BH-A0C3	0.224137931034483
TCGA-BH-A0C3:6:166912078:G	48	17	2	0	1	TCGA-BH-A0C3	0.261538461538462
TCGA-BH-A0C3:21:36231791:T	485	116	2	1	1	TCGA-BH-A0C3	0.193011647254576
TCGA-BH-A0C3:8:22973124:T	106	20	2	1	1	TCGA-BH-A0C3	0.158730158730159
TCGA-BH-A0C3:17:7578371:C	57	18	2	0	1	TCGA-BH-A0C3	0.24
TCGA-BH-A0C3:1:165872480:G	565	121	2	1	3	TCGA-BH-A0C3	0.176384839650146
TCGA-BH-A0C3:9:109771874:G	254	70	2	0	1	TCGA-BH-A0C3	0.216049382716049
