mutation_id	ref_counts	var_counts	normal_cn	minor_cn	major_cn	variant_case	variant_freq
TCGA-BH-A0B3:9:133755477:C	45	34	2	0	2	TCGA-BH-A0B3	0.430379746835443
TCGA-BH-A0B3:6:16328222:G	68	13	2	1	2	TCGA-BH-A0B3	0.160493827160494
TCGA-BH-A0B3:1:34042946:C	45	36	2	0	2	TCGA-BH-A0B3	0.444444444444444
TCGA-BH-A0B3:11:92531859:C	77	14	2	1	2	TCGA-BH-A0B3	0.153846153846154
TCGA-BH-A0B3:7:150164402:A	189	68	2	1	1	TCGA-BH-A0B3	0.264591439688716
TCGA-BH-A0B3:19:34870465:A	99	15	2	1	2	TCGA-BH-A0B3	0.131578947368421
TCGA-BH-A0B3:15:23811294:C	36	26	2	0	2	TCGA-BH-A0B3	0.419354838709677
TCGA-BH-A0B3:11:102575447:C	101	62	2	1	1	TCGA-BH-A0B3	0.380368098159509
TCGA-BH-A0B3:19:55450913:G	61	18	2	2	2	TCGA-BH-A0B3	0.227848101265823
TCGA-BH-A0B3:4:2952750:C	39	22	2	0	2	TCGA-BH-A0B3	0.360655737704918
TCGA-BH-A0B3:12:117723956:G	47	47	2	0	2	TCGA-BH-A0B3	0.5
TCGA-BH-A0B3:5:180582416:G	263	181	2	0	2	TCGA-BH-A0B3	0.407657657657658
TCGA-BH-A0B3:5:140750987:C	168	35	2	0	2	TCGA-BH-A0B3	0.172413793103448
TCGA-BH-A0B3:2:179300974:A	184	42	2	1	2	TCGA-BH-A0B3	0.185840707964602
TCGA-BH-A0B3:1:40654738:A	65	20	2	1	2	TCGA-BH-A0B3	0.235294117647059
TCGA-BH-A0B3:2:166246050:A	235	64	2	1	2	TCGA-BH-A0B3	0.214046822742475
TCGA-BH-A0B3:10:13386865:G	56	125	2	0	5	TCGA-BH-A0B3	0.69060773480663
TCGA-BH-A0B3:5:121786792:C	73	49	2	0	1	TCGA-BH-A0B3	0.401639344262295
TCGA-BH-A0B3:6:170871052:G	72	25	2	1	1	TCGA-BH-A0B3	0.257731958762887
TCGA-BH-A0B3:20:55208476:G	65	10	2	1	2	TCGA-BH-A0B3	0.133333333333333
TCGA-BH-A0B3:17:7578203:C	56	54	2	0	2	TCGA-BH-A0B3	0.490909090909091
TCGA-BH-A0B3:12:6134806:C	63	10	2	0	3	TCGA-BH-A0B3	0.136986301369863
TCGA-BH-A0B3:2:145147116:C	358	85	2	1	1	TCGA-BH-A0B3	0.191873589164786
TCGA-BH-A0B3:6:26199318:G	70	8	2	1	2	TCGA-BH-A0B3	0.102564102564103
TCGA-BH-A0B3:5:140751317:C	308	55	2	0	2	TCGA-BH-A0B3	0.151515151515152
TCGA-BH-A0B3:2:167298131:G	310	104	2	1	2	TCGA-BH-A0B3	0.251207729468599
TCGA-BH-A0B3:7:12258148:G	123	14	2	1	1	TCGA-BH-A0B3	0.102189781021898
TCGA-BH-A0B3:15:54306670:A	168	26	2	0	2	TCGA-BH-A0B3	0.134020618556701
