mutation_id	ref_counts	var_counts	normal_cn	minor_cn	major_cn	variant_case	variant_freq
TCGA-E9-A1NH:13:108882113:G	68	16	2	2	2	TCGA-E9-A1NH	0.19047619047619
TCGA-E9-A1NH:1:92709922:G	48	9	2	2	2	TCGA-E9-A1NH	0.157894736842105
TCGA-E9-A1NH:16:67070564:A	31	30	2	0	2	TCGA-E9-A1NH	0.491803278688525
TCGA-E9-A1NH:17:37672031:A	101	25	2	2	2	TCGA-E9-A1NH	0.198412698412698
TCGA-E9-A1NH:11:33129459:G	84	54	2	2	2	TCGA-E9-A1NH	0.391304347826087
TCGA-E9-A1NH:14:24114451:A	34	22	2	2	4	TCGA-E9-A1NH	0.392857142857143
TCGA-E9-A1NH:6:38759340:T	105	52	2	2	4	TCGA-E9-A1NH	0.331210191082803
TCGA-E9-A1NH:5:35873588:A	37	21	2	2	3	TCGA-E9-A1NH	0.362068965517241
TCGA-E9-A1NH:7:20418798:C	96	52	2	2	3	TCGA-E9-A1NH	0.351351351351351
TCGA-E9-A1NH:19:55344245:C	380	63	2	2	4	TCGA-E9-A1NH	0.142212189616253
TCGA-E9-A1NH:10:1205736:A	25	5	2	2	4	TCGA-E9-A1NH	0.166666666666667
TCGA-E9-A1NH:9:119097220:C	30	15	2	3	3	TCGA-E9-A1NH	0.333333333333333
TCGA-E9-A1NH:13:101167710:C	59	13	2	2	2	TCGA-E9-A1NH	0.180555555555556
TCGA-E9-A1NH:3:178952085:A	50	77	2	3	6	TCGA-E9-A1NH	0.606299212598425
TCGA-E9-A1NH:19:4512292:C	74	39	2	2	4	TCGA-E9-A1NH	0.345132743362832
TCGA-E9-A1NH:2:32445456:T	94	41	2	2	4	TCGA-E9-A1NH	0.303703703703704
TCGA-E9-A1NH:12:50480656:A	75	21	2	2	2	TCGA-E9-A1NH	0.21875
TCGA-E9-A1NH:9:35724267:C	36	20	2	2	4	TCGA-E9-A1NH	0.357142857142857
TCGA-E9-A1NH:12:125834300:A	60	16	2	2	2	TCGA-E9-A1NH	0.210526315789474
TCGA-E9-A1NH:2:113088873:G	51	25	2	2	4	TCGA-E9-A1NH	0.328947368421053
TCGA-E9-A1NH:19:44792859:T	87	49	2	2	4	TCGA-E9-A1NH	0.360294117647059
