mutation_id	ref_counts	var_counts	normal_cn	minor_cn	major_cn	variant_case	variant_freq
TCGA-BH-A1FD:16:89345615:C	26	36	2	0	1	TCGA-BH-A1FD	0.580645161290323
TCGA-BH-A1FD:20:52773723:G	35	14	2	1	1	TCGA-BH-A1FD	0.285714285714286
TCGA-BH-A1FD:9:97084511:G	21	22	2	0	1	TCGA-BH-A1FD	0.511627906976744
TCGA-BH-A1FD:15:48707819:C	36	16	2	1	1	TCGA-BH-A1FD	0.307692307692308
TCGA-BH-A1FD:16:1621431:A	21	11	2	1	1	TCGA-BH-A1FD	0.34375
TCGA-BH-A1FD:4:113575296:A	21	25	2	0	1	TCGA-BH-A1FD	0.543478260869565
TCGA-BH-A1FD:4:80246803:C	14	17	2	0	1	TCGA-BH-A1FD	0.548387096774194
TCGA-BH-A1FD:10:105200305:C	24	13	2	1	1	TCGA-BH-A1FD	0.351351351351351
TCGA-BH-A1FD:11:17190547:T	46	38	2	1	1	TCGA-BH-A1FD	0.452380952380952
TCGA-BH-A1FD:5:67591083:T	33	32	2	0	1	TCGA-BH-A1FD	0.492307692307692
TCGA-BH-A1FD:12:28116584:G	53	33	2	1	1	TCGA-BH-A1FD	0.383720930232558
TCGA-BH-A1FD:11:82708280:G	84	53	2	1	1	TCGA-BH-A1FD	0.386861313868613
TCGA-BH-A1FD:5:146750276:G	47	41	2	1	1	TCGA-BH-A1FD	0.465909090909091
TCGA-BH-A1FD:10:8006644:A	30	17	2	1	1	TCGA-BH-A1FD	0.361702127659574
TCGA-BH-A1FD:17:7578413:C	36	45	2	0	1	TCGA-BH-A1FD	0.555555555555556
TCGA-BH-A1FD:2:179545856:A	51	29	2	1	1	TCGA-BH-A1FD	0.3625
TCGA-BH-A1FD:2:33749009:T	49	8	2	1	1	TCGA-BH-A1FD	0.140350877192982
TCGA-BH-A1FD:17:3992057:C	72	14	2	0	1	TCGA-BH-A1FD	0.162790697674419
