mutation_id	ref_counts	var_counts	normal_cn	minor_cn	major_cn	variant_case	variant_freq
TCGA-E9-A1NI:4:25395932:G	42	30	2	1	2	TCGA-E9-A1NI	0.416666666666667
TCGA-E9-A1NI:13:52511651:C	32	6	2	1	2	TCGA-E9-A1NI	0.157894736842105
TCGA-E9-A1NI:1:182811768:A	93	155	2	2	6	TCGA-E9-A1NI	0.625
TCGA-E9-A1NI:16:1735531:A	18	58	2	2	3	TCGA-E9-A1NI	0.763157894736842
TCGA-E9-A1NI:8:29003919:G	47	74	2	0	2	TCGA-E9-A1NI	0.611570247933884
TCGA-E9-A1NI:3:178936082:G	38	16	2	1	2	TCGA-E9-A1NI	0.296296296296296
TCGA-E9-A1NI:2:61238927:A	26	12	2	1	2	TCGA-E9-A1NI	0.315789473684211
TCGA-E9-A1NI:2:11355160:A	44	28	2	1	1	TCGA-E9-A1NI	0.388888888888889
TCGA-E9-A1NI:1:169564091:A	64	61	2	2	3	TCGA-E9-A1NI	0.488
TCGA-E9-A1NI:18:14124364:T	39	36	2	1	2	TCGA-E9-A1NI	0.48
