mutation_id	ref_counts	var_counts	normal_cn	minor_cn	major_cn	variant_case	variant_freq
TCGA-E2-A14S:11:62284554:G	111	47	2	1	1	TCGA-E2-A14S	0.29746835443038
TCGA-E2-A14S:11:8959451:G	88	53	2	1	1	TCGA-E2-A14S	0.375886524822695
TCGA-E2-A14S:19:13356070:G	77	37	2	1	1	TCGA-E2-A14S	0.324561403508772
TCGA-E2-A14S:16:19548275:A	148	77	2	1	1	TCGA-E2-A14S	0.342222222222222
TCGA-E2-A14S:22:51009679:T	67	54	2	1	2	TCGA-E2-A14S	0.446280991735537
TCGA-E2-A14S:6:42832565:A	116	53	2	1	1	TCGA-E2-A14S	0.313609467455621
TCGA-E2-A14S:1:82409015:T	122	63	2	1	1	TCGA-E2-A14S	0.340540540540541
TCGA-E2-A14S:3:194080956:G	357	219	2	1	1	TCGA-E2-A14S	0.380208333333333
TCGA-E2-A14S:11:76893500:G	105	21	2	1	4	TCGA-E2-A14S	0.166666666666667
TCGA-E2-A14S:10:124177438:A	44	40	2	0	1	TCGA-E2-A14S	0.476190476190476
TCGA-E2-A14S:3:8983486:T	140	78	2	1	1	TCGA-E2-A14S	0.357798165137615
TCGA-E2-A14S:20:4771137:C	74	45	2	1	1	TCGA-E2-A14S	0.378151260504202
TCGA-E2-A14S:3:43389153:C	168	99	2	1	1	TCGA-E2-A14S	0.370786516853933
TCGA-E2-A14S:12:11244166:G	63	28	2	1	1	TCGA-E2-A14S	0.307692307692308
TCGA-E2-A14S:12:11244194:T	61	31	2	1	1	TCGA-E2-A14S	0.33695652173913
TCGA-E2-A14S:19:57640371:C	41	22	2	1	1	TCGA-E2-A14S	0.349206349206349
TCGA-E2-A14S:15:41194898:C	109	46	2	1	1	TCGA-E2-A14S	0.296774193548387
TCGA-E2-A14S:19:14830057:C	86	51	2	1	1	TCGA-E2-A14S	0.372262773722628
TCGA-E2-A14S:16:31075619:G	63	25	2	1	1	TCGA-E2-A14S	0.284090909090909
TCGA-E2-A14S:3:15643051:C	36	11	2	1	1	TCGA-E2-A14S	0.234042553191489
TCGA-E2-A14S:6:153315705:C	278	131	2	1	1	TCGA-E2-A14S	0.320293398533007
TCGA-E2-A14S:19:9069332:G	203	85	2	1	1	TCGA-E2-A14S	0.295138888888889
TCGA-E2-A14S:3:174974237:A	134	38	2	1	1	TCGA-E2-A14S	0.22093023255814
TCGA-E2-A14S:12:98850195:C	205	25	2	1	1	TCGA-E2-A14S	0.108695652173913
TCGA-E2-A14S:2:86073664:C	166	58	2	1	1	TCGA-E2-A14S	0.258928571428571
