mutation_id	ref_counts	var_counts	normal_cn	minor_cn	major_cn	variant_case	variant_freq
TCGA-E2-A154:6:31896624:G	110	112	2	2	2	TCGA-E2-A154	0.504504504504504
TCGA-E2-A154:19:5744496:C	161	166	2	2	3	TCGA-E2-A154	0.507645259938838
TCGA-E2-A154:6:87796031:C	165	97	2	2	2	TCGA-E2-A154	0.370229007633588
TCGA-E2-A154:14:21859709:C	90	18	2	2	2	TCGA-E2-A154	0.166666666666667
TCGA-E2-A154:13:100518535:C	93	74	2	3	3	TCGA-E2-A154	0.44311377245509
TCGA-E2-A154:10:76818229:G	134	33	2	2	3	TCGA-E2-A154	0.197604790419162
TCGA-E2-A154:20:32267640:G	257	42	2	3	3	TCGA-E2-A154	0.140468227424749
TCGA-E2-A154:6:11103979:G	52	33	2	2	2	TCGA-E2-A154	0.388235294117647
TCGA-E2-A154:13:77595895:C	199	33	2	2	3	TCGA-E2-A154	0.142241379310345
TCGA-E2-A154:1:161600164:G	132	59	2	1	5	TCGA-E2-A154	0.308900523560209
TCGA-E2-A154:1:152188940:A	70	31	2	1	5	TCGA-E2-A154	0.306930693069307
TCGA-E2-A154:11:320790:G	111	33	2	2	2	TCGA-E2-A154	0.229166666666667
TCGA-E2-A154:14:106805400:A	239	176	2	2	3	TCGA-E2-A154	0.424096385542169
TCGA-E2-A154:12:66641568:T	107	121	2	2	2	TCGA-E2-A154	0.530701754385965
TCGA-E2-A154:8:124664638:C	18	14	2	3	3	TCGA-E2-A154	0.4375
TCGA-E2-A154:19:42862378:G	70	13	2	2	3	TCGA-E2-A154	0.156626506024096
TCGA-E2-A154:19:46457123:C	210	272	2	2	3	TCGA-E2-A154	0.564315352697095
TCGA-E2-A154:11:56431680:C	215	72	2	2	2	TCGA-E2-A154	0.250871080139373
TCGA-E2-A154:11:56000198:G	187	52	2	2	2	TCGA-E2-A154	0.217573221757322
TCGA-E2-A154:5:140764680:G	52	48	2	2	2	TCGA-E2-A154	0.48
TCGA-E2-A154:1:153270481:C	198	32	2	1	5	TCGA-E2-A154	0.139130434782609
TCGA-E2-A154:3:178952085:A	68	72	2	2	2	TCGA-E2-A154	0.514285714285714
TCGA-E2-A154:4:159644428:A	139	58	2	1	2	TCGA-E2-A154	0.294416243654822
TCGA-E2-A154:1:170695377:G	53	35	2	1	5	TCGA-E2-A154	0.397727272727273
TCGA-E2-A154:11:64534720:T	121	51	2	2	3	TCGA-E2-A154	0.296511627906977
TCGA-E2-A154:2:190428591:A	67	51	2	2	2	TCGA-E2-A154	0.432203389830508
TCGA-E2-A154:10:98816176:G	153	123	2	2	3	TCGA-E2-A154	0.445652173913043
TCGA-E2-A154:8:100883111:G	83	46	2	2	3	TCGA-E2-A154	0.356589147286822
TCGA-E2-A154:8:145649475:C	35	30	2	2	3	TCGA-E2-A154	0.461538461538462
TCGA-E2-A154:9:70993224:G	169	30	2	1	2	TCGA-E2-A154	0.150753768844221
TCGA-E2-A154:7:100456724:C	319	40	2	2	3	TCGA-E2-A154	0.11142061281337
