mutation_id	ref_counts	var_counts	normal_cn	minor_cn	major_cn	variant_case	variant_freq
TCGA-CV-7100:1:19451143:T	44	14	2	1	1	TCGA-CV-7100	0.241379310344828
TCGA-CV-7100:15:23261077:G	110	40	2	1	1	TCGA-CV-7100	0.266666666666667
TCGA-CV-7100:20:8678323:C	86	38	2	1	1	TCGA-CV-7100	0.306451612903226
TCGA-CV-7100:22:41565529:G	24	32	2	0	2	TCGA-CV-7100	0.571428571428571
TCGA-CV-7100:3:160239585:G	79	53	2	1	3	TCGA-CV-7100	0.401515151515151
TCGA-CV-7100:3:174974236:G	78	14	2	1	4	TCGA-CV-7100	0.152173913043478
TCGA-CV-7100:4:185684332:C	28	10	2	1	1	TCGA-CV-7100	0.263157894736842
TCGA-CV-7100:5:149676844:C	84	48	2	1	1	TCGA-CV-7100	0.363636363636364
TCGA-CV-7100:8:118170064:G	69	37	2	1	1	TCGA-CV-7100	0.349056603773585
TCGA-CV-7100:20:1961249:T	94	5	2	1	1	TCGA-CV-7100	0.0505050505050505
TCGA-CV-7100:4:72319250:C	113	28	2	1	1	TCGA-CV-7100	0.198581560283688
