mutation_id	ref_counts	var_counts	normal_cn	minor_cn	major_cn	variant_case	variant_freq
TCGA-A1-A0SB:10:116247760:T	36	13	2	1	1	TCGA-A1-A0SB	0.26530612244898
TCGA-A1-A0SB:12:43944926:T	19	17	2	1	1	TCGA-A1-A0SB	0.472222222222222
TCGA-A1-A0SB:3:85932472:C	22	23	2	1	1	TCGA-A1-A0SB	0.511111111111111
TCGA-A1-A0SB:17:40272381:G	30	36	2	1	1	TCGA-A1-A0SB	0.545454545454545
TCGA-A1-A0SB:1:44476442:C	44	19	2	1	1	TCGA-A1-A0SB	0.301587301587302
TCGA-A1-A0SB:19:42585066:G	21	10	2	1	1	TCGA-A1-A0SB	0.32258064516129
TCGA-A1-A0SB:7:149129243:G	24	8	2	1	1	TCGA-A1-A0SB	0.25
TCGA-A1-A0SB:22:16449539:A	38	6	2	1	1	TCGA-A1-A0SB	0.136363636363636
TCGA-A1-A0SB:20:16730581:G	36	9	2	1	1	TCGA-A1-A0SB	0.2
TCGA-A1-A0SB:17:7491739:T	58	7	2	1	1	TCGA-A1-A0SB	0.107692307692308
