mutation_id	ref_counts	var_counts	normal_cn	minor_cn	major_cn	variant_case	variant_freq
TCGA-EW-A2FV:1:176998868:G	68	18	2	2	2	TCGA-EW-A2FV	0.209302325581395
TCGA-EW-A2FV:15:40632158:C	63	12	2	1	1	TCGA-EW-A2FV	0.16
TCGA-EW-A2FV:3:130116570:G	58	25	2	1	2	TCGA-EW-A2FV	0.301204819277108
TCGA-EW-A2FV:1:16950807:C	58	10	2	1	1	TCGA-EW-A2FV	0.147058823529412
TCGA-EW-A2FV:2:54040191:G	47	10	2	1	2	TCGA-EW-A2FV	0.175438596491228
TCGA-EW-A2FV:13:77595879:G	85	19	2	1	2	TCGA-EW-A2FV	0.182692307692308
TCGA-EW-A2FV:9:37732388:C	52	15	2	1	1	TCGA-EW-A2FV	0.223880597014925
TCGA-EW-A2FV:3:124567275:G	78	17	2	1	2	TCGA-EW-A2FV	0.178947368421053
TCGA-EW-A2FV:1:180885810:G	35	6	2	2	2	TCGA-EW-A2FV	0.146341463414634
TCGA-EW-A2FV:1:17699575:C	87	17	2	1	1	TCGA-EW-A2FV	0.163461538461538
TCGA-EW-A2FV:6:161969946:C	27	10	2	1	2	TCGA-EW-A2FV	0.27027027027027
TCGA-EW-A2FV:5:140347381:C	35	6	2	1	1	TCGA-EW-A2FV	0.146341463414634
TCGA-EW-A2FV:3:178952085:A	56	23	2	1	2	TCGA-EW-A2FV	0.291139240506329
TCGA-EW-A2FV:18:28721981:C	159	19	2	1	1	TCGA-EW-A2FV	0.106741573033708
TCGA-EW-A2FV:8:29043966:T	73	14	2	0	1	TCGA-EW-A2FV	0.160919540229885
TCGA-EW-A2FV:9:34241537:A	93	15	2	1	1	TCGA-EW-A2FV	0.138888888888889
