mutation_id	ref_counts	var_counts	normal_cn	minor_cn	major_cn	variant_case	variant_freq
TCGA-E9-A1RC:12:54110179:T	25	19	2	2	2	TCGA-E9-A1RC	0.431818181818182
TCGA-E9-A1RC:20:31315732:C	77	38	2	1	4	TCGA-E9-A1RC	0.330434782608696
TCGA-E9-A1RC:8:139164077:T	65	21	2	2	4	TCGA-E9-A1RC	0.244186046511628
TCGA-E9-A1RC:1:152280087:C	288	43	2	1	6	TCGA-E9-A1RC	0.129909365558912
TCGA-E9-A1RC:1:171086558:C	203	24	2	1	6	TCGA-E9-A1RC	0.105726872246696
TCGA-E9-A1RC:1:42657000:G	96	78	2	1	1	TCGA-E9-A1RC	0.448275862068966
TCGA-E9-A1RC:17:47038347:G	33	8	2	1	2	TCGA-E9-A1RC	0.195121951219512
TCGA-E9-A1RC:16:31138663:C	60	9	2	3	5	TCGA-E9-A1RC	0.130434782608696
TCGA-E9-A1RC:2:136566446:G	32	6	2	1	3	TCGA-E9-A1RC	0.157894736842105
TCGA-E9-A1RC:14:42360748:C	52	20	2	1	3	TCGA-E9-A1RC	0.277777777777778
TCGA-E9-A1RC:6:30671982:G	36	46	2	1	2	TCGA-E9-A1RC	0.560975609756098
TCGA-E9-A1RC:9:136211091:C	30	7	2	1	2	TCGA-E9-A1RC	0.189189189189189
TCGA-E9-A1RC:16:67902251:G	9	55	2	0	3	TCGA-E9-A1RC	0.859375
TCGA-E9-A1RC:8:145108232:G	23	16	2	2	4	TCGA-E9-A1RC	0.41025641025641
TCGA-E9-A1RC:19:15904918:C	56	26	2	0	2	TCGA-E9-A1RC	0.317073170731707
TCGA-E9-A1RC:1:248616764:C	32	7	2	1	6	TCGA-E9-A1RC	0.179487179487179
TCGA-E9-A1RC:11:4674561:C	40	43	2	1	2	TCGA-E9-A1RC	0.518072289156627
TCGA-E9-A1RC:11:55595368:T	65	34	2	1	2	TCGA-E9-A1RC	0.343434343434343
TCGA-E9-A1RC:3:178952085:A	6	47	2	0	4	TCGA-E9-A1RC	0.886792452830189
TCGA-E9-A1RC:3:53223073:G	5	73	2	1	3	TCGA-E9-A1RC	0.935897435897436
TCGA-E9-A1RC:14:74340785:A	37	54	2	1	3	TCGA-E9-A1RC	0.593406593406593
TCGA-E9-A1RC:14:23818534:C	31	9	2	1	3	TCGA-E9-A1RC	0.225
TCGA-E9-A1RC:12:21028243:T	134	100	2	2	2	TCGA-E9-A1RC	0.427350427350427
TCGA-E9-A1RC:17:80730364:G	33	57	2	1	2	TCGA-E9-A1RC	0.633333333333333
TCGA-E9-A1RC:4:187004668:G	35	10	2	2	2	TCGA-E9-A1RC	0.222222222222222
TCGA-E9-A1RC:1:223285350:T	87	13	2	1	6	TCGA-E9-A1RC	0.13
TCGA-E9-A1RC:5:135651308:C	87	23	2	3	3	TCGA-E9-A1RC	0.209090909090909
TCGA-E9-A1RC:2:179458370:G	32	18	2	1	2	TCGA-E9-A1RC	0.36
TCGA-E9-A1RC:2:179536934:T	24	14	2	1	2	TCGA-E9-A1RC	0.368421052631579
TCGA-E9-A1RC:8:21837630:A	107	20	2	2	4	TCGA-E9-A1RC	0.15748031496063
TCGA-E9-A1RC:2:98354503:C	27	9	2	1	2	TCGA-E9-A1RC	0.25
TCGA-E9-A1RC:15:90611283:C	16	28	2	1	3	TCGA-E9-A1RC	0.636363636363636
TCGA-E9-A1RC:19:2852514:G	37	13	2	0	2	TCGA-E9-A1RC	0.26
