mutation_id	ref_counts	var_counts	normal_cn	minor_cn	major_cn	variant_case	variant_freq
TCGA-BH-A1FE:8:113299452:C	72	27	2	1	1	TCGA-BH-A1FE	0.272727272727273
TCGA-BH-A1FE:13:60435515:G	108	30	2	1	1	TCGA-BH-A1FE	0.217391304347826
TCGA-BH-A1FE:17:37880261:G	92	15	2	1	1	TCGA-BH-A1FE	0.14018691588785
TCGA-BH-A1FE:1:155753682:T	11	25	2	1	1	TCGA-BH-A1FE	0.694444444444444
TCGA-BH-A1FE:3:49723916:T	28	5	2	0	1	TCGA-BH-A1FE	0.151515151515152
TCGA-BH-A1FE:1:155160715:T	95	21	2	1	1	TCGA-BH-A1FE	0.181034482758621
TCGA-BH-A1FE:7:100685739:G	95	26	2	1	1	TCGA-BH-A1FE	0.214876033057851
TCGA-BH-A1FE:3:178916944:A	42	20	2	1	1	TCGA-BH-A1FE	0.32258064516129
TCGA-BH-A1FE:2:228855865:G	80	20	2	1	1	TCGA-BH-A1FE	0.2
TCGA-BH-A1FE:9:35706350:G	48	11	2	1	1	TCGA-BH-A1FE	0.186440677966102
TCGA-BH-A1FE:17:7577541:T	53	12	2	0	1	TCGA-BH-A1FE	0.184615384615385
TCGA-BH-A1FE:6:49582475:G	108	17	2	1	1	TCGA-BH-A1FE	0.136
