mutation_id	ref_counts	var_counts	normal_cn	minor_cn	major_cn	variant_case	variant_freq
TCGA-78-7540:1:111861206:G	74	29	2	1	1	TCGA-78-7540	0.281553398058252
TCGA-78-7540:10:108412182:C	26	24	2	0	1	TCGA-78-7540	0.48
TCGA-78-7540:12:12814367:C	52	52	2	0	2	TCGA-78-7540	0.5
TCGA-78-7540:14:81609917:C	33	11	2	1	1	TCGA-78-7540	0.25
TCGA-78-7540:14:94405662:T	31	11	2	1	1	TCGA-78-7540	0.261904761904762
TCGA-78-7540:15:79064048:C	20	29	2	1	4	TCGA-78-7540	0.591836734693878
TCGA-78-7540:19:51133107:G	60	18	2	1	1	TCGA-78-7540	0.230769230769231
TCGA-78-7540:20:57484421:G	37	8	2	1	1	TCGA-78-7540	0.177777777777778
TCGA-78-7540:22:46655314:G	59	23	2	1	1	TCGA-78-7540	0.280487804878049
TCGA-78-7540:3:48623857:C	83	26	2	1	1	TCGA-78-7540	0.238532110091743
TCGA-78-7540:3:50357600:C	38	16	2	1	1	TCGA-78-7540	0.296296296296296
TCGA-78-7540:5:140741350:G	34	8	2	1	1	TCGA-78-7540	0.19047619047619
TCGA-78-7540:7:1478552:C	43	8	2	1	2	TCGA-78-7540	0.156862745098039
TCGA-78-7540:7:23352016:G	123	37	2	1	2	TCGA-78-7540	0.23125
TCGA-78-7540:7:91671477:C	35	23	2	1	2	TCGA-78-7540	0.396551724137931
TCGA-78-7540:7:157387931:T	33	27	2	1	2	TCGA-78-7540	0.45
TCGA-78-7540:8:36780101:C	35	15	2	1	1	TCGA-78-7540	0.3
TCGA-78-7540:9:35561302:G	22	16	2	0	1	TCGA-78-7540	0.421052631578947
TCGA-78-7540:9:91680488:G	135	49	2	1	1	TCGA-78-7540	0.266304347826087
TCGA-78-7540:9:107289445:C	72	23	2	1	1	TCGA-78-7540	0.242105263157895
TCGA-78-7540:9:119976979:C	25	13	2	1	1	TCGA-78-7540	0.342105263157895
TCGA-78-7540:9:120476644:G	43	27	2	1	1	TCGA-78-7540	0.385714285714286
TCGA-78-7540:1:90399791:C	99	22	2	1	1	TCGA-78-7540	0.181818181818182
TCGA-78-7540:11:20658729:C	101	19	2	1	1	TCGA-78-7540	0.158333333333333
TCGA-78-7540:17:20224794:A	51	7	2	0	1	TCGA-78-7540	0.120689655172414
TCGA-78-7540:18:6241405:G	116	30	2	1	1	TCGA-78-7540	0.205479452054795
