mutation_id	ref_counts	var_counts	normal_cn	minor_cn	major_cn	variant_case	variant_freq
TCGA-CR-6493:1:1650803:C	128	38	2	2	2	TCGA-CR-6493	0.228915662650602
TCGA-CR-6493:1:103461591:G	87	23	2	1	2	TCGA-CR-6493	0.209090909090909
TCGA-CR-6493:1:154897618:C	116	68	2	2	2	TCGA-CR-6493	0.369565217391304
TCGA-CR-6493:10:30998376:C	29	22	2	2	2	TCGA-CR-6493	0.431372549019608
TCGA-CR-6493:11:840466:G	75	41	2	2	2	TCGA-CR-6493	0.353448275862069
TCGA-CR-6493:12:8375146:G	57	33	2	2	2	TCGA-CR-6493	0.366666666666667
TCGA-CR-6493:12:57988994:C	146	131	2	1	2	TCGA-CR-6493	0.472924187725632
TCGA-CR-6493:13:23906082:A	79	23	2	1	2	TCGA-CR-6493	0.225490196078431
TCGA-CR-6493:14:23445688:A	61	114	2	0	2	TCGA-CR-6493	0.651428571428571
TCGA-CR-6493:15:76633517:C	29	15	2	2	2	TCGA-CR-6493	0.340909090909091
TCGA-CR-6493:16:1991308:C	50	7	2	2	2	TCGA-CR-6493	0.12280701754386
TCGA-CR-6493:16:50816274:A	21	12	2	2	2	TCGA-CR-6493	0.363636363636364
TCGA-CR-6493:17:7578550:G	29	21	2	2	2	TCGA-CR-6493	0.42
TCGA-CR-6493:19:19162842:C	44	7	2	2	2	TCGA-CR-6493	0.137254901960784
TCGA-CR-6493:2:33623487:T	50	40	2	2	2	TCGA-CR-6493	0.444444444444444
TCGA-CR-6493:2:90199155:G	32	83	2	2	2	TCGA-CR-6493	0.721739130434783
TCGA-CR-6493:2:127958736:C	118	64	2	2	2	TCGA-CR-6493	0.351648351648352
TCGA-CR-6493:20:45093379:C	26	29	2	2	3	TCGA-CR-6493	0.527272727272727
TCGA-CR-6493:20:47244457:C	30	11	2	2	3	TCGA-CR-6493	0.268292682926829
TCGA-CR-6493:20:62120282:T	31	10	2	2	3	TCGA-CR-6493	0.24390243902439
TCGA-CR-6493:3:42676726:C	9	31	2	0	2	TCGA-CR-6493	0.775
TCGA-CR-6493:3:42680280:G	22	48	2	0	2	TCGA-CR-6493	0.685714285714286
TCGA-CR-6493:3:112993314:A	36	36	2	1	2	TCGA-CR-6493	0.5
TCGA-CR-6493:4:128812740:A	97	53	2	1	2	TCGA-CR-6493	0.353333333333333
TCGA-CR-6493:5:140559714:C	38	134	2	0	3	TCGA-CR-6493	0.779069767441861
TCGA-CR-6493:7:20825289:G	42	21	2	2	2	TCGA-CR-6493	0.333333333333333
TCGA-CR-6493:8:95802031:G	188	98	2	2	4	TCGA-CR-6493	0.342657342657343
TCGA-CR-6493:9:114886703:G	39	76	2	1	3	TCGA-CR-6493	0.660869565217391
TCGA-CR-6493:9:125288894:G	31	44	2	1	3	TCGA-CR-6493	0.586666666666667
TCGA-CR-6493:9:139273678:C	30	6	2	1	3	TCGA-CR-6493	0.166666666666667
TCGA-CR-6493:1:181767512:G	94	43	2	2	2	TCGA-CR-6493	0.313868613138686
TCGA-CR-6493:14:106866589:C	346	39	2	2	2	TCGA-CR-6493	0.101298701298701
