mutation_id	ref_counts	var_counts	normal_cn	minor_cn	major_cn	variant_case	variant_freq
TCGA-E9-A1RG:7:48314170:G	27	36	2	2	2	TCGA-E9-A1RG	0.571428571428571
TCGA-E9-A1RG:4:114203939:A	28	17	2	1	2	TCGA-E9-A1RG	0.377777777777778
TCGA-E9-A1RG:5:90670780:T	29	14	2	1	2	TCGA-E9-A1RG	0.325581395348837
TCGA-E9-A1RG:19:11027383:C	31	13	2	1	3	TCGA-E9-A1RG	0.295454545454545
TCGA-E9-A1RG:11:32675581:T	32	12	2	0	2	TCGA-E9-A1RG	0.272727272727273
TCGA-E9-A1RG:5:80553653:G	32	10	2	1	2	TCGA-E9-A1RG	0.238095238095238
TCGA-E9-A1RG:4:162680584:C	28	5	2	1	2	TCGA-E9-A1RG	0.151515151515152
TCGA-E9-A1RG:11:62394094:T	10	23	2	1	2	TCGA-E9-A1RG	0.696969696969697
TCGA-E9-A1RG:10:71835425:G	30	11	2	1	2	TCGA-E9-A1RG	0.268292682926829
TCGA-E9-A1RG:12:32137328:T	34	28	2	2	2	TCGA-E9-A1RG	0.451612903225806
TCGA-E9-A1RG:7:107684275:C	69	18	2	1	2	TCGA-E9-A1RG	0.206896551724138
TCGA-E9-A1RG:10:89268241:A	29	9	2	1	2	TCGA-E9-A1RG	0.236842105263158
TCGA-E9-A1RG:2:190620045:T	37	13	2	1	2	TCGA-E9-A1RG	0.26
TCGA-E9-A1RG:5:140174750:G	24	10	2	1	2	TCGA-E9-A1RG	0.294117647058824
TCGA-E9-A1RG:5:140711823:G	27	8	2	1	2	TCGA-E9-A1RG	0.228571428571429
TCGA-E9-A1RG:13:113838712:T	11	37	2	0	2	TCGA-E9-A1RG	0.770833333333333
TCGA-E9-A1RG:19:11558370:G	24	8	2	1	5	TCGA-E9-A1RG	0.25
TCGA-E9-A1RG:14:21834653:C	44	11	2	1	3	TCGA-E9-A1RG	0.2
TCGA-E9-A1RG:11:67925891:G	39	17	2	1	2	TCGA-E9-A1RG	0.303571428571429
TCGA-E9-A1RG:7:142021186:C	33	14	2	1	2	TCGA-E9-A1RG	0.297872340425532
TCGA-E9-A1RG:3:12531481:A	22	8	2	1	2	TCGA-E9-A1RG	0.266666666666667
TCGA-E9-A1RG:1:12378344:C	30	17	2	1	1	TCGA-E9-A1RG	0.361702127659574
TCGA-E9-A1RG:4:142150852:G	35	10	2	1	2	TCGA-E9-A1RG	0.222222222222222
TCGA-E9-A1RG:19:58232276:C	22	20	2	1	2	TCGA-E9-A1RG	0.476190476190476
TCGA-E9-A1RG:7:6634119:C	51	21	2	1	3	TCGA-E9-A1RG	0.291666666666667
