mutation_id	ref_counts	var_counts	normal_cn	minor_cn	major_cn	variant_case	variant_freq
TCGA-AR-A24T:12:111951204:C	42	16	2	1	1	TCGA-AR-A24T	0.275862068965517
TCGA-AR-A24T:5:13770961:G	44	18	2	1	1	TCGA-AR-A24T	0.290322580645161
TCGA-AR-A24T:1:184764696:C	66	30	2	1	2	TCGA-AR-A24T	0.3125
TCGA-AR-A24T:9:134759459:G	35	16	2	1	1	TCGA-AR-A24T	0.313725490196078
TCGA-AR-A24T:3:178952085:A	36	16	2	1	1	TCGA-AR-A24T	0.307692307692308
TCGA-AR-A24T:7:107408040:C	45	24	2	1	1	TCGA-AR-A24T	0.347826086956522
TCGA-AR-A24T:22:32889166:G	116	46	2	1	1	TCGA-AR-A24T	0.283950617283951
TCGA-AR-A24T:4:113568475:C	52	13	2	1	1	TCGA-AR-A24T	0.2
TCGA-AR-A24T:18:10800452:C	39	10	2	1	1	TCGA-AR-A24T	0.204081632653061
TCGA-AR-A24T:17:43923374:C	39	7	2	1	1	TCGA-AR-A24T	0.152173913043478
TCGA-AR-A24T:17:7577120:C	31	13	2	0	1	TCGA-AR-A24T	0.295454545454545
