mutation_id	ref_counts	var_counts	normal_cn	minor_cn	major_cn	variant_case	variant_freq
TCGA-DQ-7593:1:240255972:C	73	13	2	1	1	TCGA-DQ-7593	0.151162790697674
TCGA-DQ-7593:10:98031155:T	31	10	2	0	1	TCGA-DQ-7593	0.24390243902439
TCGA-DQ-7593:11:2189347:C	87	13	2	1	1	TCGA-DQ-7593	0.13
TCGA-DQ-7593:11:60048157:G	49	9	2	1	1	TCGA-DQ-7593	0.155172413793103
TCGA-DQ-7593:12:49433051:G	86	23	2	1	1	TCGA-DQ-7593	0.211009174311927
TCGA-DQ-7593:12:101740295:T	37	11	2	1	1	TCGA-DQ-7593	0.229166666666667
TCGA-DQ-7593:3:126707544:T	34	6	2	1	1	TCGA-DQ-7593	0.15
TCGA-DQ-7593:4:5809991:C	53	9	2	1	1	TCGA-DQ-7593	0.145161290322581
TCGA-DQ-7593:4:40439977:C	128	21	2	1	1	TCGA-DQ-7593	0.140939597315436
TCGA-DQ-7593:6:26285431:G	75	13	2	1	1	TCGA-DQ-7593	0.147727272727273
TCGA-DQ-7593:7:2983865:C	83	23	2	1	1	TCGA-DQ-7593	0.216981132075472
TCGA-DQ-7593:9:19296092:G	61	8	2	1	1	TCGA-DQ-7593	0.115942028985507
TCGA-DQ-7593:9:116811047:G	70	14	2	1	1	TCGA-DQ-7593	0.166666666666667
TCGA-DQ-7593:9:131783493:G	32	9	2	1	1	TCGA-DQ-7593	0.219512195121951
TCGA-DQ-7593:1:1333701:G	105	13	2	1	1	TCGA-DQ-7593	0.110169491525424
TCGA-DQ-7593:16:22441236:G	67	5	2	1	1	TCGA-DQ-7593	0.0694444444444444
TCGA-DQ-7593:2:103274152:T	134	23	2	0	1	TCGA-DQ-7593	0.146496815286624
TCGA-DQ-7593:3:197348634:G	135	8	2	1	1	TCGA-DQ-7593	0.0559440559440559
TCGA-DQ-7593:5:140794477:G	537	53	2	1	1	TCGA-DQ-7593	0.0898305084745763
TCGA-DQ-7593:9:93375576:G	76	9	2	1	1	TCGA-DQ-7593	0.105882352941176
