mutation_id	ref_counts	var_counts	normal_cn	minor_cn	major_cn	variant_case	variant_freq
TCGA-AR-A1AL:1:247063726:T	180	32	2	1	3	TCGA-AR-A1AL	0.150943396226415
TCGA-AR-A1AL:1:228285614:G	121	49	2	1	3	TCGA-AR-A1AL	0.288235294117647
TCGA-AR-A1AL:10:105207117:G	28	10	2	1	1	TCGA-AR-A1AL	0.263157894736842
TCGA-AR-A1AL:6:90572907:T	124	40	2	1	1	TCGA-AR-A1AL	0.24390243902439
TCGA-AR-A1AL:9:130580642:T	26	10	2	1	1	TCGA-AR-A1AL	0.277777777777778
TCGA-AR-A1AL:7:13940377:C	312	78	2	1	1	TCGA-AR-A1AL	0.2
TCGA-AR-A1AL:5:102432415:T	453	125	2	1	1	TCGA-AR-A1AL	0.216262975778547
TCGA-AR-A1AL:9:139229081:C	35	9	2	1	1	TCGA-AR-A1AL	0.204545454545455
TCGA-AR-A1AL:6:12163882:T	134	36	2	1	1	TCGA-AR-A1AL	0.211764705882353
TCGA-AR-A1AL:12:25398285:C	330	103	2	1	1	TCGA-AR-A1AL	0.237875288683603
TCGA-AR-A1AL:13:39587543:G	271	74	2	1	1	TCGA-AR-A1AL	0.214492753623188
TCGA-AR-A1AL:16:24833445:G	496	108	2	1	3	TCGA-AR-A1AL	0.178807947019868
TCGA-AR-A1AL:9:132576329:G	320	78	2	1	1	TCGA-AR-A1AL	0.195979899497487
TCGA-AR-A1AL:1:115615557:T	206	48	2	1	1	TCGA-AR-A1AL	0.188976377952756
TCGA-AR-A1AL:1:207288784:G	362	266	2	1	3	TCGA-AR-A1AL	0.423566878980892
TCGA-AR-A1AL:11:118425295:C	295	64	2	1	1	TCGA-AR-A1AL	0.178272980501393
TCGA-AR-A1AL:2:74689879:T	84	15	2	1	1	TCGA-AR-A1AL	0.151515151515152
TCGA-AR-A1AL:12:107372349:T	568	113	2	1	1	TCGA-AR-A1AL	0.165932452276065
TCGA-AR-A1AL:3:178936091:G	265	57	2	1	1	TCGA-AR-A1AL	0.177018633540373
TCGA-AR-A1AL:16:53691373:C	216	60	2	0	1	TCGA-AR-A1AL	0.217391304347826
