mutation_id	ref_counts	var_counts	normal_cn	minor_cn	major_cn	variant_case	variant_freq
TCGA-BH-A0H6:3:53844194:C	23	11	2	1	1	TCGA-BH-A0H6	0.323529411764706
TCGA-BH-A0H6:20:5903619:C	38	31	2	1	1	TCGA-BH-A0H6	0.449275362318841
TCGA-BH-A0H6:6:38851106:G	262	156	2	1	1	TCGA-BH-A0H6	0.373205741626794
TCGA-BH-A0H6:3:115395170:G	57	30	2	1	1	TCGA-BH-A0H6	0.344827586206897
TCGA-BH-A0H6:2:189405977:T	108	93	2	1	1	TCGA-BH-A0H6	0.462686567164179
TCGA-BH-A0H6:12:49496159:T	75	44	2	1	1	TCGA-BH-A0H6	0.369747899159664
TCGA-BH-A0H6:8:92972572:C	118	51	2	1	6	TCGA-BH-A0H6	0.301775147928994
TCGA-BH-A0H6:13:23930148:T	45	24	2	1	1	TCGA-BH-A0H6	0.347826086956522
TCGA-BH-A0H6:18:2700752:C	27	48	2	0	1	TCGA-BH-A0H6	0.64
TCGA-BH-A0H6:4:70504971:T	195	112	2	1	1	TCGA-BH-A0H6	0.364820846905537
TCGA-BH-A0H6:19:44419341:G	58	42	2	1	1	TCGA-BH-A0H6	0.42
TCGA-BH-A0H6:1:89843685:G	160	72	2	1	1	TCGA-BH-A0H6	0.310344827586207
