mutation_id	ref_counts	var_counts	normal_cn	minor_cn	major_cn	variant_case	variant_freq
TCGA-A2-A3KD:18:14852311:G	31	5	2	1	1	TCGA-A2-A3KD	0.138888888888889
TCGA-A2-A3KD:3:185879390:A	34	12	2	1	1	TCGA-A2-A3KD	0.260869565217391
TCGA-A2-A3KD:22:26868810:G	26	7	2	1	1	TCGA-A2-A3KD	0.212121212121212
TCGA-A2-A3KD:14:106053932:G	109	19	2	1	2	TCGA-A2-A3KD	0.1484375
TCGA-A2-A3KD:12:53207582:A	32	9	2	1	1	TCGA-A2-A3KD	0.219512195121951
TCGA-A2-A3KD:3:8609232:T	25	8	2	1	1	TCGA-A2-A3KD	0.242424242424242
TCGA-A2-A3KD:1:158724608:G	67	8	2	1	3	TCGA-A2-A3KD	0.106666666666667
TCGA-A2-A3KD:3:142897015:C	41	14	2	1	1	TCGA-A2-A3KD	0.254545454545455
TCGA-A2-A3KD:14:69920016:C	47	35	2	1	2	TCGA-A2-A3KD	0.426829268292683
TCGA-A2-A3KD:17:58085530:T	26	5	2	1	1	TCGA-A2-A3KD	0.161290322580645
TCGA-A2-A3KD:2:133015374:G	66	11	2	1	1	TCGA-A2-A3KD	0.142857142857143
