mutation_id	ref_counts	var_counts	normal_cn	minor_cn	major_cn	variant_case	variant_freq
TCGA-A8-A091:1:12726571:G	84	87	2	1	2	TCGA-A8-A091	0.508771929824561
TCGA-A8-A091:2:21236081:G	188	71	2	1	2	TCGA-A8-A091	0.274131274131274
TCGA-A8-A091:20:47632847:C	231	32	2	1	9	TCGA-A8-A091	0.121673003802281
TCGA-A8-A091:16:396381:C	33	23	2	2	4	TCGA-A8-A091	0.410714285714286
TCGA-A8-A091:20:11903291:T	72	92	2	1	2	TCGA-A8-A091	0.560975609756098
TCGA-A8-A091:2:65298871:C	44	14	2	1	2	TCGA-A8-A091	0.241379310344828
TCGA-A8-A091:4:9784610:C	35	23	2	2	2	TCGA-A8-A091	0.396551724137931
TCGA-A8-A091:16:24202462:C	218	80	2	2	4	TCGA-A8-A091	0.268456375838926
TCGA-A8-A091:7:121651597:C	244	164	2	2	2	TCGA-A8-A091	0.401960784313726
TCGA-A8-A091:11:64084586:C	28	16	2	2	2	TCGA-A8-A091	0.363636363636364
TCGA-A8-A091:17:4645075:C	23	11	2	1	2	TCGA-A8-A091	0.323529411764706
TCGA-A8-A091:16:68844139:G	58	127	2	0	2	TCGA-A8-A091	0.686486486486486
TCGA-A8-A091:10:95791949:G	168	50	2	1	2	TCGA-A8-A091	0.229357798165138
