mutation_id	ref_counts	var_counts	normal_cn	minor_cn	major_cn	variant_case	variant_freq
TCGA-78-7163:1:37346266:C	210	69	2	1	2	TCGA-78-7163	0.247311827956989
TCGA-78-7163:11:4623587:C	53	10	2	1	3	TCGA-78-7163	0.158730158730159
TCGA-78-7163:11:88337977:G	53	33	2	1	3	TCGA-78-7163	0.383720930232558
TCGA-78-7163:11:99872788:G	24	7	2	1	3	TCGA-78-7163	0.225806451612903
TCGA-78-7163:12:111923133:A	96	46	2	1	1	TCGA-78-7163	0.323943661971831
TCGA-78-7163:14:106311905:G	32	17	2	1	1	TCGA-78-7163	0.346938775510204
TCGA-78-7163:15:42446614:G	24	8	2	1	1	TCGA-78-7163	0.25
TCGA-78-7163:15:91482981:G	29	27	2	1	1	TCGA-78-7163	0.482142857142857
TCGA-78-7163:19:42558472:C	45	18	2	1	1	TCGA-78-7163	0.285714285714286
TCGA-78-7163:2:225630503:G	25	8	2	1	2	TCGA-78-7163	0.242424242424242
TCGA-78-7163:6:44102330:C	21	10	2	1	1	TCGA-78-7163	0.32258064516129
TCGA-78-7163:8:113402962:G	34	18	2	1	1	TCGA-78-7163	0.346153846153846
TCGA-78-7163:11:4903940:C	136	9	2	1	3	TCGA-78-7163	0.0620689655172414
TCGA-78-7163:11:5410836:C	115	7	2	1	3	TCGA-78-7163	0.0573770491803279
TCGA-78-7163:11:6806758:A	108	5	2	1	3	TCGA-78-7163	0.0442477876106195
TCGA-78-7163:14:32561096:T	86	24	2	1	1	TCGA-78-7163	0.218181818181818
TCGA-78-7163:2:61149129:C	66	11	2	1	2	TCGA-78-7163	0.142857142857143
TCGA-78-7163:2:130738399:C	69	9	2	1	2	TCGA-78-7163	0.115384615384615
TCGA-78-7163:2:219099087:G	76	12	2	1	2	TCGA-78-7163	0.136363636363636
TCGA-78-7163:6:160999606:T	109	6	2	1	1	TCGA-78-7163	0.0521739130434783
TCGA-78-7163:8:61766029:G	53	5	2	1	1	TCGA-78-7163	0.0862068965517241
