mutation_id	ref_counts	var_counts	normal_cn	minor_cn	major_cn	variant_case	variant_freq
TCGA-EW-A1IX:12:50747334:G	57	23	2	1	1	TCGA-EW-A1IX	0.2875
TCGA-EW-A1IX:12:50747335:C	57	21	2	1	1	TCGA-EW-A1IX	0.269230769230769
TCGA-EW-A1IX:3:167183403:C	38	12	2	1	1	TCGA-EW-A1IX	0.24
TCGA-EW-A1IX:12:102151069:C	40	5	2	1	1	TCGA-EW-A1IX	0.111111111111111
TCGA-EW-A1IX:13:50296658:G	32	6	2	1	1	TCGA-EW-A1IX	0.157894736842105
TCGA-EW-A1IX:7:44104972:C	34	6	2	1	1	TCGA-EW-A1IX	0.15
TCGA-EW-A1IX:14:68292285:G	45	9	2	1	1	TCGA-EW-A1IX	0.166666666666667
TCGA-EW-A1IX:4:20555534:G	33	11	2	0	1	TCGA-EW-A1IX	0.25
TCGA-EW-A1IX:17:48940939:G	37	5	2	1	1	TCGA-EW-A1IX	0.119047619047619
