mutation_id	ref_counts	var_counts	normal_cn	minor_cn	major_cn	variant_case	variant_freq
TCGA-EW-A2FS:2:96521886:G	40	11	2	1	1	TCGA-EW-A2FS	0.215686274509804
TCGA-EW-A2FS:1:27100207:C	25	20	2	0	1	TCGA-EW-A2FS	0.444444444444444
TCGA-EW-A2FS:1:207134288:A	60	17	2	1	1	TCGA-EW-A2FS	0.220779220779221
TCGA-EW-A2FS:1:89662872:G	45	19	2	0	1	TCGA-EW-A2FS	0.296875
TCGA-EW-A2FS:17:65184495:C	61	9	2	1	3	TCGA-EW-A2FS	0.128571428571429
TCGA-EW-A2FS:17:46607829:G	46	15	2	1	4	TCGA-EW-A2FS	0.245901639344262
TCGA-EW-A2FS:2:152534685:T	24	9	2	1	1	TCGA-EW-A2FS	0.272727272727273
TCGA-EW-A2FS:12:108150667:G	25	11	2	1	1	TCGA-EW-A2FS	0.305555555555556
TCGA-EW-A2FS:11:63149641:C	50	11	2	1	3	TCGA-EW-A2FS	0.180327868852459
TCGA-EW-A2FS:19:14748981:C	31	9	2	0	1	TCGA-EW-A2FS	0.225
TCGA-EW-A2FS:7:100678652:C	52	10	2	1	1	TCGA-EW-A2FS	0.161290322580645
TCGA-EW-A2FS:12:52200943:T	30	5	2	1	1	TCGA-EW-A2FS	0.142857142857143
TCGA-EW-A2FS:6:46623636:C	54	7	2	1	1	TCGA-EW-A2FS	0.114754098360656
