mutation_id	ref_counts	var_counts	normal_cn	minor_cn	major_cn	variant_case	variant_freq
TCGA-AR-A24K:17:66920927:G	34	23	2	0	4	TCGA-AR-A24K	0.403508771929825
TCGA-AR-A24K:12:91347459:C	59	27	2	1	2	TCGA-AR-A24K	0.313953488372093
TCGA-AR-A24K:19:41704416:A	30	19	2	2	2	TCGA-AR-A24K	0.387755102040816
TCGA-AR-A24K:4:110925680:A	31	25	2	1	2	TCGA-AR-A24K	0.446428571428571
TCGA-AR-A24K:15:32689491:T	25	10	2	2	2	TCGA-AR-A24K	0.285714285714286
TCGA-AR-A24K:15:65622726:G	26	6	2	2	2	TCGA-AR-A24K	0.1875
TCGA-AR-A24K:3:19295241:A	60	39	2	2	2	TCGA-AR-A24K	0.393939393939394
TCGA-AR-A24K:2:99778927:C	16	16	2	1	2	TCGA-AR-A24K	0.5
TCGA-AR-A24K:7:133842882:A	44	7	2	2	2	TCGA-AR-A24K	0.137254901960784
TCGA-AR-A24K:7:116399515:G	28	20	2	2	2	TCGA-AR-A24K	0.416666666666667
TCGA-AR-A24K:19:18304729:G	34	17	2	2	2	TCGA-AR-A24K	0.333333333333333
TCGA-AR-A24K:8:75756324:C	91	19	2	1	5	TCGA-AR-A24K	0.172727272727273
TCGA-AR-A24K:3:53223092:T	30	17	2	2	2	TCGA-AR-A24K	0.361702127659574
TCGA-AR-A24K:20:17641006:C	20	43	2	1	2	TCGA-AR-A24K	0.682539682539683
TCGA-AR-A24K:9:135172419:T	8	36	2	0	2	TCGA-AR-A24K	0.818181818181818
TCGA-AR-A24K:17:8660619:C	21	24	2	0	4	TCGA-AR-A24K	0.533333333333333
TCGA-AR-A24K:12:104100711:G	31	13	2	1	2	TCGA-AR-A24K	0.295454545454545
TCGA-AR-A24K:12:83444707:G	21	28	2	1	2	TCGA-AR-A24K	0.571428571428571
TCGA-AR-A24K:10:75834570:A	29	15	2	2	2	TCGA-AR-A24K	0.340909090909091
TCGA-AR-A24K:19:53770069:C	20	15	2	2	2	TCGA-AR-A24K	0.428571428571429
TCGA-AR-A24K:11:1268579:T	73	9	2	0	4	TCGA-AR-A24K	0.109756097560976
