mutation_id	ref_counts	var_counts	normal_cn	minor_cn	major_cn	variant_case	variant_freq
TCGA-A2-A04X:9:35674290:G	99	31	2	1	1	TCGA-A2-A04X	0.238461538461538
TCGA-A2-A04X:12:93226389:C	100	33	2	1	1	TCGA-A2-A04X	0.24812030075188
TCGA-A2-A04X:2:48047527:C	69	22	2	1	1	TCGA-A2-A04X	0.241758241758242
TCGA-A2-A04X:6:52701123:G	245	62	2	1	2	TCGA-A2-A04X	0.201954397394137
TCGA-A2-A04X:6:32634318:C	23	12	2	1	2	TCGA-A2-A04X	0.342857142857143
TCGA-A2-A04X:14:24656970:G	33	13	2	1	1	TCGA-A2-A04X	0.282608695652174
TCGA-A2-A04X:10:33217185:T	65	25	2	1	1	TCGA-A2-A04X	0.277777777777778
TCGA-A2-A04X:2:170060630:C	166	53	2	1	1	TCGA-A2-A04X	0.242009132420091
TCGA-A2-A04X:6:25600890:G	222	62	2	1	2	TCGA-A2-A04X	0.21830985915493
TCGA-A2-A04X:7:141780655:C	57	42	2	0	1	TCGA-A2-A04X	0.424242424242424
TCGA-A2-A04X:5:43704416:C	141	43	2	1	1	TCGA-A2-A04X	0.233695652173913
TCGA-A2-A04X:9:95147960:C	170	60	2	1	1	TCGA-A2-A04X	0.260869565217391
TCGA-A2-A04X:6:43099859:G	25	5	2	1	2	TCGA-A2-A04X	0.166666666666667
TCGA-A2-A04X:17:26723195:G	110	34	2	1	1	TCGA-A2-A04X	0.236111111111111
TCGA-A2-A04X:7:23825188:G	202	68	2	1	1	TCGA-A2-A04X	0.251851851851852
TCGA-A2-A04X:17:559191:C	216	90	2	1	1	TCGA-A2-A04X	0.294117647058824
TCGA-A2-A04X:12:65514331:C	67	31	2	1	1	TCGA-A2-A04X	0.316326530612245
TCGA-A2-A04X:20:39831958:G	143	39	2	1	2	TCGA-A2-A04X	0.214285714285714
TCGA-A2-A04X:16:3191255:C	25	10	2	1	1	TCGA-A2-A04X	0.285714285714286
TCGA-A2-A04X:6:46047880:C	236	45	2	1	2	TCGA-A2-A04X	0.160142348754448
TCGA-A2-A04X:13:49281015:G	88	19	2	0	1	TCGA-A2-A04X	0.177570093457944
TCGA-A2-A04X:16:20974834:C	200	47	2	1	1	TCGA-A2-A04X	0.190283400809717
TCGA-A2-A04X:3:73433778:G	48	7	2	1	1	TCGA-A2-A04X	0.127272727272727
TCGA-A2-A04X:6:160169354:G	129	61	2	0	1	TCGA-A2-A04X	0.321052631578947
