mutation_id	ref_counts	var_counts	normal_cn	minor_cn	major_cn	variant_case	variant_freq
TCGA-A2-A0CP:1:94057926:C	50	21	2	0	2	TCGA-A2-A0CP	0.295774647887324
TCGA-A2-A0CP:15:57730943:C	72	44	2	1	1	TCGA-A2-A0CP	0.379310344827586
TCGA-A2-A0CP:2:55408757:C	100	29	2	1	1	TCGA-A2-A0CP	0.224806201550388
TCGA-A2-A0CP:3:122545885:G	178	62	2	1	1	TCGA-A2-A0CP	0.258333333333333
TCGA-A2-A0CP:9:128117999:G	65	20	2	1	1	TCGA-A2-A0CP	0.235294117647059
TCGA-A2-A0CP:1:15392250:G	26	19	2	1	1	TCGA-A2-A0CP	0.422222222222222
TCGA-A2-A0CP:17:39262140:C	95	26	2	1	1	TCGA-A2-A0CP	0.214876033057851
TCGA-A2-A0CP:5:56170973:G	190	69	2	1	1	TCGA-A2-A0CP	0.266409266409266
TCGA-A2-A0CP:15:37186997:C	152	96	2	1	1	TCGA-A2-A0CP	0.387096774193548
TCGA-A2-A0CP:12:51323842:C	96	23	2	1	1	TCGA-A2-A0CP	0.19327731092437
TCGA-A2-A0CP:4:6711224:C	63	43	2	1	1	TCGA-A2-A0CP	0.405660377358491
TCGA-A2-A0CP:3:40275393:T	71	17	2	1	1	TCGA-A2-A0CP	0.193181818181818
TCGA-A2-A0CP:1:236201470:C	105	32	2	1	1	TCGA-A2-A0CP	0.233576642335766
TCGA-A2-A0CP:5:140558352:C	36	33	2	1	1	TCGA-A2-A0CP	0.478260869565217
TCGA-A2-A0CP:3:178938934:G	95	21	2	1	1	TCGA-A2-A0CP	0.181034482758621
TCGA-A2-A0CP:3:178952085:A	64	31	2	1	1	TCGA-A2-A0CP	0.326315789473684
TCGA-A2-A0CP:6:43484915:A	134	35	2	1	1	TCGA-A2-A0CP	0.207100591715976
TCGA-A2-A0CP:8:51449300:C	122	22	2	1	3	TCGA-A2-A0CP	0.152777777777778
TCGA-A2-A0CP:13:19752393:C	60	16	2	1	1	TCGA-A2-A0CP	0.210526315789474
TCGA-A2-A0CP:6:26368860:C	254	47	2	1	1	TCGA-A2-A0CP	0.156146179401993
TCGA-A2-A0CP:2:84774616:G	170	39	2	1	1	TCGA-A2-A0CP	0.186602870813397
TCGA-A2-A0CP:9:130153011:C	163	32	2	1	1	TCGA-A2-A0CP	0.164102564102564
TCGA-A2-A0CP:5:56161284:G	41	7	2	1	1	TCGA-A2-A0CP	0.145833333333333
TCGA-A2-A0CP:11:129752350:C	138	29	2	1	1	TCGA-A2-A0CP	0.173652694610778
TCGA-A2-A0CP:3:48561136:G	95	17	2	1	1	TCGA-A2-A0CP	0.151785714285714
TCGA-A2-A0CP:19:12154864:T	109	20	2	1	1	TCGA-A2-A0CP	0.155038759689922
