mutation_id	ref_counts	var_counts	normal_cn	minor_cn	major_cn	variant_case	variant_freq
TCGA-D8-A1X5:3:43596874:C	22	18	2	0	2	TCGA-D8-A1X5	0.45
TCGA-D8-A1X5:11:26620415:G	33	6	2	1	2	TCGA-D8-A1X5	0.153846153846154
TCGA-D8-A1X5:2:21234906:A	39	12	2	1	2	TCGA-D8-A1X5	0.235294117647059
TCGA-D8-A1X5:1:151018589:C	64	15	2	2	3	TCGA-D8-A1X5	0.189873417721519
TCGA-D8-A1X5:5:40959618:A	26	31	2	1	3	TCGA-D8-A1X5	0.543859649122807
TCGA-D8-A1X5:2:97498311:C	31	11	2	1	2	TCGA-D8-A1X5	0.261904761904762
TCGA-D8-A1X5:8:139856380:C	102	21	2	2	5	TCGA-D8-A1X5	0.170731707317073
TCGA-D8-A1X5:11:61094351:C	26	11	2	1	2	TCGA-D8-A1X5	0.297297297297297
TCGA-D8-A1X5:12:16115830:G	47	11	2	1	1	TCGA-D8-A1X5	0.189655172413793
TCGA-D8-A1X5:6:7582932:G	34	27	2	2	3	TCGA-D8-A1X5	0.442622950819672
TCGA-D8-A1X5:2:119600587:G	27	12	2	1	2	TCGA-D8-A1X5	0.307692307692308
TCGA-D8-A1X5:4:187077211:C	52	10	2	0	3	TCGA-D8-A1X5	0.161290322580645
TCGA-D8-A1X5:1:240256746:G	26	6	2	2	5	TCGA-D8-A1X5	0.1875
TCGA-D8-A1X5:6:112015900:T	31	23	2	2	2	TCGA-D8-A1X5	0.425925925925926
TCGA-D8-A1X5:6:101847171:G	56	9	2	2	2	TCGA-D8-A1X5	0.138461538461538
TCGA-D8-A1X5:7:30795418:C	17	13	2	1	2	TCGA-D8-A1X5	0.433333333333333
TCGA-D8-A1X5:3:49168209:G	35	11	2	0	2	TCGA-D8-A1X5	0.239130434782609
TCGA-D8-A1X5:2:210560612:G	39	9	2	1	2	TCGA-D8-A1X5	0.1875
TCGA-D8-A1X5:11:60184021:C	30	6	2	1	2	TCGA-D8-A1X5	0.166666666666667
TCGA-D8-A1X5:6:28269126:G	39	12	2	1	2	TCGA-D8-A1X5	0.235294117647059
TCGA-D8-A1X5:2:28775833:C	49	10	2	1	2	TCGA-D8-A1X5	0.169491525423729
TCGA-D8-A1X5:7:73651677:G	29	11	2	0	2	TCGA-D8-A1X5	0.275
TCGA-D8-A1X5:6:13977923:G	105	34	2	2	3	TCGA-D8-A1X5	0.244604316546763
TCGA-D8-A1X5:11:130781614:T	29	29	2	0	2	TCGA-D8-A1X5	0.5
TCGA-D8-A1X5:18:66354926:G	38	16	2	0	2	TCGA-D8-A1X5	0.296296296296296
TCGA-D8-A1X5:17:73520470:T	55	10	2	2	4	TCGA-D8-A1X5	0.153846153846154
TCGA-D8-A1X5:9:35295823:G	14	24	2	0	2	TCGA-D8-A1X5	0.631578947368421
TCGA-D8-A1X5:20:61834989:G	65	17	2	2	5	TCGA-D8-A1X5	0.207317073170732
TCGA-D8-A1X5:2:43453434:G	21	11	2	1	2	TCGA-D8-A1X5	0.34375
TCGA-D8-A1X5:19:44778658:G	61	16	2	1	2	TCGA-D8-A1X5	0.207792207792208
TCGA-D8-A1X5:1:238051727:C	73	11	2	2	5	TCGA-D8-A1X5	0.130952380952381
TCGA-D8-A1X5:9:5988477:C	47	8	2	0	2	TCGA-D8-A1X5	0.145454545454545
