mutation_id	ref_counts	var_counts	normal_cn	minor_cn	major_cn	variant_case	variant_freq
TCGA-EW-A1P6:2:36740755:G	24	8	2	1	1	TCGA-EW-A1P6	0.25
TCGA-EW-A1P6:8:143998609:G	79	23	2	1	6	TCGA-EW-A1P6	0.225490196078431
TCGA-EW-A1P6:1:100177672:C	48	21	2	1	1	TCGA-EW-A1P6	0.304347826086957
TCGA-EW-A1P6:3:4774809:A	22	11	2	1	1	TCGA-EW-A1P6	0.333333333333333
TCGA-EW-A1P6:17:49270817:A	26	13	2	1	1	TCGA-EW-A1P6	0.333333333333333
TCGA-EW-A1P6:7:108155179:T	28	18	2	1	1	TCGA-EW-A1P6	0.391304347826087
TCGA-EW-A1P6:6:4056666:A	55	25	2	1	2	TCGA-EW-A1P6	0.3125
TCGA-EW-A1P6:2:207170549:G	27	9	2	1	1	TCGA-EW-A1P6	0.25
TCGA-EW-A1P6:3:156396272:T	27	7	2	1	1	TCGA-EW-A1P6	0.205882352941176
TCGA-EW-A1P6:15:44158472:G	50	14	2	0	2	TCGA-EW-A1P6	0.21875
