mutation_id	ref_counts	var_counts	normal_cn	minor_cn	major_cn	variant_case	variant_freq
TCGA-E9-A22A:4:114153390:G	118	29	2	1	1	TCGA-E9-A22A	0.197278911564626
TCGA-E9-A22A:7:32590994:T	93	18	2	1	1	TCGA-E9-A22A	0.162162162162162
TCGA-E9-A22A:13:73320690:C	27	7	2	1	1	TCGA-E9-A22A	0.205882352941176
TCGA-E9-A22A:1:207195445:C	68	11	2	1	2	TCGA-E9-A22A	0.139240506329114
TCGA-E9-A22A:21:47931375:C	28	12	2	1	1	TCGA-E9-A22A	0.3
TCGA-E9-A22A:1:197009842:C	60	9	2	1	2	TCGA-E9-A22A	0.130434782608696
TCGA-E9-A22A:1:55075124:T	32	13	2	0	1	TCGA-E9-A22A	0.288888888888889
TCGA-E9-A22A:12:117962830:G	80	11	2	1	2	TCGA-E9-A22A	0.120879120879121
TCGA-E9-A22A:2:11959665:A	99	28	2	1	1	TCGA-E9-A22A	0.220472440944882
TCGA-E9-A22A:7:4949608:C	56	12	2	1	1	TCGA-E9-A22A	0.176470588235294
TCGA-E9-A22A:1:17083782:A	27	14	2	0	1	TCGA-E9-A22A	0.341463414634146
TCGA-E9-A22A:16:46764603:A	67	20	2	1	1	TCGA-E9-A22A	0.229885057471264
TCGA-E9-A22A:1:248263455:C	81	41	2	1	2	TCGA-E9-A22A	0.336065573770492
TCGA-E9-A22A:1:248487711:G	375	82	2	1	2	TCGA-E9-A22A	0.179431072210066
TCGA-E9-A22A:8:145640174:T	24	22	2	1	4	TCGA-E9-A22A	0.478260869565217
TCGA-E9-A22A:3:170184915:C	29	9	2	1	1	TCGA-E9-A22A	0.236842105263158
TCGA-E9-A22A:3:52544484:C	100	25	2	1	1	TCGA-E9-A22A	0.2
TCGA-E9-A22A:1:47748020:C	44	18	2	1	1	TCGA-E9-A22A	0.290322580645161
TCGA-E9-A22A:15:62202485:T	34	13	2	1	1	TCGA-E9-A22A	0.276595744680851
TCGA-E9-A22A:11:57569469:C	59	8	2	1	1	TCGA-E9-A22A	0.119402985074627
TCGA-E9-A22A:10:16967642:C	75	9	2	1	1	TCGA-E9-A22A	0.107142857142857
TCGA-E9-A22A:20:29625895:G	113	14	2	1	1	TCGA-E9-A22A	0.110236220472441
TCGA-E9-A22A:16:27517273:T	95	15	2	1	1	TCGA-E9-A22A	0.136363636363636
TCGA-E9-A22A:15:79748798:G	48	6	2	1	1	TCGA-E9-A22A	0.111111111111111
TCGA-E9-A22A:11:123909447:C	235	30	2	1	1	TCGA-E9-A22A	0.113207547169811
TCGA-E9-A22A:1:186648296:G	102	14	2	1	2	TCGA-E9-A22A	0.120689655172414
