mutation_id	ref_counts	var_counts	normal_cn	minor_cn	major_cn	variant_case	variant_freq
TCGA-B6-A1KC:1:115223011:G	25	77	2	1	6	TCGA-B6-A1KC	0.754901960784314
TCGA-B6-A1KC:12:110456273:G	43	58	2	2	3	TCGA-B6-A1KC	0.574257425742574
TCGA-B6-A1KC:14:21543885:C	3	28	2	0	2	TCGA-B6-A1KC	0.903225806451613
TCGA-B6-A1KC:1:213009307:G	71	16	2	1	6	TCGA-B6-A1KC	0.183908045977011
TCGA-B6-A1KC:15:49031351:C	26	43	2	1	2	TCGA-B6-A1KC	0.623188405797101
TCGA-B6-A1KC:1:159683855:C	49	9	2	1	6	TCGA-B6-A1KC	0.155172413793103
TCGA-B6-A1KC:11:128680620:G	5	39	2	0	3	TCGA-B6-A1KC	0.886363636363636
TCGA-B6-A1KC:1:152188526:C	359	59	2	1	6	TCGA-B6-A1KC	0.141148325358852
TCGA-B6-A1KC:16:22926374:A	26	5	2	0	3	TCGA-B6-A1KC	0.161290322580645
TCGA-B6-A1KC:9:5921685:A	136	35	2	2	2	TCGA-B6-A1KC	0.204678362573099
TCGA-B6-A1KC:3:155201158:G	69	16	2	1	4	TCGA-B6-A1KC	0.188235294117647
TCGA-B6-A1KC:18:9525780:A	96	46	2	0	5	TCGA-B6-A1KC	0.323943661971831
TCGA-B6-A1KC:1:101190339:C	86	18	2	1	6	TCGA-B6-A1KC	0.173076923076923
TCGA-B6-A1KC:3:126160731:G	15	18	2	1	4	TCGA-B6-A1KC	0.545454545454545
