mutation_id	ref_counts	var_counts	normal_cn	minor_cn	major_cn	variant_case	variant_freq
TCGA-C8-A1HL:13:95696530:C	138	127	2	2	2	TCGA-C8-A1HL	0.479245283018868
TCGA-C8-A1HL:5:5237179:T	431	107	2	2	2	TCGA-C8-A1HL	0.198884758364312
TCGA-C8-A1HL:18:31326084:G	124	31	2	2	2	TCGA-C8-A1HL	0.2
TCGA-C8-A1HL:11:624855:C	22	12	2	2	2	TCGA-C8-A1HL	0.352941176470588
TCGA-C8-A1HL:12:132626394:C	62	34	2	2	2	TCGA-C8-A1HL	0.354166666666667
TCGA-C8-A1HL:20:29960765:G	158	100	2	2	2	TCGA-C8-A1HL	0.387596899224806
TCGA-C8-A1HL:1:16458583:G	83	85	2	1	2	TCGA-C8-A1HL	0.505952380952381
TCGA-C8-A1HL:1:240656415:C	69	30	2	3	5	TCGA-C8-A1HL	0.303030303030303
TCGA-C8-A1HL:1:209969822:G	319	42	2	3	3	TCGA-C8-A1HL	0.116343490304709
TCGA-C8-A1HL:15:99874160:G	446	214	2	2	3	TCGA-C8-A1HL	0.324242424242424
TCGA-C8-A1HL:7:99696921:C	136	96	2	2	2	TCGA-C8-A1HL	0.413793103448276
TCGA-C8-A1HL:19:56490781:C	67	26	2	1	2	TCGA-C8-A1HL	0.279569892473118
TCGA-C8-A1HL:10:103920683:C	43	27	2	2	2	TCGA-C8-A1HL	0.385714285714286
TCGA-C8-A1HL:2:18766032:G	20	20	2	2	2	TCGA-C8-A1HL	0.5
TCGA-C8-A1HL:9:134072801:C	272	69	2	2	2	TCGA-C8-A1HL	0.202346041055718
TCGA-C8-A1HL:5:58285743:G	98	55	2	2	2	TCGA-C8-A1HL	0.359477124183007
TCGA-C8-A1HL:11:66236347:G	65	65	2	2	2	TCGA-C8-A1HL	0.5
TCGA-C8-A1HL:17:43545835:G	87	249	2	0	2	TCGA-C8-A1HL	0.741071428571429
TCGA-C8-A1HL:10:102743085:C	73	55	2	2	2	TCGA-C8-A1HL	0.4296875
TCGA-C8-A1HL:1:118693979:G	57	26	2	1	2	TCGA-C8-A1HL	0.313253012048193
TCGA-C8-A1HL:17:26920013:G	217	41	2	2	2	TCGA-C8-A1HL	0.158914728682171
TCGA-C8-A1HL:14:65237718:G	28	20	2	2	2	TCGA-C8-A1HL	0.416666666666667
TCGA-C8-A1HL:9:73151247:G	127	30	2	2	2	TCGA-C8-A1HL	0.191082802547771
TCGA-C8-A1HL:19:54545202:C	76	35	2	1	2	TCGA-C8-A1HL	0.315315315315315
