mutation_id	ref_counts	var_counts	normal_cn	minor_cn	major_cn	variant_case	variant_freq
TCGA-B6-A0WT:12:34177061:T	191	78	2	1	1	TCGA-B6-A0WT	0.28996282527881
TCGA-B6-A0WT:5:112177345:A	57	36	2	1	1	TCGA-B6-A0WT	0.387096774193548
TCGA-B6-A0WT:8:121282319:C	119	55	2	1	1	TCGA-B6-A0WT	0.316091954022989
TCGA-B6-A0WT:1:16946437:C	28	7	2	1	1	TCGA-B6-A0WT	0.2
TCGA-B6-A0WT:14:74436746:A	59	28	2	1	1	TCGA-B6-A0WT	0.32183908045977
TCGA-B6-A0WT:14:64694310:G	59	32	2	1	1	TCGA-B6-A0WT	0.351648351648352
TCGA-B6-A0WT:17:74084953:G	23	8	2	1	1	TCGA-B6-A0WT	0.258064516129032
TCGA-B6-A0WT:2:109099566:C	71	37	2	1	1	TCGA-B6-A0WT	0.342592592592593
TCGA-B6-A0WT:15:85053188:C	21	13	2	1	1	TCGA-B6-A0WT	0.382352941176471
TCGA-B6-A0WT:7:112112289:A	90	55	2	1	1	TCGA-B6-A0WT	0.379310344827586
TCGA-B6-A0WT:1:63955841:A	111	49	2	1	1	TCGA-B6-A0WT	0.30625
TCGA-B6-A0WT:11:46916348:G	41	35	2	1	1	TCGA-B6-A0WT	0.460526315789474
TCGA-B6-A0WT:7:72718330:A	27	8	2	1	1	TCGA-B6-A0WT	0.228571428571429
TCGA-B6-A0WT:11:55681318:C	74	45	2	1	1	TCGA-B6-A0WT	0.378151260504202
TCGA-B6-A0WT:3:38061760:G	31	14	2	1	1	TCGA-B6-A0WT	0.311111111111111
TCGA-B6-A0WT:12:49459216:T	38	32	2	1	1	TCGA-B6-A0WT	0.457142857142857
TCGA-B6-A0WT:2:198266834:T	28	15	2	1	1	TCGA-B6-A0WT	0.348837209302326
TCGA-B6-A0WT:17:33884703:G	47	16	2	1	1	TCGA-B6-A0WT	0.253968253968254
TCGA-B6-A0WT:19:39949655:G	50	9	2	1	1	TCGA-B6-A0WT	0.152542372881356
