mutation_id	ref_counts	var_counts	normal_cn	minor_cn	major_cn	variant_case	variant_freq
TCGA-A8-A07O:1:70758132:C	176	46	2	1	2	TCGA-A8-A07O	0.207207207207207
TCGA-A8-A07O:1:154293636:T	51	66	2	2	4	TCGA-A8-A07O	0.564102564102564
TCGA-A8-A07O:11:108129723:A	38	15	2	1	1	TCGA-A8-A07O	0.283018867924528
TCGA-A8-A07O:16:28842080:C	21	13	2	1	1	TCGA-A8-A07O	0.382352941176471
TCGA-A8-A07O:1:156263157:C	59	12	2	1	2	TCGA-A8-A07O	0.169014084507042
TCGA-A8-A07O:15:40921499:G	85	35	2	1	1	TCGA-A8-A07O	0.291666666666667
TCGA-A8-A07O:3:121980842:C	105	31	2	1	1	TCGA-A8-A07O	0.227941176470588
TCGA-A8-A07O:12:6702335:G	210	79	2	1	1	TCGA-A8-A07O	0.273356401384083
TCGA-A8-A07O:8:143994076:T	97	13	2	1	6	TCGA-A8-A07O	0.118181818181818
TCGA-A8-A07O:20:35060254:G	29	14	2	1	1	TCGA-A8-A07O	0.325581395348837
TCGA-A8-A07O:7:21805205:G	31	24	2	1	1	TCGA-A8-A07O	0.436363636363636
TCGA-A8-A07O:3:122459670:G	195	67	2	1	1	TCGA-A8-A07O	0.255725190839695
TCGA-A8-A07O:12:12311946:G	147	35	2	2	3	TCGA-A8-A07O	0.192307692307692
TCGA-A8-A07O:2:160605150:C	105	41	2	1	1	TCGA-A8-A07O	0.280821917808219
TCGA-A8-A07O:1:149908094:G	279	109	2	2	4	TCGA-A8-A07O	0.280927835051546
TCGA-A8-A07O:11:1264973:C	31	17	2	1	1	TCGA-A8-A07O	0.354166666666667
TCGA-A8-A07O:9:78772039:G	75	31	2	1	1	TCGA-A8-A07O	0.292452830188679
TCGA-A8-A07O:8:68965476:G	458	67	2	1	5	TCGA-A8-A07O	0.127619047619048
TCGA-A8-A07O:20:50400810:G	87	24	2	1	1	TCGA-A8-A07O	0.216216216216216
TCGA-A8-A07O:11:123513189:G	53	26	2	1	1	TCGA-A8-A07O	0.329113924050633
TCGA-A8-A07O:8:19231145:C	74	37	2	0	1	TCGA-A8-A07O	0.333333333333333
TCGA-A8-A07O:12:53776064:T	37	21	2	1	1	TCGA-A8-A07O	0.362068965517241
TCGA-A8-A07O:12:110346447:G	25	9	2	1	1	TCGA-A8-A07O	0.264705882352941
TCGA-A8-A07O:17:7579311:C	131	76	2	0	1	TCGA-A8-A07O	0.367149758454106
TCGA-A8-A07O:6:31655488:C	104	28	2	1	1	TCGA-A8-A07O	0.212121212121212
TCGA-A8-A07O:6:16328465:G	46	10	2	1	1	TCGA-A8-A07O	0.178571428571429
TCGA-A8-A07O:3:49311552:C	43	9	2	1	1	TCGA-A8-A07O	0.173076923076923
TCGA-A8-A07O:18:7015822:G	106	24	2	1	1	TCGA-A8-A07O	0.184615384615385
TCGA-A8-A07O:19:9063731:C	161	83	2	0	1	TCGA-A8-A07O	0.340163934426229
TCGA-A8-A07O:19:9065839:A	268	139	2	0	1	TCGA-A8-A07O	0.341523341523342
TCGA-A8-A07O:4:123814333:C	103	20	2	1	1	TCGA-A8-A07O	0.16260162601626
TCGA-A8-A07O:15:72559136:C	128	35	2	1	1	TCGA-A8-A07O	0.214723926380368
TCGA-A8-A07O:20:62891426:C	150	30	2	1	2	TCGA-A8-A07O	0.166666666666667
