mutation_id	ref_counts	var_counts	normal_cn	minor_cn	major_cn	variant_case	variant_freq
TCGA-GM-A2DA:12:4737717:G	31	14	2	1	1	TCGA-GM-A2DA	0.311111111111111
TCGA-GM-A2DA:11:100812591:A	23	9	2	1	1	TCGA-GM-A2DA	0.28125
TCGA-GM-A2DA:20:31692615:G	37	12	2	1	1	TCGA-GM-A2DA	0.244897959183673
TCGA-GM-A2DA:12:4458991:C	29	8	2	1	1	TCGA-GM-A2DA	0.216216216216216
TCGA-GM-A2DA:5:37187668:C	23	7	2	1	1	TCGA-GM-A2DA	0.233333333333333
TCGA-GM-A2DA:8:95183115:C	49	25	2	1	1	TCGA-GM-A2DA	0.337837837837838
TCGA-GM-A2DA:14:21869629:T	25	7	2	1	1	TCGA-GM-A2DA	0.21875
TCGA-GM-A2DA:1:50907189:G	31	7	2	1	1	TCGA-GM-A2DA	0.184210526315789
TCGA-GM-A2DA:13:92101096:G	36	10	2	1	1	TCGA-GM-A2DA	0.217391304347826
TCGA-GM-A2DA:2:10560114:C	24	12	2	1	1	TCGA-GM-A2DA	0.333333333333333
TCGA-GM-A2DA:20:42271138:A	28	8	2	1	1	TCGA-GM-A2DA	0.222222222222222
TCGA-GM-A2DA:14:93178044:G	43	17	2	1	1	TCGA-GM-A2DA	0.283333333333333
TCGA-GM-A2DA:8:105510194:C	44	24	2	1	2	TCGA-GM-A2DA	0.352941176470588
TCGA-GM-A2DA:4:87028414:G	43	22	2	1	1	TCGA-GM-A2DA	0.338461538461538
TCGA-GM-A2DA:7:100676392:T	43	13	2	1	1	TCGA-GM-A2DA	0.232142857142857
TCGA-GM-A2DA:6:76596584:G	24	7	2	1	1	TCGA-GM-A2DA	0.225806451612903
TCGA-GM-A2DA:6:88375529:G	31	8	2	1	2	TCGA-GM-A2DA	0.205128205128205
TCGA-GM-A2DA:10:97007096:G	25	16	2	1	1	TCGA-GM-A2DA	0.390243902439024
TCGA-GM-A2DA:1:201282596:G	22	10	2	1	2	TCGA-GM-A2DA	0.3125
TCGA-GM-A2DA:2:135848655:G	26	13	2	1	1	TCGA-GM-A2DA	0.333333333333333
