mutation_id	ref_counts	var_counts	normal_cn	minor_cn	major_cn	variant_case	variant_freq
TCGA-AR-A24Z:9:136291344:A	38	9	2	1	2	TCGA-AR-A24Z	0.191489361702128
TCGA-AR-A24Z:3:193220428:C	21	42	2	1	2	TCGA-AR-A24Z	0.666666666666667
TCGA-AR-A24Z:2:227979409:G	74	21	2	1	2	TCGA-AR-A24Z	0.221052631578947
TCGA-AR-A24Z:4:9446286:A	84	40	2	1	2	TCGA-AR-A24Z	0.32258064516129
TCGA-AR-A24Z:7:21698446:A	39	16	2	1	2	TCGA-AR-A24Z	0.290909090909091
TCGA-AR-A24Z:3:57388140:G	36	21	2	1	2	TCGA-AR-A24Z	0.368421052631579
TCGA-AR-A24Z:16:58438557:G	45	17	2	1	2	TCGA-AR-A24Z	0.274193548387097
TCGA-AR-A24Z:4:17585198:G	51	29	2	1	2	TCGA-AR-A24Z	0.3625
TCGA-AR-A24Z:6:96053674:C	93	16	2	1	4	TCGA-AR-A24Z	0.146788990825688
TCGA-AR-A24Z:19:39087977:G	42	10	2	2	2	TCGA-AR-A24Z	0.192307692307692
TCGA-AR-A24Z:6:41874991:C	47	8	2	2	2	TCGA-AR-A24Z	0.145454545454545
TCGA-AR-A24Z:17:10318441:A	39	21	2	0	2	TCGA-AR-A24Z	0.35
TCGA-AR-A24Z:13:52693487:G	33	31	2	0	2	TCGA-AR-A24Z	0.484375
TCGA-AR-A24Z:17:26370124:C	29	13	2	2	2	TCGA-AR-A24Z	0.30952380952381
TCGA-AR-A24Z:12:20801709:T	64	52	2	2	2	TCGA-AR-A24Z	0.448275862068966
TCGA-AR-A24Z:12:70946687:C	71	27	2	2	2	TCGA-AR-A24Z	0.275510204081633
TCGA-AR-A24Z:1:33117549:C	94	23	2	2	5	TCGA-AR-A24Z	0.196581196581197
TCGA-AR-A24Z:2:107032319:A	169	54	2	2	2	TCGA-AR-A24Z	0.242152466367713
TCGA-AR-A24Z:3:170078924:C	62	26	2	1	2	TCGA-AR-A24Z	0.295454545454545
TCGA-AR-A24Z:10:70644582:G	49	13	2	1	2	TCGA-AR-A24Z	0.209677419354839
TCGA-AR-A24Z:21:10951293:T	59	16	2	2	2	TCGA-AR-A24Z	0.213333333333333
TCGA-AR-A24Z:2:47202156:C	18	12	2	1	2	TCGA-AR-A24Z	0.4
TCGA-AR-A24Z:2:179448488:G	52	16	2	1	2	TCGA-AR-A24Z	0.235294117647059
TCGA-AR-A24Z:7:148802311:A	42	19	2	1	2	TCGA-AR-A24Z	0.311475409836066
TCGA-AR-A24Z:1:247492666:C	25	11	2	2	2	TCGA-AR-A24Z	0.305555555555556
TCGA-AR-A24Z:16:88620345:A	46	7	2	1	2	TCGA-AR-A24Z	0.132075471698113
TCGA-AR-A24Z:10:94235707:C	52	10	2	1	2	TCGA-AR-A24Z	0.161290322580645
TCGA-AR-A24Z:10:26459429:A	45	10	2	1	2	TCGA-AR-A24Z	0.181818181818182
TCGA-AR-A24Z:4:47877233:C	50	10	2	1	2	TCGA-AR-A24Z	0.166666666666667
TCGA-AR-A24Z:2:166909415:G	67	17	2	1	2	TCGA-AR-A24Z	0.202380952380952
