mutation_id	ref_counts	var_counts	normal_cn	minor_cn	major_cn	variant_case	variant_freq
TCGA-BH-A0W5:12:101505394:G	148	27	2	1	1	TCGA-BH-A0W5	0.154285714285714
TCGA-BH-A0W5:11:57003835:G	30	6	2	1	1	TCGA-BH-A0W5	0.166666666666667
TCGA-BH-A0W5:16:67645923:A	69	21	2	0	1	TCGA-BH-A0W5	0.233333333333333
TCGA-BH-A0W5:1:155184057:G	25	6	2	1	1	TCGA-BH-A0W5	0.193548387096774
TCGA-BH-A0W5:12:121431482:G	99	15	2	1	1	TCGA-BH-A0W5	0.131578947368421
TCGA-BH-A0W5:15:71125333:G	44	7	2	1	1	TCGA-BH-A0W5	0.137254901960784
TCGA-BH-A0W5:5:56177500:A	101	36	2	1	1	TCGA-BH-A0W5	0.262773722627737
TCGA-BH-A0W5:6:28227597:G	22	8	2	1	1	TCGA-BH-A0W5	0.266666666666667
TCGA-BH-A0W5:3:178952085:A	90	15	2	1	1	TCGA-BH-A0W5	0.142857142857143
TCGA-BH-A0W5:11:18764029:G	26	10	2	1	1	TCGA-BH-A0W5	0.277777777777778
TCGA-BH-A0W5:3:164908518:A	172	37	2	1	1	TCGA-BH-A0W5	0.177033492822967
TCGA-BH-A0W5:14:92505990:G	38	6	2	1	1	TCGA-BH-A0W5	0.136363636363636
TCGA-BH-A0W5:1:238053448:C	84	16	2	1	1	TCGA-BH-A0W5	0.16
TCGA-BH-A0W5:19:4429539:A	83	13	2	0	1	TCGA-BH-A0W5	0.135416666666667
TCGA-BH-A0W5:1:45966053:T	130	20	2	1	1	TCGA-BH-A0W5	0.133333333333333
TCGA-BH-A0W5:7:100677967:C	175	26	2	1	1	TCGA-BH-A0W5	0.129353233830846
TCGA-BH-A0W5:2:167159635:A	215	36	2	1	1	TCGA-BH-A0W5	0.143426294820717
TCGA-BH-A0W5:17:33520540:C	122	17	2	1	1	TCGA-BH-A0W5	0.122302158273381
