mutation_id	ref_counts	var_counts	normal_cn	minor_cn	major_cn	variant_case	variant_freq
TCGA-A8-A0A1:17:32685053:C	83	29	2	1	2	TCGA-A8-A0A1	0.258928571428571
TCGA-A8-A0A1:1:86249998:G	200	80	2	1	2	TCGA-A8-A0A1	0.285714285714286
TCGA-A8-A0A1:9:93375994:G	241	104	2	1	2	TCGA-A8-A0A1	0.301449275362319
TCGA-A8-A0A1:3:121415253:C	259	94	2	1	2	TCGA-A8-A0A1	0.26628895184136
TCGA-A8-A0A1:8:140630698:G	58	14	2	1	2	TCGA-A8-A0A1	0.194444444444444
TCGA-A8-A0A1:22:44681446:C	27	12	2	1	2	TCGA-A8-A0A1	0.307692307692308
TCGA-A8-A0A1:15:43817540:C	142	60	2	1	2	TCGA-A8-A0A1	0.297029702970297
TCGA-A8-A0A1:13:30066850:A	118	41	2	1	2	TCGA-A8-A0A1	0.257861635220126
TCGA-A8-A0A1:1:45800095:T	171	62	2	1	2	TCGA-A8-A0A1	0.266094420600858
TCGA-A8-A0A1:1:17431555:C	44	18	2	1	2	TCGA-A8-A0A1	0.290322580645161
TCGA-A8-A0A1:5:140869114:C	54	18	2	1	2	TCGA-A8-A0A1	0.25
TCGA-A8-A0A1:3:178936091:G	36	43	2	0	3	TCGA-A8-A0A1	0.544303797468354
TCGA-A8-A0A1:12:54976558:G	167	58	2	1	2	TCGA-A8-A0A1	0.257777777777778
TCGA-A8-A0A1:6:7226853:G	119	43	2	1	2	TCGA-A8-A0A1	0.265432098765432
TCGA-A8-A0A1:1:115453031:C	116	42	2	1	2	TCGA-A8-A0A1	0.265822784810127
TCGA-A8-A0A1:19:12780878:G	36	675	2	1	2	TCGA-A8-A0A1	0.949367088607595
TCGA-A8-A0A1:19:23836263:T	106	36	2	1	2	TCGA-A8-A0A1	0.253521126760563
TCGA-A8-A0A1:11:22272512:G	100	16	2	1	2	TCGA-A8-A0A1	0.137931034482759
TCGA-A8-A0A1:12:124218490:G	217	144	2	1	2	TCGA-A8-A0A1	0.398891966759003
TCGA-A8-A0A1:6:32372739:G	130	75	2	0	1	TCGA-A8-A0A1	0.365853658536585
TCGA-A8-A0A1:20:30689216:G	89	22	2	1	2	TCGA-A8-A0A1	0.198198198198198
TCGA-A8-A0A1:1:53153745:C	137	26	2	1	2	TCGA-A8-A0A1	0.159509202453988
TCGA-A8-A0A1:10:104491539:G	489	65	2	1	2	TCGA-A8-A0A1	0.117328519855596
