mutation_id	ref_counts	var_counts	normal_cn	minor_cn	major_cn	variant_case	variant_freq
TCGA-BH-A0BD:12:53714438:G	112	65	2	1	1	TCGA-BH-A0BD	0.367231638418079
TCGA-BH-A0BD:9:116186580:A	152	75	2	1	1	TCGA-BH-A0BD	0.330396475770925
TCGA-BH-A0BD:3:85008572:G	27	12	2	1	1	TCGA-BH-A0BD	0.307692307692308
TCGA-BH-A0BD:1:38034775:G	113	48	2	1	1	TCGA-BH-A0BD	0.298136645962733
TCGA-BH-A0BD:5:45396610:C	89	44	2	1	1	TCGA-BH-A0BD	0.330827067669173
TCGA-BH-A0BD:1:196300389:T	97	227	2	1	5	TCGA-BH-A0BD	0.700617283950617
TCGA-BH-A0BD:13:45580344:A	87	47	2	1	1	TCGA-BH-A0BD	0.350746268656716
TCGA-BH-A0BD:15:66853388:G	44	31	2	1	1	TCGA-BH-A0BD	0.413333333333333
TCGA-BH-A0BD:6:43022206:C	33	29	2	1	1	TCGA-BH-A0BD	0.467741935483871
TCGA-BH-A0BD:3:178952085:A	111	46	2	1	1	TCGA-BH-A0BD	0.292993630573248
TCGA-BH-A0BD:1:237955580:C	99	25	2	1	5	TCGA-BH-A0BD	0.201612903225806
TCGA-BH-A0BD:11:70332515:T	301	38	2	1	22	TCGA-BH-A0BD	0.112094395280236
TCGA-BH-A0BD:10:108337210:G	176	79	2	1	1	TCGA-BH-A0BD	0.309803921568627
TCGA-BH-A0BD:11:89609144:A	92	32	2	0	1	TCGA-BH-A0BD	0.258064516129032
TCGA-BH-A0BD:8:103298799:C	169	130	2	1	2	TCGA-BH-A0BD	0.434782608695652
