mutation_id	ref_counts	var_counts	normal_cn	minor_cn	major_cn	variant_case	variant_freq
TCGA-C8-A12U:17:55183615:G	358	103	2	2	5	TCGA-C8-A12U	0.223427331887202
TCGA-C8-A12U:7:134136358:C	123	37	2	1	2	TCGA-C8-A12U	0.23125
TCGA-C8-A12U:19:33134217:G	122	33	2	1	2	TCGA-C8-A12U	0.212903225806452
TCGA-C8-A12U:11:32636346:C	114	75	2	2	3	TCGA-C8-A12U	0.396825396825397
TCGA-C8-A12U:11:96117839:C	125	58	2	0	2	TCGA-C8-A12U	0.316939890710383
TCGA-C8-A12U:8:145620395:C	52	80	2	0	4	TCGA-C8-A12U	0.606060606060606
TCGA-C8-A12U:8:19277864:C	70	25	2	0	2	TCGA-C8-A12U	0.263157894736842
TCGA-C8-A12U:17:11572453:C	90	34	2	0	2	TCGA-C8-A12U	0.274193548387097
TCGA-C8-A12U:19:48239666:C	130	39	2	1	1	TCGA-C8-A12U	0.230769230769231
TCGA-C8-A12U:7:64453178:C	143	50	2	1	2	TCGA-C8-A12U	0.259067357512953
TCGA-C8-A12U:8:72234498:C	260	39	2	2	4	TCGA-C8-A12U	0.130434782608696
TCGA-C8-A12U:20:42164575:C	89	25	2	2	2	TCGA-C8-A12U	0.219298245614035
TCGA-C8-A12U:17:18145941:G	22	19	2	0	2	TCGA-C8-A12U	0.463414634146341
TCGA-C8-A12U:1:114184725:C	165	52	2	1	1	TCGA-C8-A12U	0.23963133640553
TCGA-C8-A12U:11:113130919:G	115	60	2	0	2	TCGA-C8-A12U	0.342857142857143
TCGA-C8-A12U:20:60859166:T	161	42	2	2	3	TCGA-C8-A12U	0.206896551724138
TCGA-C8-A12U:1:66838015:T	55	18	2	1	2	TCGA-C8-A12U	0.246575342465753
TCGA-C8-A12U:3:178952085:A	107	85	2	2	2	TCGA-C8-A12U	0.442708333333333
TCGA-C8-A12U:19:5925701:G	99	28	2	0	2	TCGA-C8-A12U	0.220472440944882
TCGA-C8-A12U:14:91341643:C	57	22	2	0	3	TCGA-C8-A12U	0.278481012658228
TCGA-C8-A12U:12:52082854:C	50	18	2	1	1	TCGA-C8-A12U	0.264705882352941
TCGA-C8-A12U:1:169823868:T	33	16	2	1	1	TCGA-C8-A12U	0.326530612244898
TCGA-C8-A12U:18:52896202:G	197	38	2	2	2	TCGA-C8-A12U	0.161702127659574
TCGA-C8-A12U:11:66055109:G	42	9	2	0	2	TCGA-C8-A12U	0.176470588235294
TCGA-C8-A12U:1:22839582:C	93	28	2	1	2	TCGA-C8-A12U	0.231404958677686
TCGA-C8-A12U:12:105443688:G	78	15	2	1	1	TCGA-C8-A12U	0.161290322580645
TCGA-C8-A12U:12:49089558:C	127	25	2	1	1	TCGA-C8-A12U	0.164473684210526
TCGA-C8-A12U:5:21802509:C	57	26	2	1	2	TCGA-C8-A12U	0.313253012048193
TCGA-C8-A12U:1:237608817:T	219	95	2	1	3	TCGA-C8-A12U	0.302547770700637
TCGA-C8-A12U:6:109763931:G	91	16	2	1	1	TCGA-C8-A12U	0.149532710280374
TCGA-C8-A12U:11:89604106:C	127	18	2	0	2	TCGA-C8-A12U	0.124137931034483
