mutation_id	ref_counts	var_counts	normal_cn	minor_cn	major_cn	variant_case	variant_freq
TCGA-BH-A18I:2:131796570:G	31	27	2	1	1	TCGA-BH-A18I	0.46551724137931
TCGA-BH-A18I:15:25947227:G	75	45	2	1	1	TCGA-BH-A18I	0.375
TCGA-BH-A18I:3:165504044:C	376	211	2	1	1	TCGA-BH-A18I	0.359454855195911
TCGA-BH-A18I:18:13059100:G	97	74	2	1	1	TCGA-BH-A18I	0.432748538011696
TCGA-BH-A18I:4:144360988:G	284	139	2	1	1	TCGA-BH-A18I	0.328605200945626
TCGA-BH-A18I:7:8099816:A	216	107	2	1	1	TCGA-BH-A18I	0.331269349845201
TCGA-BH-A18I:1:27210723:A	53	24	2	1	1	TCGA-BH-A18I	0.311688311688312
TCGA-BH-A18I:5:176860631:C	100	50	2	1	1	TCGA-BH-A18I	0.333333333333333
TCGA-BH-A18I:6:105198288:G	112	121	2	0	1	TCGA-BH-A18I	0.51931330472103
TCGA-BH-A18I:1:156499903:C	18	13	2	1	1	TCGA-BH-A18I	0.419354838709677
TCGA-BH-A18I:15:43814174:G	62	31	2	1	1	TCGA-BH-A18I	0.333333333333333
TCGA-BH-A18I:15:72192139:A	108	55	2	1	1	TCGA-BH-A18I	0.337423312883436
TCGA-BH-A18I:16:3611738:C	47	61	2	1	3	TCGA-BH-A18I	0.564814814814815
TCGA-BH-A18I:5:140710391:A	106	52	2	1	1	TCGA-BH-A18I	0.329113924050633
TCGA-BH-A18I:5:140788500:G	85	38	2	1	1	TCGA-BH-A18I	0.308943089430894
TCGA-BH-A18I:3:178936082:G	162	72	2	1	1	TCGA-BH-A18I	0.307692307692308
TCGA-BH-A18I:13:96529583:C	227	101	2	1	1	TCGA-BH-A18I	0.307926829268293
TCGA-BH-A18I:2:125547610:A	38	10	2	1	1	TCGA-BH-A18I	0.208333333333333
TCGA-BH-A18I:19:42599576:G	46	10	2	1	1	TCGA-BH-A18I	0.178571428571429
