mutation_id	ref_counts	var_counts	normal_cn	minor_cn	major_cn	variant_case	variant_freq
TCGA-BH-A0DO:3:53779689:C	261	69	2	1	1	TCGA-BH-A0DO	0.209090909090909
TCGA-BH-A0DO:8:4494943:G	129	34	2	1	1	TCGA-BH-A0DO	0.208588957055215
TCGA-BH-A0DO:1:171077313:G	433	75	2	1	3	TCGA-BH-A0DO	0.147637795275591
TCGA-BH-A0DO:21:42823096:A	340	80	2	1	1	TCGA-BH-A0DO	0.19047619047619
TCGA-BH-A0DO:2:242051776:C	102	29	2	1	1	TCGA-BH-A0DO	0.221374045801527
TCGA-BH-A0DO:9:135153491:T	167	48	2	1	1	TCGA-BH-A0DO	0.223255813953488
TCGA-BH-A0DO:19:52033695:G	120	21	2	1	2	TCGA-BH-A0DO	0.148936170212766
TCGA-BH-A0DO:13:84454919:C	138	36	2	1	1	TCGA-BH-A0DO	0.206896551724138
TCGA-BH-A0DO:1:152079924:G	231	46	2	1	3	TCGA-BH-A0DO	0.166064981949458
TCGA-BH-A0DO:19:37441513:G	150	24	2	1	2	TCGA-BH-A0DO	0.137931034482759
TCGA-BH-A0DO:16:46597935:G	36	6	2	0	1	TCGA-BH-A0DO	0.142857142857143
TCGA-BH-A0DO:14:106208558:T	222	43	2	1	1	TCGA-BH-A0DO	0.162264150943396
TCGA-BH-A0DO:16:1793389:G	51	6	2	1	1	TCGA-BH-A0DO	0.105263157894737
TCGA-BH-A0DO:3:178952074:G	198	43	2	1	1	TCGA-BH-A0DO	0.178423236514523
TCGA-BH-A0DO:2:152988657:C	307	70	2	1	1	TCGA-BH-A0DO	0.185676392572944
TCGA-BH-A0DO:19:38380122:G	449	79	2	1	2	TCGA-BH-A0DO	0.149621212121212
