mutation_id	ref_counts	var_counts	normal_cn	minor_cn	major_cn	variant_case	variant_freq
TCGA-E2-A1L8:2:207406802:A	37	11	2	1	2	TCGA-E2-A1L8	0.229166666666667
TCGA-E2-A1L8:17:29214375:C	31	24	2	1	1	TCGA-E2-A1L8	0.436363636363636
TCGA-E2-A1L8:5:37169187:A	79	59	2	1	2	TCGA-E2-A1L8	0.427536231884058
TCGA-E2-A1L8:9:95869982:C	23	9	2	1	2	TCGA-E2-A1L8	0.28125
TCGA-E2-A1L8:12:10134707:A	42	12	2	1	2	TCGA-E2-A1L8	0.222222222222222
TCGA-E2-A1L8:17:11650986:G	25	10	2	1	1	TCGA-E2-A1L8	0.285714285714286
TCGA-E2-A1L8:1:206769083:C	36	100	2	1	4	TCGA-E2-A1L8	0.735294117647059
TCGA-E2-A1L8:7:73609623:A	21	17	2	1	2	TCGA-E2-A1L8	0.447368421052632
TCGA-E2-A1L8:11:128642719:A	25	6	2	1	1	TCGA-E2-A1L8	0.193548387096774
TCGA-E2-A1L8:12:65133264:G	68	41	2	2	2	TCGA-E2-A1L8	0.376146788990826
TCGA-E2-A1L8:6:102376327:A	74	26	2	1	1	TCGA-E2-A1L8	0.26
TCGA-E2-A1L8:14:106173790:A	27	21	2	1	2	TCGA-E2-A1L8	0.4375
TCGA-E2-A1L8:1:209803184:C	62	21	2	1	4	TCGA-E2-A1L8	0.253012048192771
TCGA-E2-A1L8:1:183093773:A	89	16	2	1	4	TCGA-E2-A1L8	0.152380952380952
TCGA-E2-A1L8:1:156104249:G	65	16	2	1	4	TCGA-E2-A1L8	0.197530864197531
TCGA-E2-A1L8:1:153974380:T	30	49	2	1	4	TCGA-E2-A1L8	0.620253164556962
TCGA-E2-A1L8:3:178952085:A	13	31	2	0	3	TCGA-E2-A1L8	0.704545454545455
TCGA-E2-A1L8:9:96847676:C	20	11	2	1	2	TCGA-E2-A1L8	0.354838709677419
TCGA-E2-A1L8:20:35661256:T	41	7	2	1	2	TCGA-E2-A1L8	0.145833333333333
TCGA-E2-A1L8:9:2054717:G	41	35	2	1	2	TCGA-E2-A1L8	0.460526315789474
TCGA-E2-A1L8:9:123917201:C	140	27	2	1	2	TCGA-E2-A1L8	0.161676646706587
