mutation_id	ref_counts	var_counts	normal_cn	minor_cn	major_cn	variant_case	variant_freq
TCGA-A2-A0YC:8:108297075:C	80	34	2	1	1	TCGA-A2-A0YC	0.298245614035088
TCGA-A2-A0YC:5:94027917:C	71	38	2	1	1	TCGA-A2-A0YC	0.348623853211009
TCGA-A2-A0YC:2:113514535:G	128	76	2	1	1	TCGA-A2-A0YC	0.372549019607843
TCGA-A2-A0YC:15:33023223:G	43	11	2	1	1	TCGA-A2-A0YC	0.203703703703704
TCGA-A2-A0YC:8:98900392:G	28	12	2	1	1	TCGA-A2-A0YC	0.3
TCGA-A2-A0YC:22:26291174:T	30	27	2	1	1	TCGA-A2-A0YC	0.473684210526316
TCGA-A2-A0YC:1:24409111:G	39	13	2	1	1	TCGA-A2-A0YC	0.25
TCGA-A2-A0YC:15:102346617:G	181	97	2	1	1	TCGA-A2-A0YC	0.348920863309353
TCGA-A2-A0YC:3:178936091:G	87	40	2	1	1	TCGA-A2-A0YC	0.31496062992126
TCGA-A2-A0YC:3:12447485:C	63	28	2	1	1	TCGA-A2-A0YC	0.307692307692308
TCGA-A2-A0YC:22:40661511:G	73	28	2	1	1	TCGA-A2-A0YC	0.277227722772277
TCGA-A2-A0YC:4:128951784:G	90	12	2	1	1	TCGA-A2-A0YC	0.117647058823529
TCGA-A2-A0YC:1:46872015:T	47	7	2	1	1	TCGA-A2-A0YC	0.12962962962963
