mutation_id	ref_counts	var_counts	normal_cn	minor_cn	major_cn	variant_case	variant_freq
TCGA-A8-A090:8:41525809:C	132	61	2	1	2	TCGA-A8-A090	0.316062176165803
TCGA-A8-A090:8:75927084:C	17	25	2	1	2	TCGA-A8-A090	0.595238095238095
TCGA-A8-A090:1:86047823:G	15	17	2	1	1	TCGA-A8-A090	0.53125
TCGA-A8-A090:11:9167307:G	238	129	2	1	1	TCGA-A8-A090	0.35149863760218
TCGA-A8-A090:15:41794697:T	5	37	2	1	1	TCGA-A8-A090	0.880952380952381
TCGA-A8-A090:6:129712680:C	124	146	2	0	1	TCGA-A8-A090	0.540740740740741
TCGA-A8-A090:16:48303987:A	65	87	2	0	1	TCGA-A8-A090	0.572368421052632
TCGA-A8-A090:5:156566070:C	164	74	2	1	1	TCGA-A8-A090	0.310924369747899
TCGA-A8-A090:1:149931697:C	306	185	2	1	2	TCGA-A8-A090	0.376782077393075
TCGA-A8-A090:7:95216383:T	33	10	2	1	1	TCGA-A8-A090	0.232558139534884
TCGA-A8-A090:10:118368603:C	29	10	2	1	1	TCGA-A8-A090	0.256410256410256
TCGA-A8-A090:1:177905472:G	22	11	2	1	2	TCGA-A8-A090	0.333333333333333
TCGA-A8-A090:7:116918218:G	38	25	2	1	1	TCGA-A8-A090	0.396825396825397
TCGA-A8-A090:5:78379147:C	154	21	2	1	2	TCGA-A8-A090	0.12
TCGA-A8-A090:17:62533802:G	106	13	2	1	2	TCGA-A8-A090	0.109243697478992
TCGA-A8-A090:21:31587665:A	125	41	2	1	1	TCGA-A8-A090	0.246987951807229
TCGA-A8-A090:4:155253827:A	170	50	2	1	1	TCGA-A8-A090	0.227272727272727
TCGA-A8-A090:2:225266148:T	62	16	2	1	1	TCGA-A8-A090	0.205128205128205
TCGA-A8-A090:1:117146250:A	78	27	2	1	1	TCGA-A8-A090	0.257142857142857
TCGA-A8-A090:4:88104522:G	133	54	2	1	1	TCGA-A8-A090	0.288770053475936
TCGA-A8-A090:3:193365903:C	81	26	2	1	1	TCGA-A8-A090	0.242990654205607
TCGA-A8-A090:20:58467628:T	286	43	2	1	2	TCGA-A8-A090	0.130699088145897
TCGA-A8-A090:1:16719821:C	70	21	2	0	1	TCGA-A8-A090	0.230769230769231
TCGA-A8-A090:18:52928697:C	398	97	2	0	1	TCGA-A8-A090	0.195959595959596
TCGA-A8-A090:1:52933940:C	64	38	2	0	1	TCGA-A8-A090	0.372549019607843
