mutation_id	ref_counts	var_counts	normal_cn	minor_cn	major_cn	variant_case	variant_freq
TCGA-AC-A2FM:10:90591731:A	34	28	2	1	2	TCGA-AC-A2FM	0.451612903225806
TCGA-AC-A2FM:16:19725476:C	58	16	2	1	2	TCGA-AC-A2FM	0.216216216216216
TCGA-AC-A2FM:16:19725691:C	76	27	2	1	2	TCGA-AC-A2FM	0.262135922330097
TCGA-AC-A2FM:6:118803030:C	29	13	2	1	2	TCGA-AC-A2FM	0.30952380952381
TCGA-AC-A2FM:8:97847337:G	109	18	2	2	5	TCGA-AC-A2FM	0.141732283464567
TCGA-AC-A2FM:15:100332712:T	49	22	2	1	1	TCGA-AC-A2FM	0.309859154929577
TCGA-AC-A2FM:14:38061225:T	13	33	2	2	3	TCGA-AC-A2FM	0.717391304347826
TCGA-AC-A2FM:11:77937657:C	29	22	2	0	2	TCGA-AC-A2FM	0.431372549019608
TCGA-AC-A2FM:11:77937662:T	33	22	2	0	2	TCGA-AC-A2FM	0.4
TCGA-AC-A2FM:22:30951295:T	20	11	2	0	2	TCGA-AC-A2FM	0.354838709677419
TCGA-AC-A2FM:3:42739737:T	17	13	2	1	2	TCGA-AC-A2FM	0.433333333333333
TCGA-AC-A2FM:16:3131810:T	29	7	2	2	2	TCGA-AC-A2FM	0.194444444444444
TCGA-AC-A2FM:6:76731925:C	45	12	2	1	2	TCGA-AC-A2FM	0.210526315789474
TCGA-AC-A2FM:19:55147987:G	151	31	2	2	6	TCGA-AC-A2FM	0.17032967032967
TCGA-AC-A2FM:19:55147988:A	153	31	2	2	6	TCGA-AC-A2FM	0.168478260869565
TCGA-AC-A2FM:8:56910950:C	45	17	2	2	5	TCGA-AC-A2FM	0.274193548387097
TCGA-AC-A2FM:16:77228812:G	55	27	2	0	2	TCGA-AC-A2FM	0.329268292682927
TCGA-AC-A2FM:11:1083135:C	59	10	2	2	2	TCGA-AC-A2FM	0.144927536231884
TCGA-AC-A2FM:19:55452900:G	44	16	2	0	2	TCGA-AC-A2FM	0.266666666666667
TCGA-AC-A2FM:13:53624487:C	39	26	2	2	3	TCGA-AC-A2FM	0.4
TCGA-AC-A2FM:9:123580275:T	23	7	2	1	2	TCGA-AC-A2FM	0.233333333333333
TCGA-AC-A2FM:1:198671524:G	31	20	2	2	2	TCGA-AC-A2FM	0.392156862745098
TCGA-AC-A2FM:8:52384839:C	36	16	2	2	5	TCGA-AC-A2FM	0.307692307692308
TCGA-AC-A2FM:6:150322381:T	29	5	2	1	2	TCGA-AC-A2FM	0.147058823529412
TCGA-AC-A2FM:7:148638600:G	30	18	2	1	2	TCGA-AC-A2FM	0.375
TCGA-AC-A2FM:16:11935601:C	14	21	2	0	2	TCGA-AC-A2FM	0.6
TCGA-AC-A2FM:1:116609287:G	8	27	2	0	2	TCGA-AC-A2FM	0.771428571428571
TCGA-AC-A2FM:17:26671409:G	50	26	2	2	3	TCGA-AC-A2FM	0.342105263157895
TCGA-AC-A2FM:19:48305694:A	70	23	2	0	2	TCGA-AC-A2FM	0.247311827956989
TCGA-AC-A2FM:19:54930683:T	15	32	2	2	6	TCGA-AC-A2FM	0.680851063829787
TCGA-AC-A2FM:1:1354515:C	39	5	2	0	2	TCGA-AC-A2FM	0.113636363636364
TCGA-AC-A2FM:19:45430280:C	49	7	2	0	2	TCGA-AC-A2FM	0.125
TCGA-AC-A2FM:6:109519623:C	44	6	2	1	2	TCGA-AC-A2FM	0.12
TCGA-AC-A2FM:5:111481696:C	52	6	2	1	2	TCGA-AC-A2FM	0.103448275862069
TCGA-AC-A2FM:12:70949883:G	55	7	2	1	3	TCGA-AC-A2FM	0.112903225806452
