mutation_id	ref_counts	var_counts	normal_cn	minor_cn	major_cn	variant_case	variant_freq
TCGA-55-8091:1:234367219:G	23	8	2	1	1	TCGA-55-8091	0.258064516129032
TCGA-55-8091:1:248789976:C	19	12	2	1	1	TCGA-55-8091	0.387096774193548
TCGA-55-8091:12:77424046:G	185	53	2	1	1	TCGA-55-8091	0.222689075630252
TCGA-55-8091:15:31294278:C	164	123	2	0	1	TCGA-55-8091	0.428571428571429
TCGA-55-8091:17:34100254:C	22	13	2	1	1	TCGA-55-8091	0.371428571428571
TCGA-55-8091:19:46998259:C	37	17	2	0	1	TCGA-55-8091	0.314814814814815
TCGA-55-8091:2:179639038:C	70	37	2	0	2	TCGA-55-8091	0.345794392523364
TCGA-55-8091:2:198571055:G	97	33	2	0	2	TCGA-55-8091	0.253846153846154
TCGA-55-8091:21:38095422:C	75	29	2	1	1	TCGA-55-8091	0.278846153846154
TCGA-55-8091:22:26692923:G	49	18	2	1	2	TCGA-55-8091	0.26865671641791
TCGA-55-8091:3:19554592:C	43	14	2	1	1	TCGA-55-8091	0.245614035087719
TCGA-55-8091:5:49701644:A	47	13	2	1	2	TCGA-55-8091	0.216666666666667
TCGA-55-8091:5:140237185:G	185	64	2	1	2	TCGA-55-8091	0.257028112449799
TCGA-55-8091:6:110501725:C	45	19	2	0	1	TCGA-55-8091	0.296875
TCGA-55-8091:7:45004684:G	60	61	2	1	2	TCGA-55-8091	0.504132231404959
TCGA-55-8091:7:150695446:T	30	6	2	1	1	TCGA-55-8091	0.166666666666667
TCGA-55-8091:1:12010521:G	58	5	2	1	1	TCGA-55-8091	0.0793650793650794
TCGA-55-8091:1:19478814:T	371	17	2	1	1	TCGA-55-8091	0.0438144329896907
TCGA-55-8091:1:157668197:G	109	6	2	1	1	TCGA-55-8091	0.0521739130434783
TCGA-55-8091:1:177001910:G	69	11	2	1	1	TCGA-55-8091	0.1375
TCGA-55-8091:1:204429716:T	134	14	2	1	1	TCGA-55-8091	0.0945945945945946
TCGA-55-8091:11:62296070:A	304	8	2	1	1	TCGA-55-8091	0.0256410256410256
TCGA-55-8091:14:20295989:C	564	40	2	3	3	TCGA-55-8091	0.0662251655629139
TCGA-55-8091:14:50241313:T	238	6	2	1	2	TCGA-55-8091	0.0245901639344262
TCGA-55-8091:15:68118525:G	51	13	2	0	1	TCGA-55-8091	0.203125
TCGA-55-8091:18:48573418:T	36	8	2	0	1	TCGA-55-8091	0.181818181818182
TCGA-55-8091:19:51728620:C	128	5	2	1	1	TCGA-55-8091	0.037593984962406
TCGA-55-8091:5:54281255:G	90	5	2	1	2	TCGA-55-8091	0.0526315789473684
TCGA-55-8091:5:64881965:C	87	14	2	1	2	TCGA-55-8091	0.138613861386139
