mutation_id	ref_counts	var_counts	normal_cn	minor_cn	major_cn	variant_case	variant_freq
TCGA-B6-A0X5:5:77523987:G	33	37	2	1	1	TCGA-B6-A0X5	0.528571428571429
TCGA-B6-A0X5:1:153912954:C	17	15	2	1	1	TCGA-B6-A0X5	0.46875
TCGA-B6-A0X5:4:187539727:G	29	29	2	1	1	TCGA-B6-A0X5	0.5
TCGA-B6-A0X5:2:85769379:A	22	19	2	1	1	TCGA-B6-A0X5	0.463414634146341
TCGA-B6-A0X5:2:2001120:C	19	14	2	1	1	TCGA-B6-A0X5	0.424242424242424
TCGA-B6-A0X5:14:50267209:C	114	94	2	1	1	TCGA-B6-A0X5	0.451923076923077
TCGA-B6-A0X5:13:39616426:G	24	85	2	0	1	TCGA-B6-A0X5	0.779816513761468
TCGA-B6-A0X5:3:178952085:A	35	22	2	1	1	TCGA-B6-A0X5	0.385964912280702
TCGA-B6-A0X5:8:56985781:C	47	61	2	1	2	TCGA-B6-A0X5	0.564814814814815
TCGA-B6-A0X5:2:234959682:G	33	30	2	1	1	TCGA-B6-A0X5	0.476190476190476
TCGA-B6-A0X5:2:179427225:A	47	43	2	1	1	TCGA-B6-A0X5	0.477777777777778
TCGA-B6-A0X5:5:78415130:A	42	5	2	1	1	TCGA-B6-A0X5	0.106382978723404
TCGA-B6-A0X5:1:173780350:G	47	19	2	1	1	TCGA-B6-A0X5	0.287878787878788
TCGA-B6-A0X5:1:115168327:A	141	17	2	1	1	TCGA-B6-A0X5	0.107594936708861
TCGA-B6-A0X5:10:38645343:C	40	5	2	1	1	TCGA-B6-A0X5	0.111111111111111
TCGA-B6-A0X5:3:18390811:C	79	13	2	1	1	TCGA-B6-A0X5	0.141304347826087
TCGA-B6-A0X5:6:169053691:C	43	8	2	1	1	TCGA-B6-A0X5	0.156862745098039
