mutation_id	ref_counts	var_counts	normal_cn	minor_cn	major_cn	variant_case	variant_freq
TCGA-A8-A09C:11:47688436:T	29	8	2	1	2	TCGA-A8-A09C	0.216216216216216
TCGA-A8-A09C:2:144245061:A	295	96	2	1	2	TCGA-A8-A09C	0.245524296675192
TCGA-A8-A09C:1:227327350:T	142	76	2	1	5	TCGA-A8-A09C	0.348623853211009
TCGA-A8-A09C:11:9200591:A	35	189	2	0	2	TCGA-A8-A09C	0.84375
TCGA-A8-A09C:12:51138497:G	60	45	2	2	2	TCGA-A8-A09C	0.428571428571429
TCGA-A8-A09C:19:54742958:G	80	37	2	1	2	TCGA-A8-A09C	0.316239316239316
TCGA-A8-A09C:4:71347001:A	280	176	2	1	1	TCGA-A8-A09C	0.385964912280702
TCGA-A8-A09C:18:47363248:T	45	12	2	1	2	TCGA-A8-A09C	0.210526315789474
TCGA-A8-A09C:14:20665887:G	14	142	2	2	2	TCGA-A8-A09C	0.91025641025641
TCGA-A8-A09C:5:58511603:A	126	190	2	2	4	TCGA-A8-A09C	0.60126582278481
TCGA-A8-A09C:3:178952085:A	137	249	2	1	2	TCGA-A8-A09C	0.645077720207254
TCGA-A8-A09C:12:94641830:C	116	108	2	2	2	TCGA-A8-A09C	0.482142857142857
TCGA-A8-A09C:4:39308263:C	49	35	2	1	1	TCGA-A8-A09C	0.416666666666667
TCGA-A8-A09C:10:102250551:C	119	40	2	2	2	TCGA-A8-A09C	0.251572327044025
TCGA-A8-A09C:10:102258465:T	197	51	2	2	2	TCGA-A8-A09C	0.205645161290323
TCGA-A8-A09C:1:169578883:C	80	224	2	1	5	TCGA-A8-A09C	0.736842105263158
TCGA-A8-A09C:1:15541743:G	89	56	2	1	1	TCGA-A8-A09C	0.386206896551724
TCGA-A8-A09C:19:53612815:T	111	181	2	1	2	TCGA-A8-A09C	0.61986301369863
TCGA-A8-A09C:19:57802916:T	118	33	2	1	2	TCGA-A8-A09C	0.218543046357616
TCGA-A8-A09C:11:95826166:G	209	45	2	1	2	TCGA-A8-A09C	0.177165354330709
