mutation_id	ref_counts	var_counts	normal_cn	minor_cn	major_cn	variant_case	variant_freq
TCGA-BH-A0BS:2:113509932:T	422	242	2	1	1	TCGA-BH-A0BS	0.364457831325301
TCGA-BH-A0BS:15:40557142:C	27	24	2	1	1	TCGA-BH-A0BS	0.470588235294118
TCGA-BH-A0BS:19:12802058:C	51	41	2	1	1	TCGA-BH-A0BS	0.445652173913043
TCGA-BH-A0BS:12:111160057:A	161	80	2	1	1	TCGA-BH-A0BS	0.33195020746888
TCGA-BH-A0BS:17:40280336:G	77	50	2	1	1	TCGA-BH-A0BS	0.393700787401575
TCGA-BH-A0BS:13:26793710:T	302	191	2	1	1	TCGA-BH-A0BS	0.387423935091278
TCGA-BH-A0BS:6:107070840:A	102	66	2	1	1	TCGA-BH-A0BS	0.392857142857143
TCGA-BH-A0BS:14:95058404:A	56	26	2	1	1	TCGA-BH-A0BS	0.317073170731707
TCGA-BH-A0BS:6:10398931:A	75	39	2	1	1	TCGA-BH-A0BS	0.342105263157895
TCGA-BH-A0BS:6:32634373:C	49	10	2	1	1	TCGA-BH-A0BS	0.169491525423729
