mutation_id	ref_counts	var_counts	normal_cn	minor_cn	major_cn	variant_case	variant_freq
TCGA-A2-A0T7:10:99337563:C	24	7	2	1	1	TCGA-A2-A0T7	0.225806451612903
TCGA-A2-A0T7:15:35814394:G	48	16	2	0	1	TCGA-A2-A0T7	0.25
TCGA-A2-A0T7:3:48629346:A	56	16	2	1	1	TCGA-A2-A0T7	0.222222222222222
TCGA-A2-A0T7:1:89844123:C	105	38	2	1	1	TCGA-A2-A0T7	0.265734265734266
TCGA-A2-A0T7:15:22743097:G	46	15	2	0	1	TCGA-A2-A0T7	0.245901639344262
TCGA-A2-A0T7:15:101565085:G	26	8	2	0	1	TCGA-A2-A0T7	0.235294117647059
TCGA-A2-A0T7:3:178952074:G	41	12	2	1	1	TCGA-A2-A0T7	0.226415094339623
TCGA-A2-A0T7:3:47451454:C	26	8	2	1	1	TCGA-A2-A0T7	0.235294117647059
TCGA-A2-A0T7:19:57910903:G	48	16	2	0	1	TCGA-A2-A0T7	0.25
TCGA-A2-A0T7:2:3729305:T	73	14	2	0	1	TCGA-A2-A0T7	0.160919540229885
TCGA-A2-A0T7:1:240492411:G	141	25	2	1	1	TCGA-A2-A0T7	0.150602409638554
TCGA-A2-A0T7:1:220269535:C	134	26	2	1	1	TCGA-A2-A0T7	0.1625
TCGA-A2-A0T7:4:170506525:C	74	12	2	0	1	TCGA-A2-A0T7	0.13953488372093
TCGA-A2-A0T7:3:178936082:G	107	20	2	1	1	TCGA-A2-A0T7	0.15748031496063
TCGA-A2-A0T7:18:61071018:C	92	17	2	0	1	TCGA-A2-A0T7	0.155963302752294
