mutation_id	ref_counts	var_counts	normal_cn	minor_cn	major_cn	variant_case	variant_freq
TCGA-D8-A27T:16:68846166:G	14	16	2	0	1	TCGA-D8-A27T	0.533333333333333
TCGA-D8-A27T:14:53247396:C	93	33	2	1	1	TCGA-D8-A27T	0.261904761904762
TCGA-D8-A27T:1:236341813:G	104	37	2	1	2	TCGA-D8-A27T	0.26241134751773
TCGA-D8-A27T:3:178936091:G	71	24	2	1	1	TCGA-D8-A27T	0.252631578947368
TCGA-D8-A27T:11:67260513:G	29	9	2	1	1	TCGA-D8-A27T	0.236842105263158
TCGA-D8-A27T:15:40295488:G	59	7	2	1	1	TCGA-D8-A27T	0.106060606060606
TCGA-D8-A27T:13:67802512:C	47	6	2	1	1	TCGA-D8-A27T	0.113207547169811
TCGA-D8-A27T:2:166223736:G	54	22	2	0	1	TCGA-D8-A27T	0.289473684210526
TCGA-D8-A27T:21:19770556:G	41	20	2	0	1	TCGA-D8-A27T	0.327868852459016
