mutation_id	ref_counts	var_counts	normal_cn	minor_cn	major_cn	variant_case	variant_freq
TCGA-D6-6827:10:48429292:G	24	24	2	1	1	TCGA-D6-6827	0.5
TCGA-D6-6827:16:50815182:A	31	42	2	0	1	TCGA-D6-6827	0.575342465753425
TCGA-D6-6827:2:216262570:A	44	21	2	1	1	TCGA-D6-6827	0.323076923076923
TCGA-D6-6827:2:238275793:C	16	14	2	1	1	TCGA-D6-6827	0.466666666666667
TCGA-D6-6827:22:32554980:T	151	68	2	1	1	TCGA-D6-6827	0.310502283105023
TCGA-D6-6827:4:75681110:C	85	47	2	1	1	TCGA-D6-6827	0.356060606060606
TCGA-D6-6827:9:13219563:A	23	17	2	1	1	TCGA-D6-6827	0.425
TCGA-D6-6827:1:197036317:T	69	9	2	2	2	TCGA-D6-6827	0.115384615384615
TCGA-D6-6827:12:52387841:C	73	20	2	1	1	TCGA-D6-6827	0.21505376344086
TCGA-D6-6827:17:11774927:G	46	26	2	0	1	TCGA-D6-6827	0.361111111111111
TCGA-D6-6827:19:14507206:C	117	9	2	1	1	TCGA-D6-6827	0.0714285714285714
TCGA-D6-6827:6:136599279:A	102	20	2	1	1	TCGA-D6-6827	0.163934426229508
