mutation_id	ref_counts	var_counts	normal_cn	minor_cn	major_cn	variant_case	variant_freq
TCGA-BH-A0BA:7:48352730:G	33	15	2	2	2	TCGA-BH-A0BA	0.3125
TCGA-BH-A0BA:3:128631355:C	22	20	2	1	2	TCGA-BH-A0BA	0.476190476190476
TCGA-BH-A0BA:1:206224520:T	206	76	2	2	4	TCGA-BH-A0BA	0.269503546099291
TCGA-BH-A0BA:16:68844191:C	86	84	2	0	2	TCGA-BH-A0BA	0.494117647058824
TCGA-BH-A0BA:21:38884543:A	144	39	2	1	2	TCGA-BH-A0BA	0.213114754098361
TCGA-BH-A0BA:3:134920392:C	351	246	2	1	2	TCGA-BH-A0BA	0.412060301507538
TCGA-BH-A0BA:2:133175212:C	43	10	2	0	2	TCGA-BH-A0BA	0.188679245283019
TCGA-BH-A0BA:8:130777949:G	177	75	2	2	2	TCGA-BH-A0BA	0.297619047619048
TCGA-BH-A0BA:16:26147359:T	109	84	2	2	4	TCGA-BH-A0BA	0.435233160621762
TCGA-BH-A0BA:16:15692757:T	33	43	2	2	4	TCGA-BH-A0BA	0.565789473684211
TCGA-BH-A0BA:1:200969636:C	35	23	2	2	4	TCGA-BH-A0BA	0.396551724137931
TCGA-BH-A0BA:21:46000198:C	147	91	2	1	3	TCGA-BH-A0BA	0.382352941176471
TCGA-BH-A0BA:1:152659368:C	444	468	2	2	4	TCGA-BH-A0BA	0.513157894736842
TCGA-BH-A0BA:17:27238154:G	10	24	2	0	2	TCGA-BH-A0BA	0.705882352941177
TCGA-BH-A0BA:3:178952085:A	120	73	2	1	2	TCGA-BH-A0BA	0.378238341968912
TCGA-BH-A0BA:1:151377585:A	312	115	2	2	4	TCGA-BH-A0BA	0.269320843091335
TCGA-BH-A0BA:2:130831831:G	82	90	2	0	2	TCGA-BH-A0BA	0.523255813953488
TCGA-BH-A0BA:1:240975222:A	222	84	2	2	4	TCGA-BH-A0BA	0.274509803921569
TCGA-BH-A0BA:2:180047811:G	60	66	2	0	2	TCGA-BH-A0BA	0.523809523809524
TCGA-BH-A0BA:4:85708711:T	43	43	2	0	2	TCGA-BH-A0BA	0.5
TCGA-BH-A0BA:19:52570087:A	75	29	2	2	2	TCGA-BH-A0BA	0.278846153846154
TCGA-BH-A0BA:4:90816310:C	78	50	2	0	2	TCGA-BH-A0BA	0.390625
TCGA-BH-A0BA:6:116544201:G	70	54	2	0	2	TCGA-BH-A0BA	0.435483870967742
