mutation_id	ref_counts	var_counts	normal_cn	minor_cn	major_cn	variant_case	variant_freq
TCGA-CR-6470:1:39749133:G	48	16	2	1	1	TCGA-CR-6470	0.25
TCGA-CR-6470:1:47609516:G	87	31	2	1	1	TCGA-CR-6470	0.26271186440678
TCGA-CR-6470:1:75685020:C	33	6	2	1	1	TCGA-CR-6470	0.153846153846154
TCGA-CR-6470:1:109271297:C	59	14	2	1	1	TCGA-CR-6470	0.191780821917808
TCGA-CR-6470:1:210024731:G	38	11	2	1	1	TCGA-CR-6470	0.224489795918367
TCGA-CR-6470:1:236195924:C	40	9	2	1	1	TCGA-CR-6470	0.183673469387755
TCGA-CR-6470:10:29801693:G	67	20	2	1	1	TCGA-CR-6470	0.229885057471264
TCGA-CR-6470:11:48145371:C	63	24	2	1	1	TCGA-CR-6470	0.275862068965517
TCGA-CR-6470:12:1553834:G	95	29	2	1	1	TCGA-CR-6470	0.233870967741935
TCGA-CR-6470:14:66480285:C	35	27	2	0	1	TCGA-CR-6470	0.435483870967742
TCGA-CR-6470:14:92136312:C	42	21	2	0	1	TCGA-CR-6470	0.333333333333333
TCGA-CR-6470:17:34067531:G	43	21	2	1	1	TCGA-CR-6470	0.328125
TCGA-CR-6470:17:66898960:T	62	15	2	1	1	TCGA-CR-6470	0.194805194805195
TCGA-CR-6470:19:3964913:G	73	24	2	1	1	TCGA-CR-6470	0.247422680412371
TCGA-CR-6470:19:10249194:G	57	12	2	1	1	TCGA-CR-6470	0.173913043478261
TCGA-CR-6470:19:15298078:C	36	10	2	1	1	TCGA-CR-6470	0.217391304347826
TCGA-CR-6470:2:97019076:A	36	16	2	1	1	TCGA-CR-6470	0.307692307692308
TCGA-CR-6470:2:179598097:C	89	28	2	1	1	TCGA-CR-6470	0.239316239316239
TCGA-CR-6470:20:31890213:G	58	12	2	1	1	TCGA-CR-6470	0.171428571428571
TCGA-CR-6470:22:40283603:G	92	28	2	1	1	TCGA-CR-6470	0.233333333333333
TCGA-CR-6470:22:41565529:G	77	21	2	1	1	TCGA-CR-6470	0.214285714285714
TCGA-CR-6470:4:70615521:T	72	17	2	1	1	TCGA-CR-6470	0.191011235955056
TCGA-CR-6470:6:26189157:G	60	23	2	1	1	TCGA-CR-6470	0.27710843373494
TCGA-CR-6470:7:2565945:G	65	20	2	1	1	TCGA-CR-6470	0.235294117647059
TCGA-CR-6470:7:45743232:G	66	17	2	1	1	TCGA-CR-6470	0.204819277108434
TCGA-CR-6470:7:104752281:C	40	13	2	1	1	TCGA-CR-6470	0.245283018867925
TCGA-CR-6470:1:16918653:C	70	6	2	0	1	TCGA-CR-6470	0.0789473684210526
TCGA-CR-6470:1:94140372:G	49	9	2	1	1	TCGA-CR-6470	0.155172413793103
TCGA-CR-6470:1:236766584:G	64	11	2	1	1	TCGA-CR-6470	0.146666666666667
TCGA-CR-6470:16:50818266:A	56	18	2	0	1	TCGA-CR-6470	0.243243243243243
TCGA-CR-6470:16:58287951:T	75	6	2	1	1	TCGA-CR-6470	0.0740740740740741
TCGA-CR-6470:18:60241452:A	178	46	2	1	1	TCGA-CR-6470	0.205357142857143
TCGA-CR-6470:3:172501696:C	156	12	2	1	4	TCGA-CR-6470	0.0714285714285714
