mutation_id	ref_counts	var_counts	normal_cn	minor_cn	major_cn	variant_case	variant_freq
TCGA-BH-A0DD:5:158523388:G	132	47	2	1	2	TCGA-BH-A0DD	0.262569832402235
TCGA-BH-A0DD:7:102390050:G	25	8	2	2	2	TCGA-BH-A0DD	0.242424242424242
TCGA-BH-A0DD:19:50017150:T	212	51	2	2	2	TCGA-BH-A0DD	0.193916349809886
TCGA-BH-A0DD:4:144545442:C	177	69	2	1	2	TCGA-BH-A0DD	0.280487804878049
TCGA-BH-A0DD:9:133945108:C	22	8	2	1	2	TCGA-BH-A0DD	0.266666666666667
TCGA-BH-A0DD:20:35177631:C	99	23	2	2	2	TCGA-BH-A0DD	0.188524590163934
TCGA-BH-A0DD:5:140782907:G	27	11	2	1	2	TCGA-BH-A0DD	0.289473684210526
TCGA-BH-A0DD:19:14581448:G	48	13	2	2	2	TCGA-BH-A0DD	0.213114754098361
TCGA-BH-A0DD:12:71286478:G	370	134	2	2	2	TCGA-BH-A0DD	0.265873015873016
TCGA-BH-A0DD:9:19380191:C	150	67	2	1	2	TCGA-BH-A0DD	0.308755760368664
TCGA-BH-A0DD:5:71739899:T	60	28	2	1	2	TCGA-BH-A0DD	0.318181818181818
TCGA-BH-A0DD:17:72352897:C	105	29	2	1	2	TCGA-BH-A0DD	0.216417910447761
TCGA-BH-A0DD:12:2602428:C	94	24	2	1	2	TCGA-BH-A0DD	0.203389830508475
TCGA-BH-A0DD:1:22167762:G	30	6	2	1	1	TCGA-BH-A0DD	0.166666666666667
TCGA-BH-A0DD:2:209106864:T	100	27	2	1	2	TCGA-BH-A0DD	0.21259842519685
TCGA-BH-A0DD:11:319874:G	191	42	2	1	2	TCGA-BH-A0DD	0.180257510729614
TCGA-BH-A0DD:19:16965008:G	92	17	2	2	2	TCGA-BH-A0DD	0.155963302752294
