mutation_id	ref_counts	var_counts	normal_cn	minor_cn	major_cn	variant_case	variant_freq
TCGA-B6-A0IA:2:64779110:T	53	39	2	1	1	TCGA-B6-A0IA	0.423913043478261
TCGA-B6-A0IA:1:169076073:C	25	5	2	2	2	TCGA-B6-A0IA	0.166666666666667
TCGA-B6-A0IA:20:18794881:T	52	41	2	1	1	TCGA-B6-A0IA	0.440860215053763
TCGA-B6-A0IA:12:2676748:G	29	18	2	1	1	TCGA-B6-A0IA	0.382978723404255
TCGA-B6-A0IA:8:87623885:C	200	49	2	1	3	TCGA-B6-A0IA	0.196787148594378
TCGA-B6-A0IA:9:34401098:A	62	37	2	1	1	TCGA-B6-A0IA	0.373737373737374
TCGA-B6-A0IA:7:103969504:A	34	29	2	1	1	TCGA-B6-A0IA	0.46031746031746
TCGA-B6-A0IA:8:105509765:C	70	18	2	1	3	TCGA-B6-A0IA	0.204545454545455
TCGA-B6-A0IA:5:140590839:C	40	18	2	1	1	TCGA-B6-A0IA	0.310344827586207
TCGA-B6-A0IA:5:140481610:C	29	21	2	1	1	TCGA-B6-A0IA	0.42
TCGA-B6-A0IA:3:138762902:G	142	76	2	1	2	TCGA-B6-A0IA	0.348623853211009
TCGA-B6-A0IA:6:100895183:G	18	54	2	0	1	TCGA-B6-A0IA	0.75
TCGA-B6-A0IA:12:108603963:C	24	27	2	1	1	TCGA-B6-A0IA	0.529411764705882
TCGA-B6-A0IA:15:66821838:T	74	63	2	1	1	TCGA-B6-A0IA	0.45985401459854
TCGA-B6-A0IA:1:109444429:C	143	36	2	1	1	TCGA-B6-A0IA	0.201117318435754
TCGA-B6-A0IA:11:18456442:G	356	45	2	1	1	TCGA-B6-A0IA	0.112219451371571
TCGA-B6-A0IA:3:195512287:G	29	5	2	1	2	TCGA-B6-A0IA	0.147058823529412
TCGA-B6-A0IA:4:178274553:C	140	35	2	1	1	TCGA-B6-A0IA	0.2
