mutation_id	ref_counts	var_counts	normal_cn	minor_cn	major_cn	variant_case	variant_freq
TCGA-E2-A1BD:2:29455275:C	17	37	2	1	2	TCGA-E2-A1BD	0.685185185185185
TCGA-E2-A1BD:19:13414649:G	56	45	2	2	2	TCGA-E2-A1BD	0.445544554455446
TCGA-E2-A1BD:22:17071880:C	49	23	2	1	1	TCGA-E2-A1BD	0.319444444444444
TCGA-E2-A1BD:2:84846872:C	61	73	2	1	2	TCGA-E2-A1BD	0.544776119402985
TCGA-E2-A1BD:4:906526:G	84	34	2	1	2	TCGA-E2-A1BD	0.288135593220339
TCGA-E2-A1BD:7:79818279:C	225	229	2	2	2	TCGA-E2-A1BD	0.504405286343612
TCGA-E2-A1BD:16:20327362:A	78	82	2	2	5	TCGA-E2-A1BD	0.5125
TCGA-E2-A1BD:12:5021915:C	64	12	2	1	2	TCGA-E2-A1BD	0.157894736842105
TCGA-E2-A1BD:5:71479590:C	147	34	2	2	2	TCGA-E2-A1BD	0.187845303867403
TCGA-E2-A1BD:8:17838141:A	114	18	2	2	2	TCGA-E2-A1BD	0.136363636363636
TCGA-E2-A1BD:3:178952085:A	42	60	2	1	3	TCGA-E2-A1BD	0.588235294117647
TCGA-E2-A1BD:20:8721040:G	61	56	2	2	2	TCGA-E2-A1BD	0.478632478632479
TCGA-E2-A1BD:12:18234200:C	124	28	2	1	2	TCGA-E2-A1BD	0.184210526315789
TCGA-E2-A1BD:12:130935809:C	21	10	2	1	2	TCGA-E2-A1BD	0.32258064516129
TCGA-E2-A1BD:1:182554944:G	63	11	2	1	7	TCGA-E2-A1BD	0.148648648648649
TCGA-E2-A1BD:12:56601499:C	133	95	2	1	2	TCGA-E2-A1BD	0.416666666666667
TCGA-E2-A1BD:1:8385359:A	179	50	2	1	2	TCGA-E2-A1BD	0.218340611353712
TCGA-E2-A1BD:12:109948241:C	15	15	2	1	2	TCGA-E2-A1BD	0.5
TCGA-E2-A1BD:8:146107918:G	125	37	2	2	2	TCGA-E2-A1BD	0.228395061728395
