mutation_id	ref_counts	var_counts	normal_cn	minor_cn	major_cn	variant_case	variant_freq
TCGA-BH-A0EA:16:67100613:A	206	95	2	0	1	TCGA-BH-A0EA	0.315614617940199
TCGA-BH-A0EA:12:8290866:A	186	77	2	1	1	TCGA-BH-A0EA	0.29277566539924
TCGA-BH-A0EA:12:7890152:G	54	16	2	1	1	TCGA-BH-A0EA	0.228571428571429
TCGA-BH-A0EA:7:6085747:T	154	58	2	1	1	TCGA-BH-A0EA	0.273584905660377
TCGA-BH-A0EA:5:31799548:G	100	25	2	1	1	TCGA-BH-A0EA	0.2
TCGA-BH-A0EA:3:178952085:A	87	36	2	1	1	TCGA-BH-A0EA	0.292682926829268
TCGA-BH-A0EA:8:48839867:C	138	35	2	1	1	TCGA-BH-A0EA	0.202312138728324
TCGA-BH-A0EA:1:29630376:G	45	19	2	1	1	TCGA-BH-A0EA	0.296875
TCGA-BH-A0EA:16:28935782:C	27	8	2	1	2	TCGA-BH-A0EA	0.228571428571429
TCGA-BH-A0EA:18:67727270:C	180	62	2	1	1	TCGA-BH-A0EA	0.256198347107438
TCGA-BH-A0EA:17:71394498:G	58	29	2	1	1	TCGA-BH-A0EA	0.333333333333333
TCGA-BH-A0EA:14:92278710:A	178	44	2	1	1	TCGA-BH-A0EA	0.198198198198198
TCGA-BH-A0EA:5:134210139:C	64	14	2	1	1	TCGA-BH-A0EA	0.179487179487179
TCGA-BH-A0EA:8:121238949:G	135	29	2	1	1	TCGA-BH-A0EA	0.176829268292683
TCGA-BH-A0EA:2:120725478:A	118	23	2	1	1	TCGA-BH-A0EA	0.163120567375887
TCGA-BH-A0EA:19:31767562:C	273	69	2	1	1	TCGA-BH-A0EA	0.201754385964912
TCGA-BH-A0EA:6:43538686:G	126	23	2	1	1	TCGA-BH-A0EA	0.154362416107383
