mutation_id	ref_counts	var_counts	normal_cn	minor_cn	major_cn	variant_case	variant_freq
TCGA-E9-A1R0:11:36300038:G	75	34	2	1	1	TCGA-E9-A1R0	0.311926605504587
TCGA-E9-A1R0:16:67645418:T	32	21	2	0	1	TCGA-E9-A1R0	0.39622641509434
TCGA-E9-A1R0:2:80874927:G	33	16	2	1	1	TCGA-E9-A1R0	0.326530612244898
TCGA-E9-A1R0:6:117861948:G	22	14	2	0	1	TCGA-E9-A1R0	0.388888888888889
TCGA-E9-A1R0:3:57357142:G	81	26	2	1	1	TCGA-E9-A1R0	0.242990654205607
TCGA-E9-A1R0:5:137803326:C	24	9	2	1	1	TCGA-E9-A1R0	0.272727272727273
TCGA-E9-A1R0:14:86088051:G	40	17	2	1	1	TCGA-E9-A1R0	0.298245614035088
TCGA-E9-A1R0:1:42049238:C	27	19	2	1	1	TCGA-E9-A1R0	0.41304347826087
TCGA-E9-A1R0:12:48538878:G	73	25	2	1	1	TCGA-E9-A1R0	0.255102040816327
TCGA-E9-A1R0:3:178936091:G	73	24	2	1	1	TCGA-E9-A1R0	0.247422680412371
TCGA-E9-A1R0:1:76877751:G	52	17	2	1	1	TCGA-E9-A1R0	0.246376811594203
TCGA-E9-A1R0:2:179615666:C	72	23	2	1	1	TCGA-E9-A1R0	0.242105263157895
TCGA-E9-A1R0:19:16040359:T	50	6	2	1	1	TCGA-E9-A1R0	0.107142857142857
TCGA-E9-A1R0:13:103343304:C	91	16	2	1	1	TCGA-E9-A1R0	0.149532710280374
TCGA-E9-A1R0:18:21894248:G	50	7	2	1	1	TCGA-E9-A1R0	0.12280701754386
TCGA-E9-A1R0:12:9346694:C	98	17	2	1	1	TCGA-E9-A1R0	0.147826086956522
TCGA-E9-A1R0:8:53074080:G	157	26	2	1	1	TCGA-E9-A1R0	0.14207650273224
