mutation_id	ref_counts	var_counts	normal_cn	minor_cn	major_cn	variant_case	variant_freq
TCGA-AR-A24V:2:202446931:G	37	7	2	1	2	TCGA-AR-A24V	0.159090909090909
TCGA-AR-A24V:7:38471799:T	61	22	2	2	2	TCGA-AR-A24V	0.265060240963855
TCGA-AR-A24V:16:81314502:C	16	23	2	0	2	TCGA-AR-A24V	0.58974358974359
TCGA-AR-A24V:13:103388683:G	27	38	2	0	2	TCGA-AR-A24V	0.584615384615385
TCGA-AR-A24V:15:101019663:T	23	23	2	1	2	TCGA-AR-A24V	0.5
TCGA-AR-A24V:8:65528612:T	52	7	2	1	6	TCGA-AR-A24V	0.11864406779661
TCGA-AR-A24V:10:74987940:C	53	6	2	2	2	TCGA-AR-A24V	0.101694915254237
TCGA-AR-A24V:4:48591834:T	29	22	2	1	1	TCGA-AR-A24V	0.431372549019608
TCGA-AR-A24V:16:27492404:C	33	18	2	2	2	TCGA-AR-A24V	0.352941176470588
TCGA-AR-A24V:5:74014695:C	101	20	2	3	3	TCGA-AR-A24V	0.165289256198347
TCGA-AR-A24V:7:141794262:C	28	25	2	1	2	TCGA-AR-A24V	0.471698113207547
TCGA-AR-A24V:2:152139454:A	33	28	2	1	2	TCGA-AR-A24V	0.459016393442623
TCGA-AR-A24V:11:51412226:A	34	20	2	2	2	TCGA-AR-A24V	0.37037037037037
TCGA-AR-A24V:22:46657914:G	28	9	2	2	2	TCGA-AR-A24V	0.243243243243243
TCGA-AR-A24V:17:62019253:G	68	13	2	2	3	TCGA-AR-A24V	0.160493827160494
TCGA-AR-A24V:12:20852607:G	69	10	2	2	7	TCGA-AR-A24V	0.126582278481013
TCGA-AR-A24V:8:51503450:C	57	14	2	1	6	TCGA-AR-A24V	0.197183098591549
TCGA-AR-A24V:3:9068659:C	24	8	2	2	2	TCGA-AR-A24V	0.25
TCGA-AR-A24V:1:246714526:C	34	19	2	2	2	TCGA-AR-A24V	0.358490566037736
