mutation_id	ref_counts	var_counts	normal_cn	minor_cn	major_cn	variant_case	variant_freq
TCGA-BH-A0H3:6:36181879:A	59	24	2	1	1	TCGA-BH-A0H3	0.289156626506024
TCGA-BH-A0H3:8:28385071:A	149	43	2	1	1	TCGA-BH-A0H3	0.223958333333333
TCGA-BH-A0H3:17:16012217:T	129	142	2	0	2	TCGA-BH-A0H3	0.523985239852399
TCGA-BH-A0H3:2:233759485:C	19	15	2	1	1	TCGA-BH-A0H3	0.441176470588235
TCGA-BH-A0H3:11:47804690:C	348	101	2	1	1	TCGA-BH-A0H3	0.224944320712695
TCGA-BH-A0H3:4:135121899:C	130	59	2	1	1	TCGA-BH-A0H3	0.312169312169312
TCGA-BH-A0H3:14:104206651:G	46	14	2	1	1	TCGA-BH-A0H3	0.233333333333333
TCGA-BH-A0H3:2:231265764:C	35	11	2	1	1	TCGA-BH-A0H3	0.239130434782609
TCGA-BH-A0H3:8:30705430:C	254	104	2	1	1	TCGA-BH-A0H3	0.290502793296089
TCGA-BH-A0H3:22:38890089:G	198	49	2	1	1	TCGA-BH-A0H3	0.198380566801619
TCGA-BH-A0H3:16:84203706:G	48	14	2	0	1	TCGA-BH-A0H3	0.225806451612903
TCGA-BH-A0H3:2:178936669:G	73	15	2	1	1	TCGA-BH-A0H3	0.170454545454545
TCGA-BH-A0H3:3:178921553:T	125	23	2	1	1	TCGA-BH-A0H3	0.155405405405405
