mutation_id	ref_counts	var_counts	normal_cn	minor_cn	major_cn	variant_case	variant_freq
TCGA-A2-A1G4:3:185783693:A	47	22	2	1	1	TCGA-A2-A1G4	0.318840579710145
TCGA-A2-A1G4:15:31206233:T	124	63	2	1	2	TCGA-A2-A1G4	0.336898395721925
TCGA-A2-A1G4:9:70918829:A	23	10	2	1	1	TCGA-A2-A1G4	0.303030303030303
TCGA-A2-A1G4:11:62487502:C	129	397	2	1	4	TCGA-A2-A1G4	0.754752851711027
TCGA-A2-A1G4:6:82924534:A	34	22	2	1	1	TCGA-A2-A1G4	0.392857142857143
TCGA-A2-A1G4:2:182339788:A	76	39	2	1	1	TCGA-A2-A1G4	0.339130434782609
TCGA-A2-A1G4:11:66995613:C	134	266	2	1	2	TCGA-A2-A1G4	0.665
TCGA-A2-A1G4:12:57589072:C	37	28	2	1	1	TCGA-A2-A1G4	0.430769230769231
TCGA-A2-A1G4:17:12016616:G	18	30	2	0	1	TCGA-A2-A1G4	0.625
TCGA-A2-A1G4:6:119245057:G	73	43	2	1	1	TCGA-A2-A1G4	0.370689655172414
TCGA-A2-A1G4:6:76538265:A	114	59	2	1	1	TCGA-A2-A1G4	0.341040462427746
TCGA-A2-A1G4:10:95085598:C	61	56	2	1	1	TCGA-A2-A1G4	0.478632478632479
TCGA-A2-A1G4:11:4389301:G	82	53	2	1	1	TCGA-A2-A1G4	0.392592592592593
TCGA-A2-A1G4:7:72413443:G	42	16	2	1	2	TCGA-A2-A1G4	0.275862068965517
TCGA-A2-A1G4:4:23816043:A	80	53	2	1	1	TCGA-A2-A1G4	0.398496240601504
TCGA-A2-A1G4:11:64087239:G	46	118	2	1	4	TCGA-A2-A1G4	0.719512195121951
TCGA-A2-A1G4:10:43613868:G	32	20	2	1	1	TCGA-A2-A1G4	0.384615384615385
TCGA-A2-A1G4:9:137309085:C	36	27	2	1	1	TCGA-A2-A1G4	0.428571428571429
TCGA-A2-A1G4:14:94964133:A	60	36	2	1	1	TCGA-A2-A1G4	0.375
TCGA-A2-A1G4:6:110763635:C	55	40	2	1	1	TCGA-A2-A1G4	0.421052631578947
TCGA-A2-A1G4:2:103095467:C	44	21	2	1	1	TCGA-A2-A1G4	0.323076923076923
TCGA-A2-A1G4:1:16730302:G	58	25	2	1	1	TCGA-A2-A1G4	0.301204819277108
TCGA-A2-A1G4:15:50769138:T	95	36	2	1	2	TCGA-A2-A1G4	0.274809160305344
TCGA-A2-A1G4:1:43166508:A	39	26	2	1	1	TCGA-A2-A1G4	0.4
TCGA-A2-A1G4:14:24775714:G	121	27	2	1	1	TCGA-A2-A1G4	0.182432432432432
TCGA-A2-A1G4:14:24775715:T	120	24	2	1	1	TCGA-A2-A1G4	0.166666666666667
TCGA-A2-A1G4:11:113140924:A	43	16	2	0	1	TCGA-A2-A1G4	0.271186440677966
TCGA-A2-A1G4:9:136083528:T	32	5	2	1	1	TCGA-A2-A1G4	0.135135135135135
