mutation_id	ref_counts	var_counts	normal_cn	minor_cn	major_cn	variant_case	variant_freq
TCGA-E2-A1L9:13:108882272:C	76	22	2	1	1	TCGA-E2-A1L9	0.224489795918367
TCGA-E2-A1L9:16:67070543:C	42	70	2	0	2	TCGA-E2-A1L9	0.625
TCGA-E2-A1L9:1:158261046:T	84	26	2	1	3	TCGA-E2-A1L9	0.236363636363636
TCGA-E2-A1L9:4:88534248:T	33	12	2	1	1	TCGA-E2-A1L9	0.266666666666667
TCGA-E2-A1L9:12:77439990:C	63	51	2	1	1	TCGA-E2-A1L9	0.447368421052632
TCGA-E2-A1L9:7:126173165:G	93	47	2	1	1	TCGA-E2-A1L9	0.335714285714286
TCGA-E2-A1L9:3:52469820:G	33	13	2	1	1	TCGA-E2-A1L9	0.282608695652174
TCGA-E2-A1L9:19:15079170:G	59	23	2	1	1	TCGA-E2-A1L9	0.280487804878049
TCGA-E2-A1L9:7:95761189:G	30	7	2	1	1	TCGA-E2-A1L9	0.189189189189189
TCGA-E2-A1L9:2:190428522:G	48	18	2	1	1	TCGA-E2-A1L9	0.272727272727273
TCGA-E2-A1L9:6:86332254:T	145	52	2	1	1	TCGA-E2-A1L9	0.263959390862944
TCGA-E2-A1L9:11:7439351:C	66	26	2	1	1	TCGA-E2-A1L9	0.282608695652174
TCGA-E2-A1L9:19:7691056:C	33	9	2	1	1	TCGA-E2-A1L9	0.214285714285714
TCGA-E2-A1L9:2:25982469:G	137	23	2	1	1	TCGA-E2-A1L9	0.14375
TCGA-E2-A1L9:17:41244468:C	70	19	2	1	1	TCGA-E2-A1L9	0.213483146067416
TCGA-E2-A1L9:14:60011911:G	101	18	2	1	1	TCGA-E2-A1L9	0.151260504201681
TCGA-E2-A1L9:9:21166507:C	108	20	2	1	2	TCGA-E2-A1L9	0.15625
TCGA-E2-A1L9:7:152012230:G	134	26	2	1	1	TCGA-E2-A1L9	0.1625
