mutation_id	ref_counts	var_counts	normal_cn	minor_cn	major_cn	variant_case	variant_freq
TCGA-E2-A1IG:17:67212357:C	38	8	2	1	3	TCGA-E2-A1IG	0.173913043478261
TCGA-E2-A1IG:1:27106363:T	30	33	2	1	1	TCGA-E2-A1IG	0.523809523809524
TCGA-E2-A1IG:6:90660252:A	22	15	2	1	1	TCGA-E2-A1IG	0.405405405405405
TCGA-E2-A1IG:1:89434456:T	25	12	2	1	1	TCGA-E2-A1IG	0.324324324324324
TCGA-E2-A1IG:5:64824380:T	31	15	2	1	1	TCGA-E2-A1IG	0.326086956521739
TCGA-E2-A1IG:10:70182350:A	45	26	2	1	1	TCGA-E2-A1IG	0.366197183098592
TCGA-E2-A1IG:18:46808427:C	42	28	2	1	1	TCGA-E2-A1IG	0.4
TCGA-E2-A1IG:2:55144045:C	33	16	2	1	1	TCGA-E2-A1IG	0.326530612244898
TCGA-E2-A1IG:6:116381284:C	25	18	2	1	1	TCGA-E2-A1IG	0.418604651162791
TCGA-E2-A1IG:6:46975029:T	23	11	2	1	1	TCGA-E2-A1IG	0.323529411764706
TCGA-E2-A1IG:6:47646834:C	45	24	2	1	1	TCGA-E2-A1IG	0.347826086956522
TCGA-E2-A1IG:9:104433299:G	39	16	2	1	1	TCGA-E2-A1IG	0.290909090909091
TCGA-E2-A1IG:4:89363548:A	29	21	2	1	1	TCGA-E2-A1IG	0.42
TCGA-E2-A1IG:6:12131113:G	74	19	2	1	2	TCGA-E2-A1IG	0.204301075268817
TCGA-E2-A1IG:8:42798513:C	92	24	2	1	3	TCGA-E2-A1IG	0.206896551724138
TCGA-E2-A1IG:3:4730264:C	37	29	2	1	1	TCGA-E2-A1IG	0.439393939393939
TCGA-E2-A1IG:10:68686978:G	24	8	2	1	1	TCGA-E2-A1IG	0.25
TCGA-E2-A1IG:17:26116644:C	52	40	2	1	3	TCGA-E2-A1IG	0.434782608695652
TCGA-E2-A1IG:1:228480325:T	53	12	2	1	2	TCGA-E2-A1IG	0.184615384615385
TCGA-E2-A1IG:2:197707454:A	18	21	2	1	1	TCGA-E2-A1IG	0.538461538461538
TCGA-E2-A1IG:2:230910775:G	22	13	2	1	1	TCGA-E2-A1IG	0.371428571428571
TCGA-E2-A1IG:6:152861113:G	76	46	2	1	1	TCGA-E2-A1IG	0.377049180327869
TCGA-E2-A1IG:19:45024705:G	36	11	2	1	1	TCGA-E2-A1IG	0.234042553191489
TCGA-E2-A1IG:8:68965476:G	40	10	2	1	1	TCGA-E2-A1IG	0.2
