mutation_id	ref_counts	var_counts	normal_cn	minor_cn	major_cn	variant_case	variant_freq
TCGA-BH-A208:2:73717959:C	27	9	2	1	2	TCGA-BH-A208	0.25
TCGA-BH-A208:12:10137481:C	33	9	2	1	2	TCGA-BH-A208	0.214285714285714
TCGA-BH-A208:1:207648485:C	53	15	2	1	2	TCGA-BH-A208	0.220588235294118
TCGA-BH-A208:1:34002643:C	31	11	2	1	2	TCGA-BH-A208	0.261904761904762
TCGA-BH-A208:1:206331149:G	31	8	2	1	2	TCGA-BH-A208	0.205128205128205
TCGA-BH-A208:10:98087355:G	36	6	2	0	2	TCGA-BH-A208	0.142857142857143
TCGA-BH-A208:4:111474542:C	50	26	2	0	2	TCGA-BH-A208	0.342105263157895
TCGA-BH-A208:11:89420578:C	35	21	2	2	4	TCGA-BH-A208	0.375
TCGA-BH-A208:17:61957656:G	50	9	2	0	2	TCGA-BH-A208	0.152542372881356
TCGA-BH-A208:7:48018139:C	51	16	2	1	2	TCGA-BH-A208	0.238805970149254
TCGA-BH-A208:11:126391325:C	28	9	2	2	4	TCGA-BH-A208	0.243243243243243
TCGA-BH-A208:2:141819658:G	67	12	2	1	2	TCGA-BH-A208	0.151898734177215
TCGA-BH-A208:7:141754683:C	29	7	2	1	2	TCGA-BH-A208	0.194444444444444
TCGA-BH-A208:13:109753162:G	28	7	2	2	2	TCGA-BH-A208	0.2
TCGA-BH-A208:12:29649525:A	31	14	2	1	2	TCGA-BH-A208	0.311111111111111
TCGA-BH-A208:20:17446160:G	17	13	2	1	2	TCGA-BH-A208	0.433333333333333
TCGA-BH-A208:13:33281097:C	24	6	2	2	2	TCGA-BH-A208	0.2
TCGA-BH-A208:3:178952085:A	24	22	2	0	6	TCGA-BH-A208	0.478260869565217
TCGA-BH-A208:8:37633453:G	46	26	2	1	4	TCGA-BH-A208	0.361111111111111
TCGA-BH-A208:17:30781593:C	20	23	2	0	2	TCGA-BH-A208	0.534883720930233
TCGA-BH-A208:1:8421432:G	59	25	2	1	2	TCGA-BH-A208	0.297619047619048
TCGA-BH-A208:8:67740896:C	96	20	2	1	2	TCGA-BH-A208	0.172413793103448
TCGA-BH-A208:1:201859608:C	48	9	2	1	2	TCGA-BH-A208	0.157894736842105
TCGA-BH-A208:19:51958011:C	53	12	2	2	2	TCGA-BH-A208	0.184615384615385
TCGA-BH-A208:12:58018733:G	44	22	2	0	2	TCGA-BH-A208	0.333333333333333
TCGA-BH-A208:15:51024862:C	27	8	2	1	1	TCGA-BH-A208	0.228571428571429
TCGA-BH-A208:8:70550877:C	66	15	2	1	2	TCGA-BH-A208	0.185185185185185
TCGA-BH-A208:6:152558036:C	25	5	2	1	3	TCGA-BH-A208	0.166666666666667
TCGA-BH-A208:17:7578290:C	33	9	2	0	2	TCGA-BH-A208	0.214285714285714
TCGA-BH-A208:1:67371056:T	47	13	2	1	2	TCGA-BH-A208	0.216666666666667
TCGA-BH-A208:19:11728555:C	31	6	2	2	3	TCGA-BH-A208	0.162162162162162
