mutation_id	ref_counts	var_counts	normal_cn	minor_cn	major_cn	variant_case	variant_freq
TCGA-AR-A24P:1:159857798:C	50	10	2	1	3	TCGA-AR-A24P	0.166666666666667
TCGA-AR-A24P:5:94772583:G	27	7	2	1	1	TCGA-AR-A24P	0.205882352941176
TCGA-AR-A24P:2:197662520:C	37	32	2	1	1	TCGA-AR-A24P	0.463768115942029
TCGA-AR-A24P:1:185276771:A	24	23	2	1	3	TCGA-AR-A24P	0.48936170212766
TCGA-AR-A24P:1:12939485:C	41	18	2	1	1	TCGA-AR-A24P	0.305084745762712
TCGA-AR-A24P:1:12387893:G	44	20	2	1	1	TCGA-AR-A24P	0.3125
TCGA-AR-A24P:14:89039040:G	33	9	2	1	1	TCGA-AR-A24P	0.214285714285714
TCGA-AR-A24P:10:114192251:C	27	19	2	1	1	TCGA-AR-A24P	0.41304347826087
